Lot Frontage,Lot Area,Neighborhood,House Style,Overall Qual,Year Built,Exterior 1st,Mas Vnr Area,Exter Qual,Foundation,Bsmt Qual,Bsmt Cond,Bsmt Exposure,BsmtFin Type 1,Total Bsmt SF,Heating QC,Central Air,Electrical,1st Flr SF,2nd Flr SF,Bedroom AbvGr,Kitchen Qual,Fireplaces,Garage Type,Garage Finish,Garage Area,Paved Drive,Total Outdoor SF (Porch),Total Bath,SalePrice
141.0,31770,NAmes,1Story,6,1960,BrkFace,112.0,TA,CBlock,TA,Gd,Gd,BLQ,1080.0,Fa,Y,SBrkr,1656,0,3,TA,2,Attchd,Fin,528.0,P,272,2.0,215000
80.0,11622,NAmes,1Story,5,1961,VinylSd,0.0,TA,CBlock,TA,TA,No,Rec,882.0,TA,Y,SBrkr,896,0,2,TA,0,Attchd,Unf,730.0,Y,260,1.0,105000
81.0,14267,NAmes,1Story,6,1958,Wd Sdng,108.0,TA,CBlock,TA,TA,No,ALQ,1329.0,TA,Y,SBrkr,1329,0,3,Gd,0,Attchd,Unf,312.0,Y,429,1.5,172000
93.0,11160,NAmes,1Story,7,1968,BrkFace,0.0,Gd,CBlock,TA,TA,No,ALQ,2110.0,Ex,Y,SBrkr,2110,0,3,Ex,2,Attchd,Fin,522.0,Y,0,3.5,244000
74.0,13830,Gilbert,2Story,5,1997,VinylSd,0.0,TA,PConc,Gd,TA,No,GLQ,928.0,Gd,Y,SBrkr,928,701,3,TA,1,Attchd,Fin,482.0,Y,246,2.5,189900
78.0,9978,Gilbert,2Story,6,1998,VinylSd,20.0,TA,PConc,TA,TA,No,GLQ,926.0,Ex,Y,SBrkr,926,678,3,Gd,1,Attchd,Fin,470.0,Y,396,2.5,195500
41.0,4920,StoneBr,1Story,8,2001,CemntBd,0.0,Gd,PConc,Gd,TA,Mn,GLQ,1338.0,Ex,Y,SBrkr,1338,0,2,Gd,0,Attchd,Fin,582.0,Y,170,3.0,213500
43.0,5005,StoneBr,1Story,8,1992,HdBoard,0.0,Gd,PConc,Gd,TA,No,ALQ,1280.0,Ex,Y,SBrkr,1280,0,2,Gd,0,Attchd,RFn,506.0,Y,226,2.0,191500
39.0,5389,StoneBr,1Story,8,1995,CemntBd,0.0,Gd,PConc,Gd,TA,No,GLQ,1595.0,Ex,Y,SBrkr,1616,0,2,Gd,1,Attchd,RFn,608.0,Y,389,3.0,236500
60.0,7500,Gilbert,2Story,7,1999,VinylSd,0.0,TA,PConc,TA,TA,No,Unf,994.0,Gd,Y,SBrkr,1028,776,3,Gd,1,Attchd,Fin,442.0,Y,200,2.5,189000
75.0,10000,Gilbert,2Story,6,1993,HdBoard,0.0,TA,PConc,Gd,TA,No,Unf,763.0,Gd,Y,SBrkr,763,892,3,TA,1,Attchd,Fin,440.0,Y,241,2.5,175900
64.0,7980,Gilbert,1Story,6,1992,HdBoard,0.0,TA,PConc,Gd,TA,No,ALQ,1168.0,Ex,Y,SBrkr,1187,0,3,TA,0,Attchd,Fin,420.0,Y,504,3.0,185000
63.0,8402,Gilbert,2Story,6,1998,VinylSd,0.0,TA,PConc,Gd,TA,No,Unf,789.0,Gd,Y,SBrkr,789,676,3,TA,1,Attchd,Fin,393.0,Y,75,2.5,180400
85.0,10176,Gilbert,1Story,7,1990,HdBoard,0.0,TA,PConc,Gd,TA,Gd,GLQ,1300.0,Gd,Y,SBrkr,1341,0,2,Gd,1,Attchd,Unf,506.0,Y,192,2.5,171500
60.0,6820,StoneBr,1Story,8,1985,HdBoard,0.0,Gd,PConc,Gd,TA,Av,GLQ,1488.0,TA,Y,SBrkr,1502,0,1,Gd,0,Attchd,RFn,528.0,Y,194,2.5,212000
47.0,53504,StoneBr,2Story,8,2003,CemntBd,603.0,Ex,PConc,Gd,TA,Gd,ALQ,1650.0,Ex,Y,SBrkr,1690,1589,4,Ex,1,BuiltIn,Fin,841.0,Y,749,4.5,538000
152.0,12134,Gilbert,1.5Fin,8,1988,Wd Sdng,0.0,Gd,Wood,Gd,TA,Av,GLQ,559.0,Gd,Y,SBrkr,1080,672,4,TA,0,Basment,RFn,492.0,Y,337,2.0,164000
88.0,11394,StoneBr,1Story,9,2010,VinylSd,350.0,Gd,PConc,Ex,TA,Av,GLQ,1856.0,Ex,Y,SBrkr,1856,0,1,Ex,1,Attchd,Fin,834.0,Y,113,2.5,394432
140.0,19138,Gilbert,1Story,4,1951,VinylSd,0.0,TA,CBlock,TA,TA,No,LwQ,864.0,Ex,Y,SBrkr,864,0,2,TA,0,Detchd,Unf,400.0,Y,0,1.0,141000
85.0,13175,NWAmes,1Story,6,1978,Plywood,119.0,TA,CBlock,Gd,TA,No,ALQ,1542.0,TA,Y,SBrkr,2073,0,3,TA,2,Attchd,Unf,500.0,Y,349,3.0,210000
105.0,11751,NWAmes,1Story,6,1977,Plywood,480.0,TA,CBlock,Gd,TA,No,BLQ,1844.0,Ex,Y,SBrkr,1844,0,3,TA,1,Attchd,RFn,546.0,Y,122,2.0,190000
85.0,10625,NWAmes,SFoyer,7,1974,Plywood,81.0,TA,CBlock,Gd,TA,Gd,GLQ,1053.0,TA,Y,SBrkr,1173,0,3,Gd,2,Attchd,RFn,528.0,Y,120,3.0,170000
72.5,7500,Somerst,2Story,7,2000,VinylSd,0.0,Gd,PConc,Gd,TA,No,GLQ,814.0,Ex,Y,SBrkr,814,860,3,Gd,0,Attchd,RFn,663.0,Y,96,3.5,216000
73.0,11241,NAmes,1Story,6,1970,Wd Sdng,180.0,TA,CBlock,TA,TA,No,ALQ,1004.0,Ex,Y,SBrkr,1004,0,2,TA,1,Attchd,Fin,480.0,Y,0,2.0,149000
73.0,12537,NAmes,1Story,5,1971,VinylSd,0.0,TA,CBlock,TA,TA,No,GLQ,1078.0,Ex,Y,SBrkr,1078,0,3,TA,1,Attchd,Fin,500.0,Y,0,2.5,149900
65.0,8450,NAmes,1Story,5,1968,VinylSd,0.0,TA,CBlock,TA,TA,No,BLQ,1056.0,Ex,Y,SBrkr,1056,0,3,TA,1,Attchd,Unf,304.0,Y,269,2.0,142000
70.0,8400,NAmes,1Story,4,1970,Plywood,0.0,TA,CBlock,TA,TA,No,ALQ,882.0,TA,Y,SBrkr,882,0,2,TA,0,Attchd,Fin,525.0,Y,240,2.0,126000
70.0,10500,NAmes,1Story,4,1971,HdBoard,0.0,TA,CBlock,TA,TA,No,ALQ,864.0,TA,Y,SBrkr,864,0,3,TA,1,None,None,0.0,Y,0,1.0,115000
26.0,5858,NAmes,1Story,7,1999,MetalSd,0.0,Gd,PConc,Gd,TA,No,GLQ,1405.0,Ex,Y,SBrkr,1337,0,2,Gd,1,Attchd,Fin,511.0,Y,271,3.0,184000
21.0,1680,BrDale,2Story,6,1971,HdBoard,504.0,TA,CBlock,TA,TA,No,Rec,483.0,TA,Y,SBrkr,483,504,2,TA,0,Detchd,Unf,264.0,Y,275,1.5,96000
21.0,1680,BrDale,2Story,5,1971,HdBoard,492.0,TA,CBlock,TA,TA,No,Rec,525.0,TA,Y,SBrkr,525,567,3,TA,0,Detchd,Unf,320.0,Y,0,1.5,105500
21.0,1680,BrDale,2Story,6,1971,HdBoard,381.0,TA,CBlock,TA,TA,No,Unf,525.0,TA,Y,SBrkr,525,567,3,TA,0,Detchd,Unf,264.0,Y,0,1.5,88000
53.0,4043,NPkVill,1Story,6,1977,Plywood,0.0,TA,CBlock,Gd,TA,No,ALQ,1069.0,TA,Y,SBrkr,1069,0,2,TA,1,Attchd,RFn,440.0,Y,220,2.0,127500
24.0,2280,NPkVill,2Story,6,1975,Plywood,0.0,TA,CBlock,TA,TA,No,ALQ,855.0,TA,Y,SBrkr,855,601,3,Gd,1,Attchd,Unf,440.0,Y,173,2.5,149900
24.0,2280,NPkVill,1Story,7,1975,Plywood,0.0,TA,CBlock,Gd,TA,No,Unf,836.0,Ex,Y,SBrkr,836,0,2,TA,0,Attchd,Unf,308.0,Y,30,1.0,120000
24.0,2280,NPkVill,2Story,6,1978,Plywood,0.0,TA,CBlock,Gd,TA,No,ALQ,855.0,Fa,Y,SBrkr,855,601,3,TA,1,Attchd,Unf,440.0,Y,26,2.5,146000
102.0,12858,NridgHt,2Story,9,2009,VinylSd,162.0,Ex,PConc,Ex,TA,No,Unf,1590.0,Ex,Y,SBrkr,1627,707,3,Ex,1,Attchd,Fin,751.0,Y,277,2.5,376162
98.0,11478,NridgHt,1Story,8,2007,VinylSd,200.0,Gd,PConc,Ex,TA,No,GLQ,1704.0,Ex,Y,SBrkr,1704,0,3,Gd,1,Attchd,RFn,772.0,Y,50,3.0,306000
83.0,10159,NridgHt,1Story,9,2009,VinylSd,450.0,Ex,PConc,Ex,TA,Av,GLQ,1930.0,Ex,Y,SBrkr,1940,0,3,Ex,1,Attchd,Fin,606.0,Y,263,3.5,395192
94.0,12883,NridgHt,1Story,8,2009,VinylSd,256.0,Gd,PConc,Gd,TA,No,Unf,1544.0,Ex,Y,SBrkr,1544,0,3,Gd,0,Attchd,RFn,868.0,Y,35,2.0,290941
95.0,12182,NridgHt,1Story,7,2005,VinylSd,226.0,Gd,PConc,Gd,TA,Mn,BLQ,1541.0,Ex,Y,SBrkr,1541,0,3,Gd,1,Attchd,RFn,532.0,Y,70,2.0,220000
90.0,11520,NridgHt,1Story,9,2005,VinylSd,615.0,Gd,PConc,Ex,TA,No,GLQ,1698.0,Ex,Y,SBrkr,1698,0,3,Ex,1,Attchd,Fin,730.0,Y,266,2.0,275000
79.0,14122,NridgHt,1Story,8,2005,CemntBd,240.0,Gd,PConc,Ex,TA,No,GLQ,1822.0,Ex,Y,SBrkr,1822,0,3,Ex,1,Attchd,RFn,678.0,Y,119,2.0,259000
70.0,10171,NridgHt,1Story,7,2004,VinylSd,168.0,Gd,PConc,Gd,TA,No,GLQ,1517.0,Ex,Y,SBrkr,1535,0,3,Gd,0,Attchd,RFn,532.0,Y,0,2.0,214000
100.0,12919,NridgHt,1Story,9,2009,VinylSd,760.0,Ex,PConc,Ex,TA,Gd,GLQ,2330.0,Ex,Y,SBrkr,2364,0,2,Ex,2,Attchd,Fin,820.0,Y,67,3.5,611657
44.0,6371,NridgHt,1Story,7,2009,VinylSd,128.0,Gd,PConc,Gd,TA,Mn,GLQ,1358.0,Ex,Y,SBrkr,1358,0,2,Gd,1,Attchd,RFn,484.0,Y,227,3.0,224000
110.0,14300,NridgHt,1Story,9,2003,VinylSd,1095.0,Ex,PConc,Ex,TA,Gd,GLQ,2846.0,Ex,Y,SBrkr,2696,0,3,Ex,2,Attchd,Fin,958.0,Y,370,3.5,500000
105.0,13650,NridgHt,2Story,8,2002,VinylSd,232.0,Gd,PConc,Gd,TA,Gd,GLQ,1671.0,Ex,Y,SBrkr,1687,563,3,Gd,1,Attchd,Fin,756.0,Y,368,3.5,320000
61.0,7658,NridgHt,1Story,9,2005,MetalSd,412.0,Ex,PConc,Ex,TA,No,GLQ,1752.0,Ex,Y,SBrkr,1752,0,2,Ex,1,Attchd,RFn,576.0,Y,278,3.0,319900
41.0,7132,NridgHt,1Story,8,2006,VinylSd,178.0,Gd,PConc,Gd,TA,Mn,GLQ,1370.0,Ex,Y,SBrkr,1370,0,2,Gd,1,Attchd,RFn,484.0,Y,169,2.0,205000
36.0,2628,NridgHt,2Story,7,2003,VinylSd,106.0,Gd,PConc,Gd,TA,No,Unf,764.0,Ex,Y,SBrkr,764,862,2,Gd,0,BuiltIn,RFn,474.0,Y,27,2.5,175500
100.0,18494,Gilbert,1Story,6,2005,VinylSd,0.0,Gd,PConc,Gd,TA,No,Unf,1324.0,Ex,Y,SBrkr,1324,0,3,Gd,0,Attchd,Fin,430.0,Y,59,2.0,199500
43.0,3203,Blmngtn,1Story,7,2006,VinylSd,14.0,Gd,PConc,Gd,TA,Av,GLQ,1145.0,Ex,Y,SBrkr,1145,0,2,Gd,0,Attchd,Fin,437.0,Y,216,2.0,160000
43.0,3182,Blmngtn,1Story,8,2004,VinylSd,16.0,Gd,PConc,Gd,TA,No,GLQ,1256.0,Ex,Y,SBrkr,1269,0,2,Gd,1,Attchd,Fin,430.0,Y,310,2.0,192000
67.0,13300,Gilbert,SLvl,7,2004,VinylSd,0.0,Gd,PConc,Gd,TA,No,GLQ,384.0,Ex,Y,SBrkr,744,630,3,Gd,1,BuiltIn,Fin,400.0,Y,100,3.5,184500
64.0,7851,Gilbert,2Story,6,2002,VinylSd,0.0,Gd,PConc,Gd,TA,No,GLQ,860.0,Ex,Y,SBrkr,860,1100,4,Gd,2,BuiltIn,Fin,440.0,Y,336,3.5,216500
63.0,8577,Gilbert,2Story,7,2004,VinylSd,0.0,Gd,PConc,Gd,TA,No,Unf,847.0,Ex,Y,SBrkr,847,886,3,Gd,1,BuiltIn,Fin,433.0,Y,192,2.5,185088
64.0,7750,Gilbert,SLvl,7,2000,VinylSd,0.0,TA,PConc,Gd,TA,No,GLQ,384.0,Ex,Y,SBrkr,774,656,3,TA,1,BuiltIn,Fin,400.0,Y,180,2.5,180000
64.0,9505,Gilbert,2Story,7,2001,VinylSd,180.0,Gd,PConc,Gd,TA,No,Unf,884.0,Ex,Y,SBrkr,884,1151,3,Gd,1,BuiltIn,Fin,434.0,Y,192,2.5,222500
108.0,14774,NoRidge,2Story,9,1999,VinylSd,165.0,Gd,PConc,Gd,TA,No,Unf,1393.0,Ex,Y,SBrkr,1422,1177,4,Gd,1,BuiltIn,Fin,779.0,Y,698,2.5,333168
60.0,17433,NoRidge,2Story,8,1998,VinylSd,114.0,Gd,PConc,Ex,TA,No,Unf,1629.0,Ex,Y,SBrkr,1645,830,4,Gd,1,Attchd,Fin,962.0,Y,451,2.5,355000
59.0,10593,NoRidge,1Story,7,1996,VinylSd,338.0,Gd,PConc,Gd,TA,No,GLQ,1720.0,Ex,Y,SBrkr,1720,0,3,Gd,1,Attchd,Fin,527.0,Y,450,3.0,260400
98.0,12256,NoRidge,2Story,8,1994,HdBoard,362.0,Gd,PConc,Ex,TA,Av,GLQ,1463.0,Ex,Y,SBrkr,1500,1122,3,Gd,2,Attchd,RFn,712.0,Y,218,3.5,325000
92.0,11764,NoRidge,2Story,8,1999,VinylSd,348.0,Gd,PConc,Gd,TA,No,GLQ,1152.0,Ex,Y,SBrkr,1164,1106,4,Gd,1,Attchd,Fin,671.0,Y,189,2.5,290000
58.0,16770,NoRidge,2Story,7,1998,VinylSd,30.0,Gd,PConc,Gd,TA,No,Unf,1195.0,Gd,Y,SBrkr,1195,644,4,TA,0,Attchd,Fin,486.0,Y,81,2.5,221000
56.0,14720,NoRidge,1.5Fin,8,1995,VinylSd,579.0,Gd,PConc,Gd,TA,Av,GLQ,2033.0,Ex,Y,SBrkr,2053,1185,4,Gd,1,Attchd,Fin,666.0,Y,369,3.5,410000
73.0,8987,Somerst,1Story,8,2005,VinylSd,226.0,Gd,PConc,Gd,TA,None,Unf,1595.0,Ex,Y,SBrkr,1595,0,2,Gd,1,Attchd,RFn,880.0,Y,144,2.0,221500
92.0,9215,Somerst,1Story,7,2009,VinylSd,0.0,Gd,PConc,Gd,TA,No,Unf,1218.0,Ex,Y,SBrkr,1218,0,2,Gd,0,Attchd,RFn,676.0,Y,136,2.0,204500
72.0,8640,Somerst,2Story,7,2009,VinylSd,0.0,TA,PConc,Gd,TA,Mn,GLQ,756.0,Ex,Y,SBrkr,764,783,3,Gd,0,Attchd,Unf,614.0,Y,214,2.5,215200
75.0,9000,Somerst,1Story,8,2008,VinylSd,36.0,Gd,PConc,Gd,TA,Av,GLQ,1566.0,Ex,Y,SBrkr,1566,0,3,Gd,0,Attchd,RFn,750.0,Y,312,3.0,262500
100.0,12552,Somerst,2Story,7,2004,VinylSd,0.0,Gd,PConc,Gd,TA,No,GLQ,991.0,Ex,Y,SBrkr,991,956,3,Gd,1,Attchd,RFn,678.0,Y,136,2.5,254900
84.0,10440,Somerst,1Story,6,2005,VinylSd,0.0,Gd,PConc,Ex,TA,No,GLQ,1468.0,Ex,Y,SBrkr,1468,0,2,Gd,1,Attchd,Fin,528.0,Y,318,3.0,271500
76.0,10142,SawyerW,2Story,7,2004,VinylSd,0.0,Gd,PConc,Gd,TA,No,GLQ,956.0,Ex,Y,SBrkr,956,1128,4,Gd,0,BuiltIn,RFn,618.0,Y,45,3.5,233000
70.0,11920,SawyerW,2Story,7,2004,VinylSd,122.0,Gd,PConc,Gd,TA,Av,Unf,831.0,Ex,Y,SBrkr,831,828,3,Gd,0,Attchd,RFn,484.0,Y,212,2.5,181000
67.0,8880,SawyerW,2Story,7,1994,VinylSd,0.0,Gd,PConc,Gd,TA,No,GLQ,948.0,Ex,Y,SBrkr,1222,888,3,Gd,2,Attchd,RFn,463.0,Y,130,3.5,205000
50.0,8012,SawyerW,1Story,6,1980,Plywood,0.0,TA,CBlock,Gd,TA,No,BLQ,923.0,TA,Y,SBrkr,923,0,2,TA,1,Attchd,RFn,264.0,Y,80,2.0,143000
70.0,11218,SawyerW,2Story,6,1992,Wd Sdng,0.0,Gd,PConc,Gd,TA,No,Unf,1055.0,Ex,Y,SBrkr,1055,790,3,Gd,1,Attchd,RFn,462.0,Y,739,2.5,189000
55.0,7892,SawyerW,1Story,6,1979,Plywood,0.0,TA,CBlock,Gd,TA,No,Unf,918.0,TA,Y,SBrkr,918,0,2,TA,1,Attchd,Unf,264.0,Y,28,2.0,99500
50.0,7175,SawyerW,1Story,6,1984,Plywood,0.0,TA,CBlock,Gd,TA,No,ALQ,744.0,TA,Y,SBrkr,752,0,2,TA,0,Attchd,Unf,264.0,Y,443,2.0,125000
67.0,9453,SawyerW,2Story,7,1993,HdBoard,0.0,Gd,PConc,Gd,TA,No,BLQ,996.0,Ex,Y,SBrkr,1014,730,3,Gd,0,Attchd,RFn,457.0,Y,440,2.5,194500
81.0,9672,SawyerW,1Story,6,1984,HdBoard,0.0,TA,PConc,Gd,TA,No,GLQ,1040.0,TA,Y,SBrkr,1097,0,3,TA,0,Attchd,Unf,480.0,Y,0,2.0,152000
70.0,8400,SawyerW,2Story,6,1980,HdBoard,130.0,TA,CBlock,Gd,TA,No,Unf,650.0,TA,Y,SBrkr,888,676,3,TA,1,Attchd,Unf,476.0,Y,254,2.5,171000
70.0,9800,SawyerW,1Story,5,1920,Wd Sdng,0.0,TA,BrkTil,TA,TA,No,Unf,816.0,TA,N,FuseA,1012,0,2,TA,0,Detchd,Unf,429.0,Y,201,1.0,67500
68.0,8930,Sawyer,1.5Fin,6,1978,VinylSd,0.0,TA,Slab,None,None,None,None,0.0,TA,Y,SBrkr,1318,584,4,TA,0,Attchd,Unf,539.0,Y,0,2.0,112000
88.0,11782,Sawyer,SFoyer,5,1961,HdBoard,0.0,TA,CBlock,TA,TA,Av,ALQ,1109.0,TA,Y,SBrkr,1155,0,3,Gd,0,Detchd,Unf,576.0,Y,192,2.0,148000
65.0,8450,Sawyer,1Story,5,1965,MetalSd,0.0,TA,CBlock,TA,TA,No,GLQ,894.0,Ex,Y,SBrkr,894,0,3,TA,1,Detchd,Unf,336.0,Y,560,2.0,138500
72.0,9819,Sawyer,1Story,5,1967,MetalSd,31.0,TA,CBlock,TA,TA,No,BLQ,882.0,TA,Y,SBrkr,900,0,3,TA,0,Detchd,Unf,280.0,Y,0,1.0,122000
75.0,7500,Sawyer,1Story,5,1963,HdBoard,0.0,TA,CBlock,TA,TA,No,ALQ,1040.0,Fa,Y,SBrkr,1040,0,3,TA,0,Attchd,Fin,308.0,Y,220,2.5,133000
72.0,6897,Sawyer,1Story,5,1962,HdBoard,0.0,TA,CBlock,TA,TA,No,ALQ,1040.0,Ex,Y,SBrkr,1040,0,3,TA,0,Detchd,Unf,260.0,Y,104,2.5,127000
39.0,15410,Sawyer,1Story,6,1974,Plywood,250.0,TA,CBlock,TA,TA,Gd,BLQ,1208.0,Ex,Y,SBrkr,1494,0,3,TA,2,Attchd,Fin,461.0,Y,482,3.0,169000
107.0,10186,NoRidge,2Story,7,1992,HdBoard,0.0,Gd,PConc,Gd,TA,No,GLQ,750.0,Ex,Y,SBrkr,1061,862,3,Gd,1,Attchd,RFn,564.0,Y,279,3.5,190000
85.0,13143,NoRidge,2Story,8,1993,HdBoard,504.0,Gd,PConc,Gd,TA,No,LwQ,1231.0,Ex,Y,SBrkr,1251,1098,4,Gd,1,Attchd,RFn,762.0,Y,162,3.5,362500
88.0,11134,NoRidge,2Story,8,1992,HdBoard,180.0,Gd,PConc,Gd,TA,No,GLQ,1390.0,Ex,Y,SBrkr,1402,823,4,Gd,1,Attchd,RFn,713.0,Y,228,3.5,285000
25.0,4835,Somerst,1Story,7,2004,MetalSd,0.0,Gd,PConc,Ex,TA,Av,GLQ,1488.0,Ex,Y,SBrkr,1488,0,2,Gd,1,Attchd,Fin,506.0,Y,218,3.0,260000
39.0,3515,Somerst,2Story,7,2004,VinylSd,0.0,Gd,PConc,Gd,TA,No,Unf,840.0,Ex,Y,SBrkr,840,840,2,Gd,0,Attchd,RFn,588.0,Y,111,2.5,190000
30.0,3215,Somerst,2Story,7,2004,MetalSd,120.0,Gd,PConc,Gd,TA,Av,GLQ,600.0,Ex,Y,SBrkr,600,600,2,Gd,0,Detchd,RFn,480.0,Y,172,2.5,155000
30.0,3182,Somerst,2Story,7,2004,MetalSd,0.0,Gd,PConc,Gd,TA,No,Unf,600.0,Ex,Y,SBrkr,600,600,2,Gd,0,Detchd,RFn,480.0,Y,172,2.5,151000
24.0,2544,Somerst,2Story,7,2004,MetalSd,0.0,Gd,PConc,Gd,TA,No,GLQ,600.0,Ex,Y,SBrkr,600,600,2,Gd,0,Detchd,RFn,480.0,Y,172,3.5,149500
24.0,2544,Somerst,2Story,6,2005,VinylSd,216.0,Gd,PConc,Gd,TA,No,GLQ,600.0,Ex,Y,SBrkr,600,636,2,Gd,0,Detchd,RFn,480.0,Y,166,3.5,152000
72.5,4403,Somerst,1Story,7,2009,MetalSd,432.0,Ex,PConc,Ex,TA,Av,GLQ,1470.0,Ex,Y,SBrkr,1478,0,2,Gd,1,Attchd,Fin,484.0,Y,144,3.5,222000
72.5,2117,Somerst,2Story,6,2000,MetalSd,216.0,Gd,PConc,Gd,TA,No,GLQ,756.0,Ex,Y,SBrkr,769,804,3,Gd,0,Detchd,Unf,440.0,Y,32,2.5,177500
72.5,2980,Somerst,2Story,6,2000,MetalSd,1159.0,Gd,PConc,Gd,TA,No,GLQ,756.0,Ex,Y,SBrkr,756,756,2,Gd,0,Detchd,Unf,440.0,Y,32,3.5,177000
24.0,2572,Somerst,2Story,7,1999,MetalSd,0.0,Gd,PConc,Gd,TA,No,ALQ,696.0,Ex,Y,SBrkr,696,720,3,Gd,0,Detchd,Unf,484.0,Y,44,3.5,155000
72.5,2403,Somerst,2Story,7,2003,VinylSd,0.0,Gd,PConc,Gd,TA,No,GLQ,530.0,Ex,Y,SBrkr,530,550,2,Gd,0,Attchd,RFn,496.0,Y,50,2.5,147110
57.0,12853,Somerst,1Story,8,2010,CemntBd,0.0,Gd,PConc,Ex,Po,No,GLQ,1642.0,Ex,Y,SBrkr,1418,0,1,Gd,1,Attchd,RFn,852.0,Y,352,2.5,267916
68.0,7379,Somerst,2Story,8,2000,VinylSd,0.0,Gd,PConc,Gd,TA,No,GLQ,975.0,Ex,Y,SBrkr,975,873,3,Gd,1,Attchd,RFn,592.0,Y,464,3.5,254000
30.0,4420,Greens,1Story,8,1980,Wd Sdng,0.0,Gd,CBlock,Gd,TA,Gd,GLQ,728.0,TA,Y,SBrkr,788,0,1,Gd,1,Detchd,Fin,484.0,Y,175,2.0,155000
40.0,3880,Greens,1Story,8,1978,Wd Sdng,0.0,Gd,CBlock,Gd,TA,Gd,GLQ,1226.0,TA,Y,SBrkr,1226,0,1,Gd,1,Attchd,Fin,484.0,Y,301,2.0,206000
72.0,13517,Sawyer,2Story,6,1976,HdBoard,289.0,Gd,CBlock,TA,TA,No,GLQ,725.0,Ex,Y,SBrkr,725,754,3,Gd,0,Attchd,RFn,475.0,Y,44,2.5,130500
80.0,8000,Somerst,1Story,7,2002,VinylSd,0.0,Gd,PConc,Gd,TA,No,GLQ,1492.0,Ex,Y,SBrkr,1492,0,3,Gd,1,Attchd,RFn,596.0,Y,414,3.0,230000
80.0,10456,NWAmes,1Story,6,1967,HdBoard,120.0,TA,CBlock,TA,TA,No,GLQ,1829.0,Gd,Y,SBrkr,1829,0,4,TA,0,Attchd,RFn,535.0,Y,76,3.0,218500
80.0,10791,NWAmes,2Story,6,1993,MetalSd,0.0,TA,PConc,Gd,TA,Mn,GLQ,1280.0,Ex,Y,SBrkr,1280,1215,4,Gd,1,Attchd,Unf,660.0,Y,256,3.5,243500
80.0,10603,NWAmes,1Story,6,1977,Plywood,28.0,TA,PConc,TA,TA,Mn,ALQ,1610.0,Gd,Y,SBrkr,1610,0,3,Gd,2,Attchd,RFn,480.0,Y,236,3.0,205000
80.0,18837,NWAmes,1.5Fin,6,1978,MetalSd,0.0,TA,PConc,Gd,TA,Mn,ALQ,1224.0,TA,Y,SBrkr,1287,604,3,TA,1,Attchd,RFn,678.0,Y,69,3.5,212500
80.0,10421,NWAmes,2Story,7,1988,HdBoard,42.0,TA,CBlock,Gd,TA,No,GLQ,980.0,TA,Y,SBrkr,980,734,3,TA,1,Attchd,Unf,496.0,Y,450,2.5,196500
78.0,9360,NWAmes,1Story,6,1972,Plywood,0.0,TA,CBlock,TA,TA,No,ALQ,1161.0,TA,Y,SBrkr,1381,0,3,Gd,1,Attchd,RFn,676.0,Y,0,2.5,197500
80.0,9600,NWAmes,2Story,6,1971,MetalSd,0.0,TA,CBlock,TA,TA,No,ALQ,715.0,TA,Y,SBrkr,930,715,4,TA,0,Attchd,RFn,441.0,Y,78,2.0,171000
80.0,9600,NAmes,1Story,5,1966,VinylSd,172.0,TA,CBlock,TA,TA,No,Rec,1232.0,TA,Y,SBrkr,1232,0,3,TA,0,Attchd,RFn,490.0,Y,224,2.5,142250
80.0,9790,NWAmes,1Story,6,1963,HdBoard,451.0,TA,CBlock,TA,TA,No,ALQ,1328.0,TA,Y,SBrkr,1328,0,3,TA,2,Attchd,Unf,528.0,Y,26,2.5,143000
77.0,9320,NAmes,1Story,4,1959,Plywood,0.0,TA,CBlock,TA,TA,No,ALQ,950.0,Fa,Y,SBrkr,1225,0,3,TA,0,None,None,0.0,Y,352,2.5,128950
90.0,9900,NAmes,1Story,5,1966,HdBoard,0.0,TA,PConc,Gd,TA,No,BLQ,1209.0,Gd,Y,SBrkr,1209,0,3,TA,0,Attchd,RFn,504.0,Y,120,2.0,159000
88.0,9680,NAmes,1Story,5,1967,Wd Sdng,268.0,TA,CBlock,TA,TA,No,BLQ,1510.0,Ex,Y,SBrkr,1510,0,3,Gd,0,Attchd,RFn,517.0,Y,244,3.0,178900
73.0,10600,NAmes,SLvl,6,1964,HdBoard,0.0,TA,CBlock,TA,TA,No,Unf,533.0,TA,Y,SBrkr,1131,644,3,TA,0,Attchd,Unf,480.0,Y,172,2.0,136300
73.0,14112,NAmes,SLvl,5,1964,Wd Sdng,86.0,TA,PConc,TA,TA,Av,GLQ,1152.0,TA,Y,SBrkr,1152,0,3,TA,1,Attchd,RFn,484.0,Y,227,2.0,180500
80.0,8800,NAmes,SFoyer,6,1963,MetalSd,156.0,TA,PConc,TA,TA,Gd,GLQ,936.0,Ex,Y,SBrkr,1054,0,3,Gd,0,Attchd,RFn,480.0,Y,120,2.0,137500
98.0,13260,NAmes,1Story,5,1962,HdBoard,144.0,TA,CBlock,TA,TA,No,BLQ,1728.0,TA,Y,SBrkr,1728,0,6,TA,0,None,None,0.0,Y,0,4.0,84900
68.0,9717,NAmes,1Story,5,1950,MetalSd,0.0,TA,CBlock,TA,TA,Mn,GLQ,1078.0,Gd,Y,FuseA,1078,0,2,Gd,0,Attchd,Unf,240.0,Y,478,2.0,142125
68.0,9724,NAmes,1.5Fin,5,1952,MetalSd,265.0,Gd,CBlock,TA,TA,No,LwQ,1140.0,Gd,Y,SBrkr,1929,532,3,TA,2,Detchd,Unf,400.0,Y,0,2.0,197600
120.0,17360,NAmes,1.5Fin,6,1949,MetalSd,340.0,TA,CBlock,TA,TA,No,Rec,782.0,TA,Y,SBrkr,1019,537,3,TA,1,Attchd,Unf,470.0,Y,150,2.0,172500
50.0,7207,BrkSide,1Story,5,1958,Wd Sdng,0.0,TA,CBlock,TA,TA,Gd,BLQ,858.0,Gd,Y,SBrkr,858,0,2,TA,0,None,None,0.0,Y,117,2.0,116500
55.0,5350,BrkSide,1Story,3,1940,Wd Sdng,0.0,TA,CBlock,TA,TA,No,Unf,728.0,Ex,Y,SBrkr,1306,0,3,Fa,0,None,None,0.0,Y,263,1.0,76500
80.0,9920,NAmes,1Story,5,1954,HdBoard,110.0,TA,CBlock,TA,TA,No,Rec,1056.0,TA,Y,SBrkr,1063,0,3,TA,0,Attchd,RFn,280.0,Y,164,2.0,128000
80.0,9600,NAmes,SLvl,6,1955,AsbShng,164.0,TA,CBlock,TA,TA,Av,BLQ,1156.0,Ex,Y,SBrkr,1520,0,3,TA,2,Basment,RFn,364.0,Y,189,2.0,153000
78.0,7800,NAmes,1Story,5,1954,HdBoard,200.0,TA,PConc,TA,TA,No,LwQ,1268.0,Gd,Y,SBrkr,1268,0,2,TA,1,Attchd,Fin,244.0,Y,98,1.0,132000
75.0,11380,NAmes,SFoyer,6,1966,HdBoard,216.0,TA,CBlock,TA,TA,Gd,GLQ,1080.0,Gd,Y,SBrkr,1128,0,2,Gd,1,Attchd,Unf,315.0,Y,238,2.0,178000
80.0,11600,NAmes,2Story,5,1960,MetalSd,361.0,TA,CBlock,TA,TA,No,Rec,1105.0,TA,Y,FuseA,1105,1169,5,TA,0,Detchd,Unf,480.0,Y,0,2.0,154300
73.0,19900,NAmes,1Story,7,1970,Plywood,287.0,TA,CBlock,Gd,TA,Gd,GLQ,1947.0,TA,Y,SBrkr,2207,0,3,TA,1,Attchd,RFn,576.0,Y,301,3.0,180000
137.0,16492,NAmes,1Story,6,1966,BrkFace,0.0,Gd,CBlock,TA,TA,No,ALQ,1517.0,Ex,Y,SBrkr,1888,0,2,Gd,1,Attchd,Fin,578.0,Y,0,2.5,190000
70.0,8267,NAmes,1Story,5,1958,HdBoard,0.0,TA,CBlock,TA,TA,No,Unf,1604.0,TA,Y,SBrkr,1604,0,4,TA,0,Attchd,Unf,576.0,Y,42,2.0,135000
70.0,8197,NAmes,1Story,7,2003,VinylSd,506.0,Gd,PConc,Gd,TA,No,GLQ,1480.0,Ex,Y,SBrkr,1480,0,3,Gd,0,Attchd,RFn,620.0,Y,325,3.0,214000
73.0,8050,NAmes,1Story,5,1959,MetalSd,150.0,TA,CBlock,TA,TA,No,BLQ,1143.0,TA,Y,SBrkr,1143,0,3,TA,0,Attchd,RFn,308.0,Y,0,2.0,136000
70.0,10552,NAmes,1Story,5,1959,BrkFace,0.0,TA,CBlock,TA,TA,No,Rec,1398.0,Gd,Y,SBrkr,1700,0,4,Gd,1,Attchd,RFn,447.0,Y,38,2.0,165500
70.0,8400,NAmes,1Story,5,1957,MetalSd,0.0,TA,CBlock,TA,TA,No,Rec,1314.0,TA,Y,SBrkr,1314,0,3,TA,0,Attchd,RFn,294.0,Y,250,2.0,145000
73.0,8760,NAmes,1Story,6,1959,MetalSd,220.0,TA,CBlock,TA,TA,No,Unf,1194.0,TA,Y,SBrkr,1194,0,3,TA,0,Attchd,RFn,312.0,Y,120,2.0,148000
73.0,12160,NAmes,1Story,5,1959,Plywood,180.0,TA,CBlock,TA,TA,No,Rec,1188.0,Fa,Y,SBrkr,1188,0,3,TA,0,Attchd,RFn,531.0,Y,0,2.0,142000
73.0,9300,NAmes,1Story,5,1960,MetalSd,324.0,TA,CBlock,TA,TA,No,Rec,1268.0,TA,Y,SBrkr,1264,0,3,TA,2,Attchd,Unf,461.0,Y,143,2.0,167500
87.0,10725,NAmes,1Story,5,1959,MetalSd,91.0,TA,CBlock,TA,TA,No,Rec,1206.0,Fa,Y,SBrkr,1206,0,3,TA,0,Attchd,RFn,312.0,Y,21,1.0,108538
80.0,10032,NAmes,1Story,6,1959,Wd Sdng,432.0,TA,CBlock,TA,TA,No,Rec,1244.0,Ex,Y,SBrkr,1580,0,3,TA,2,Attchd,Unf,440.0,Y,188,2.5,159500
60.0,8382,NAmes,1.5Fin,4,1956,MetalSd,0.0,TA,CBlock,TA,TA,No,Unf,832.0,TA,Y,FuseA,832,505,3,TA,0,Attchd,Unf,263.0,Y,0,1.0,108000
60.0,10950,NAmes,1Story,5,1952,WdShing,0.0,TA,CBlock,TA,TA,No,BLQ,864.0,TA,Y,SBrkr,1064,0,2,Fa,0,Detchd,Unf,318.0,Y,0,1.5,135000
119.0,10895,NAmes,1Story,5,1955,MetalSd,0.0,TA,CBlock,TA,TA,No,Rec,972.0,TA,Y,SBrkr,972,0,3,TA,0,Attchd,Unf,305.0,Y,205,1.0,122500
70.0,13587,NAmes,1Story,5,1958,MetalSd,0.0,TA,CBlock,TA,TA,Av,Rec,988.0,TA,Y,SBrkr,988,0,2,TA,0,Attchd,Unf,264.0,Y,0,2.0,119000
68.0,7922,NAmes,1Story,5,1953,VinylSd,0.0,TA,CBlock,TA,TA,No,GLQ,1057.0,TA,Y,SBrkr,1057,0,3,Gd,0,Detchd,Unf,246.0,Y,52,2.0,109000
65.0,7898,NAmes,1Story,4,1920,MetalSd,0.0,TA,BrkTil,TA,TA,No,Unf,576.0,Gd,Y,SBrkr,985,0,2,TA,0,Detchd,Unf,676.0,N,0,1.5,105000
60.0,7200,NAmes,1Story,5,1955,VinylSd,0.0,TA,Slab,None,None,None,None,0.0,Ex,Y,SBrkr,827,0,2,TA,1,Detchd,Unf,392.0,Y,0,1.0,107500
85.0,10200,NAmes,1Story,5,1954,Wd Sdng,104.0,TA,CBlock,TA,TA,No,ALQ,1086.0,Gd,Y,SBrkr,1086,0,3,TA,0,Attchd,Unf,490.0,Y,0,2.0,144900
74.0,5868,NAmes,1Story,5,1956,MetalSd,0.0,TA,CBlock,TA,TA,No,BLQ,936.0,Ex,Y,SBrkr,936,0,2,TA,0,Attchd,Fin,308.0,Y,240,2.0,129000
78.0,17503,NAmes,1.5Fin,6,1948,VinylSd,0.0,TA,CBlock,TA,TA,No,Unf,912.0,TA,Y,SBrkr,912,546,3,TA,1,Attchd,Unf,330.0,Y,192,1.5,97500
64.0,6979,OldTown,SFoyer,6,1980,Plywood,0.0,TA,CBlock,TA,TA,No,GLQ,1056.0,Gd,Y,SBrkr,1056,0,0,TA,0,Detchd,Unf,576.0,Y,320,2.0,144000
73.0,9830,NAmes,1Story,5,1959,Wd Sdng,0.0,TA,CBlock,TA,TA,No,ALQ,1063.0,Ex,Y,SBrkr,1287,0,3,Gd,1,Detchd,Fin,576.0,Y,563,2.0,162000
96.0,11275,NAmes,SLvl,7,1967,Wd Sdng,300.0,Gd,CBlock,Gd,TA,No,Unf,710.0,Ex,Y,SBrkr,1898,1080,5,Gd,1,BuiltIn,Fin,564.0,Y,240,2.5,242000
60.0,8064,NAmes,1.5Fin,6,1948,WdShing,0.0,TA,CBlock,TA,TA,No,ALQ,816.0,TA,Y,SBrkr,816,408,3,TA,0,Detchd,Unf,280.0,Y,414,2.0,132000
75.0,7500,NAmes,1Story,5,1959,BrkFace,0.0,TA,CBlock,TA,TA,No,LwQ,1246.0,Ex,Y,SBrkr,1246,0,3,Gd,0,Attchd,RFn,305.0,Y,218,2.5,154000
71.0,8520,NAmes,1.5Fin,5,1952,BrkFace,0.0,TA,CBlock,TA,TA,No,Rec,910.0,Fa,Y,SBrkr,910,475,4,TA,0,Detchd,Unf,720.0,Y,0,2.0,166000
60.0,7200,NAmes,1Story,5,1951,Wd Sdng,0.0,TA,CBlock,TA,TA,Mn,BLQ,900.0,TA,Y,SBrkr,900,0,3,Gd,0,Detchd,Unf,576.0,Y,254,1.5,134800
87.0,10000,NAmes,1Story,6,1962,Wd Sdng,261.0,TA,CBlock,TA,TA,No,Unf,1116.0,TA,Y,SBrkr,1116,0,3,TA,0,Attchd,Unf,440.0,Y,385,1.5,160000
81.0,7635,NAmes,1Story,5,1960,BrkFace,0.0,TA,CBlock,TA,TA,No,Rec,1175.0,Ex,Y,SBrkr,1175,0,3,TA,0,Detchd,RFn,484.0,Y,0,1.5,148000
80.0,9760,NAmes,1Story,6,1963,Wd Sdng,218.0,TA,CBlock,TA,TA,Gd,BLQ,1395.0,TA,Y,SBrkr,1395,0,2,TA,1,Attchd,RFn,440.0,Y,1010,2.0,192000
70.0,7700,NAmes,2Story,6,1966,MetalSd,351.0,TA,CBlock,TA,TA,No,Unf,756.0,TA,Y,SBrkr,1051,788,4,TA,1,Attchd,Unf,442.0,Y,340,1.5,155000
60.0,4800,OldTown,1.5Fin,4,1900,Wd Sdng,771.0,TA,PConc,TA,TA,No,ALQ,709.0,TA,Y,SBrkr,1157,687,3,TA,2,Basment,Unf,240.0,Y,84,2.0,80400
55.0,8800,OldTown,1.5Fin,4,1910,Wd Sdng,0.0,TA,BrkTil,TA,Fa,No,Unf,576.0,Gd,Y,SBrkr,792,348,3,TA,0,None,None,0.0,N,160,1.0,96500
56.0,4485,OldTown,1Story,5,1920,Wd Sdng,0.0,TA,PConc,TA,TA,No,BLQ,936.0,TA,Y,SBrkr,936,0,2,TA,1,None,None,0.0,P,186,2.0,109500
56.0,8960,OldTown,1Story,5,1927,WdShing,0.0,TA,CBlock,TA,TA,No,Unf,1008.0,Gd,Y,FuseA,1028,0,2,TA,1,Detchd,Unf,360.0,Y,130,1.0,115000
69.0,5805,OldTown,1Story,5,1957,MetalSd,0.0,TA,CBlock,TA,TA,Mn,BLQ,1347.0,Gd,Y,SBrkr,1347,0,3,Gd,0,Detchd,Unf,551.0,Y,0,2.5,143000
60.0,5790,OldTown,2Story,3,1915,VinylSd,0.0,Gd,CBlock,Fa,TA,No,Unf,840.0,Gd,N,SBrkr,840,765,3,TA,0,Detchd,Unf,379.0,Y,202,2.0,107400
47.0,4608,OldTown,1Story,4,1945,MetalSd,0.0,TA,CBlock,TA,TA,No,Unf,747.0,TA,Y,SBrkr,747,0,2,TA,0,Attchd,Unf,220.0,Y,0,1.0,80000
60.0,7200,OldTown,1Story,5,1940,MetalSd,294.0,TA,CBlock,TA,TA,No,BLQ,788.0,TA,Y,SBrkr,804,0,2,Gd,2,Attchd,Unf,240.0,Y,154,2.0,119000
50.0,5500,OldTown,1.5Fin,5,1929,Wd Sdng,0.0,TA,BrkTil,TA,TA,No,LwQ,926.0,TA,Y,SBrkr,926,0,3,TA,0,Detchd,Unf,484.0,Y,0,2.0,130000
50.0,6900,OldTown,1.5Fin,6,1938,MetalSd,0.0,TA,PConc,Gd,TA,No,Unf,827.0,Gd,Y,SBrkr,827,424,3,Fa,0,Detchd,Unf,240.0,N,0,1.0,119000
69.0,11851,OldTown,1.5Fin,5,1948,VinylSd,0.0,TA,BrkTil,TA,TA,No,BLQ,1027.0,Ex,Y,SBrkr,1027,606,3,Gd,1,Detchd,Unf,240.0,Y,226,1.0,129000
60.0,8239,OldTown,1.5Fin,5,1920,MetalSd,0.0,TA,BrkTil,TA,TA,No,Rec,1008.0,TA,Y,SBrkr,1060,185,3,TA,0,Detchd,Unf,315.0,Y,334,1.0,100000
68.0,9656,OldTown,1Story,2,1923,AsbShng,0.0,TA,BrkTil,Fa,Fa,No,Unf,678.0,TA,N,SBrkr,832,0,2,TA,1,Detchd,Unf,780.0,N,0,1.0,12789
60.0,8520,OldTown,1Story,6,1928,VinylSd,0.0,TA,BrkTil,TA,TA,No,Unf,624.0,Gd,Y,SBrkr,720,0,2,TA,0,Detchd,Unf,484.0,Y,106,1.0,105900
60.0,9600,OldTown,2Story,8,1900,Wd Sdng,0.0,Gd,BrkTil,TA,TA,No,Unf,930.0,TA,N,SBrkr,930,636,3,Gd,0,Detchd,Unf,288.0,Y,528,2.0,150000
60.0,10800,OldTown,1.5Fin,5,1915,MetalSd,0.0,TA,PConc,Fa,TA,No,LwQ,686.0,TA,Y,SBrkr,966,686,4,TA,0,Detchd,Unf,416.0,Y,196,3.0,139000
50.0,9000,OldTown,2Story,8,1890,Wd Sdng,0.0,Gd,Stone,Fa,Fa,No,Unf,346.0,Ex,Y,SBrkr,1157,1111,3,Gd,0,Detchd,Unf,624.0,N,108,3.0,240000
100.0,9045,OldTown,2Story,5,1910,MetalSd,0.0,TA,BrkTil,TA,TA,Mn,Unf,840.0,Fa,N,FuseF,1128,1128,4,Fa,0,None,None,0.0,N,36,2.0,76500
90.0,7407,OldTown,1Story,6,1957,MetalSd,0.0,TA,CBlock,TA,TA,No,GLQ,912.0,TA,Y,FuseA,1236,0,2,TA,0,Attchd,Unf,923.0,Y,316,2.0,149700
60.0,7740,OldTown,2Story,4,1910,VinylSd,0.0,TA,CBlock,Fa,TA,No,Unf,622.0,Gd,Y,SBrkr,741,622,3,TA,0,Detchd,Unf,528.0,Y,168,1.0,125500
60.0,11340,OldTown,2Story,4,1885,VinylSd,0.0,TA,PConc,TA,TA,No,Unf,777.0,Gd,Y,SBrkr,1246,1044,4,TA,0,Detchd,Unf,560.0,N,114,2.0,122500
60.0,10560,OldTown,2Story,6,1922,Wd Sdng,0.0,TA,CBlock,Fa,TA,No,Rec,738.0,Ex,Y,SBrkr,868,602,2,TA,0,Detchd,Unf,624.0,Y,0,1.5,140750
53.0,5830,BrkSide,1.5Fin,5,1950,MetalSd,0.0,TA,CBlock,TA,TA,No,Rec,988.0,Ex,Y,SBrkr,1030,582,3,TA,0,Detchd,Unf,363.0,Y,0,1.5,128500
51.0,7793,BrkSide,2.5Unf,7,1922,Wd Sdng,0.0,TA,BrkTil,Gd,TA,No,BLQ,1108.0,TA,N,FuseA,1160,908,3,Gd,1,Detchd,Unf,315.0,Y,60,1.5,209500
50.0,5000,BrkSide,1Story,4,1925,MetalSd,0.0,TA,BrkTil,TA,TA,No,Rec,765.0,TA,N,FuseF,765,0,2,Gd,0,Detchd,Unf,200.0,P,176,2.0,87000
50.0,6000,BrkSide,1.5Fin,6,1939,MetalSd,0.0,TA,BrkTil,TA,Gd,No,BLQ,608.0,TA,Y,SBrkr,608,524,2,TA,0,Detchd,Unf,240.0,Y,128,2.0,134000
50.0,6000,BrkSide,1.5Fin,6,1940,MetalSd,0.0,TA,CBlock,TA,TA,No,LwQ,572.0,Ex,Y,FuseA,848,348,3,TA,2,Detchd,Unf,576.0,Y,0,2.0,128000
53.0,6360,BrkSide,1.5Fin,5,1942,MetalSd,300.0,TA,CBlock,TA,TA,No,Rec,835.0,TA,Y,FuseA,955,498,3,Gd,2,Detchd,Unf,240.0,Y,183,1.5,132000
50.0,6000,BrkSide,1.5Fin,6,1948,Wd Sdng,0.0,TA,CBlock,TA,TA,No,Rec,780.0,TA,Y,SBrkr,780,636,3,TA,0,Detchd,Unf,312.0,P,269,1.5,139900
52.0,6240,BrkSide,1.5Fin,5,1936,VinylSd,0.0,TA,CBlock,TA,Fa,No,Rec,528.0,Gd,Y,SBrkr,548,492,2,TA,0,Detchd,Fin,624.0,P,338,1.0,123900
52.0,6240,BrkSide,1.5Fin,5,1930,MetalSd,0.0,TA,BrkTil,TA,TA,No,LwQ,928.0,TA,Y,FuseF,928,608,4,TA,1,Detchd,Unf,480.0,Y,10,2.0,138400
51.0,6120,OldTown,1Story,6,1923,Wd Sdng,0.0,TA,BrkTil,Fa,Fa,No,ALQ,1124.0,TA,Y,SBrkr,1068,0,2,TA,1,Detchd,Unf,288.0,Y,128,2.0,109500
50.0,10300,OldTown,2Story,7,1921,Stucco,0.0,TA,BrkTil,TA,TA,No,Unf,576.0,Gd,Y,SBrkr,902,808,3,TA,0,Detchd,Unf,480.0,Y,87,2.0,140000
57.0,8094,OldTown,1.5Fin,4,1915,MetalSd,0.0,TA,CBlock,TA,TA,No,Unf,888.0,Ex,Y,SBrkr,888,1074,4,TA,1,Detchd,Unf,572.0,Y,524,1.5,149500
60.0,12900,OldTown,2Story,6,1912,Wd Sdng,0.0,Gd,PConc,TA,TA,No,Unf,780.0,Ex,Y,SBrkr,780,780,3,Gd,0,None,None,0.0,N,512,1.5,159900
52.0,3068,OldTown,2Story,6,1920,VinylSd,0.0,TA,BrkTil,TA,TA,No,Unf,662.0,Ex,Y,SBrkr,662,662,3,TA,0,Detchd,Unf,180.0,Y,112,1.5,122000
110.0,8472,IDOTRR,1Story,5,1963,Wd Sdng,0.0,Fa,CBlock,Gd,TA,Gd,LwQ,816.0,TA,N,SBrkr,816,0,2,TA,0,CarPort,Unf,516.0,Y,106,2.0,110000
70.0,5600,IDOTRR,2Story,4,1930,VinylSd,0.0,Fa,Slab,None,None,None,None,0.0,Fa,N,SBrkr,372,720,3,Fa,0,None,None,0.0,N,0,2.0,55000
76.0,7630,OldTown,2Story,5,1900,Wd Sdng,0.0,TA,BrkTil,Gd,TA,No,Unf,360.0,Gd,Y,SBrkr,1032,780,4,Gd,1,Detchd,Unf,672.0,N,384,2.0,140000
80.5,24090,ClearCr,2Story,7,1940,MetalSd,0.0,TA,CBlock,TA,TA,Mn,Unf,1032.0,Ex,Y,SBrkr,1207,1196,4,TA,2,Attchd,Unf,349.0,Y,374,2.0,244400
100.0,15263,ClearCr,1Story,5,1959,HdBoard,90.0,TA,CBlock,Gd,TA,No,Rec,1422.0,Gd,Y,SBrkr,1675,0,3,TA,2,Attchd,Unf,365.0,Y,132,2.0,173000
72.0,10632,ClearCr,1.5Fin,5,1917,Wd Sdng,0.0,TA,BrkTil,Gd,Fa,No,Unf,689.0,Gd,N,SBrkr,725,499,3,Po,0,Detchd,Unf,180.0,N,248,1.5,107500
60.0,9900,SWISU,1.5Fin,5,1915,Wd Sdng,0.0,Fa,BrkTil,TA,TA,No,Rec,1212.0,TA,N,SBrkr,1212,180,3,TA,0,None,None,0.0,N,168,2.0,100000
65.0,6001,SWISU,1.5Fin,6,1940,VinylSd,0.0,TA,CBlock,Fa,TA,No,LwQ,600.0,Ex,N,SBrkr,600,319,3,TA,0,Detchd,Unf,231.0,Y,45,1.0,95000
60.0,6449,SWISU,2Story,4,1907,Wd Sdng,0.0,TA,CBlock,TA,TA,No,Rec,707.0,TA,N,SBrkr,942,942,4,TA,0,None,None,0.0,N,239,1.5,93369
60.0,6048,SWISU,1.5Fin,5,1910,Wd Sdng,0.0,TA,BrkTil,TA,TA,Mn,LwQ,856.0,Gd,Y,SBrkr,936,744,2,TA,1,Detchd,Unf,450.0,P,200,3.0,114900
54.0,6342,Sawyer,1.5Fin,5,1875,VinylSd,0.0,TA,CBlock,TA,TA,No,Unf,780.0,Gd,N,SBrkr,780,240,2,TA,0,None,None,0.0,N,176,1.0,94000
72.0,10773,Sawyer,1Story,4,1967,Plywood,72.0,Fa,CBlock,TA,TA,No,ALQ,1832.0,TA,N,SBrkr,1832,0,4,TA,0,None,None,0.0,Y,58,4.0,136000
72.0,10778,Sawyer,1Story,4,1968,HdBoard,0.0,TA,CBlock,TA,TA,No,Unf,1768.0,TA,N,SBrkr,1768,0,4,TA,0,None,None,0.0,Y,0,2.0,136500
75.0,11625,Sawyer,1Story,5,1965,Plywood,0.0,TA,PConc,TA,TA,Mn,BLQ,1039.0,Ex,Y,SBrkr,1039,0,3,TA,0,Attchd,Unf,504.0,Y,0,2.5,131500
72.0,11341,Sawyer,1Story,5,1957,Wd Sdng,180.0,TA,CBlock,Gd,TA,No,ALQ,1392.0,TA,Y,SBrkr,1392,0,3,TA,1,Detchd,Unf,528.0,Y,95,2.5,121500
70.0,8521,Sawyer,1Story,5,1967,HdBoard,0.0,TA,CBlock,TA,TA,No,ALQ,912.0,TA,Y,SBrkr,912,0,3,TA,1,Detchd,Unf,336.0,Y,0,1.0,125000
72.0,8246,Sawyer,1Story,5,1968,Plywood,0.0,TA,CBlock,TA,TA,Mn,Rec,1060.0,Ex,Y,SBrkr,1060,0,3,Gd,1,Attchd,Unf,270.0,Y,496,2.0,154000
65.0,7800,Sawyer,1Story,5,1966,HdBoard,47.0,TA,CBlock,TA,TA,Mn,BLQ,864.0,Ex,Y,SBrkr,892,0,3,Gd,0,Detchd,Unf,416.0,Y,0,2.0,137900
80.0,9364,Sawyer,2Story,6,1969,HdBoard,143.0,TA,CBlock,TA,TA,No,ALQ,663.0,TA,Y,SBrkr,663,689,4,TA,0,Attchd,Fin,299.0,Y,415,1.5,158000
65.0,7832,Sawyer,1Story,5,1968,HdBoard,0.0,TA,CBlock,TA,TA,No,GLQ,864.0,Ex,Y,SBrkr,864,0,2,TA,0,Detchd,Unf,280.0,Y,226,2.0,137250
72.0,7424,Sawyer,SFoyer,5,1978,Plywood,0.0,TA,CBlock,Gd,TA,Av,GLQ,1319.0,TA,Y,SBrkr,1373,0,3,TA,2,Attchd,Fin,591.0,Y,0,2.0,160250
86.0,11227,Sawyer,2Story,5,1968,HdBoard,0.0,TA,CBlock,TA,Gd,No,Rec,720.0,Ex,Y,SBrkr,720,720,4,TA,2,Attchd,Unf,480.0,Y,230,1.5,163000
72.0,11616,Sawyer,2Story,6,1978,HdBoard,328.0,TA,CBlock,TA,TA,Mn,Rec,672.0,TA,Y,SBrkr,672,714,3,TA,1,Attchd,Fin,440.0,Y,335,2.5,158900
80.0,14000,ClearCr,2Story,7,1996,Wd Sdng,0.0,Gd,PConc,Ex,TA,Gd,GLQ,1306.0,Ex,Y,SBrkr,1306,954,3,Gd,0,Attchd,RFn,533.0,Y,340,3.5,328000
80.5,20062,ClearCr,1Story,7,1977,Wd Sdng,0.0,Gd,CBlock,Gd,TA,Gd,ALQ,1420.0,Gd,Y,SBrkr,1483,0,1,TA,2,Attchd,RFn,690.0,Y,496,2.5,270000
94.0,9259,Sawyer,1Story,4,1927,Wd Sdng,0.0,TA,BrkTil,Fa,TA,No,Unf,660.0,TA,N,SBrkr,756,0,2,TA,0,Detchd,Unf,440.0,N,80,1.0,85000
60.0,9600,Sawyer,1Story,4,1950,VinylSd,0.0,TA,CBlock,Gd,TA,No,BLQ,1067.0,TA,Y,SBrkr,1067,0,2,Gd,0,Attchd,Unf,436.0,Y,290,2.0,128000
80.5,23595,ClearCr,1Story,7,1979,Plywood,0.0,Gd,PConc,Gd,TA,Gd,GLQ,1332.0,TA,Y,SBrkr,1332,192,0,Gd,1,Attchd,Fin,586.0,Y,268,2.5,260000
80.5,17082,ClearCr,2Story,6,1978,VinylSd,288.0,TA,PConc,Gd,TA,Av,ALQ,1117.0,Ex,Y,SBrkr,1117,864,4,Gd,1,Attchd,Fin,522.0,Y,440,3.5,230000
124.0,18600,Edwards,1.5Fin,3,1938,Wd Sdng,0.0,TA,CBlock,TA,TA,Mn,BLQ,972.0,TA,Y,FuseA,1052,558,4,Fa,1,Attchd,RFn,480.0,Y,60,2.5,124000
85.0,10625,Edwards,1Story,5,1920,Wd Sdng,0.0,TA,BrkTil,TA,TA,No,ALQ,458.0,Fa,N,SBrkr,835,0,2,TA,0,Basment,Unf,366.0,Y,77,1.0,83000
65.0,11479,Edwards,1Story,6,1950,Wd Sdng,0.0,TA,CBlock,TA,TA,No,GLQ,663.0,Ex,Y,SBrkr,1074,0,3,Gd,1,Attchd,Unf,467.0,Y,104,2.0,144500
68.0,9571,Edwards,1Story,5,1956,Wd Sdng,0.0,TA,CBlock,TA,TA,Av,BLQ,1144.0,TA,Y,SBrkr,1144,0,3,TA,0,Attchd,Unf,596.0,Y,44,2.0,129000
50.0,9350,Edwards,1.5Fin,4,1947,WdShing,0.0,TA,CBlock,TA,Fa,No,LwQ,756.0,Ex,Y,SBrkr,1169,0,3,TA,1,Detchd,Unf,209.0,Y,0,1.0,127000
75.0,9525,Edwards,1Story,5,1954,WdShing,0.0,TA,CBlock,TA,TA,Av,BLQ,1172.0,TA,Y,SBrkr,1172,0,3,TA,0,Attchd,Fin,366.0,Y,240,2.0,128000
83.0,10420,Edwards,1Story,6,2009,VinylSd,0.0,TA,PConc,Gd,TA,Mn,GLQ,1212.0,Ex,Y,SBrkr,1212,0,3,Gd,0,Attchd,RFn,460.0,Y,122,2.0,186000
44.0,17485,Edwards,1Story,7,2009,VinylSd,96.0,Gd,PConc,Gd,TA,Gd,GLQ,1508.0,Ex,Y,SBrkr,1508,0,1,Gd,2,Attchd,RFn,572.0,Y,0,2.0,308030
64.0,11200,Edwards,1Story,5,1964,Wd Sdng,0.0,TA,CBlock,TA,TA,Mn,Unf,1250.0,Ex,Y,SBrkr,1298,0,3,TA,0,Detchd,Unf,504.0,N,144,2.0,114000
60.0,11100,Edwards,1Story,4,1946,MetalSd,0.0,TA,CBlock,None,None,None,None,0.0,Ex,Y,SBrkr,930,0,2,Gd,0,Detchd,Unf,308.0,Y,0,1.0,84900
77.0,9206,SawyerW,2Story,6,1985,HdBoard,336.0,Gd,CBlock,Gd,TA,No,Unf,741.0,TA,Y,SBrkr,977,755,3,Gd,1,Attchd,Fin,476.0,Y,238,2.5,178000
83.0,11980,SawyerW,1Story,7,1987,Plywood,177.0,Gd,CBlock,Gd,TA,Gd,GLQ,1433.0,Ex,Y,SBrkr,1433,0,1,Gd,2,Attchd,RFn,528.0,Y,544,2.5,270000
87.0,12361,SawyerW,2Story,6,1993,VinylSd,85.0,Gd,PConc,Gd,TA,No,GLQ,946.0,Ex,Y,SBrkr,964,838,3,Gd,1,2Types,RFn,1017.0,Y,542,3.0,218000
80.0,9938,SawyerW,2Story,7,1993,MetalSd,246.0,Gd,PConc,Gd,TA,No,GLQ,1050.0,Ex,Y,SBrkr,1062,887,3,Gd,1,Attchd,Fin,574.0,Y,246,3.5,236000
73.0,9069,SawyerW,SFoyer,6,1992,HdBoard,0.0,TA,PConc,Gd,TA,Av,GLQ,936.0,Ex,Y,SBrkr,996,0,2,Gd,0,Attchd,Unf,564.0,Y,120,2.0,147000
64.0,10475,CollgCr,1Story,8,2008,VinylSd,72.0,Gd,PConc,Gd,TA,Av,Unf,1694.0,Ex,Y,SBrkr,1694,0,3,Gd,0,Attchd,RFn,776.0,Y,193,2.0,245350
64.0,6762,CollgCr,1Story,7,2006,VinylSd,24.0,Gd,PConc,Gd,TA,Av,GLQ,1187.0,Ex,Y,SBrkr,1208,0,2,Gd,0,Attchd,RFn,632.0,Y,166,3.0,206000
94.0,10402,CollgCr,1Story,7,2009,VinylSd,0.0,TA,PConc,Gd,TA,No,Unf,1226.0,Ex,Y,SBrkr,1226,0,3,Gd,0,Attchd,RFn,740.0,Y,36,2.0,198900
64.0,7360,CollgCr,1Story,7,2010,VinylSd,80.0,Gd,PConc,Gd,TA,No,GLQ,1222.0,Ex,Y,SBrkr,1222,0,2,Gd,0,Attchd,RFn,615.0,Y,54,2.0,187000
90.0,12376,SawyerW,2Story,7,1990,Plywood,0.0,TA,PConc,Gd,TA,Mn,GLQ,1673.0,Gd,Y,SBrkr,1699,1523,5,Gd,2,Attchd,Unf,594.0,Y,367,4.0,320000
82.0,14235,SawyerW,1.5Fin,6,1900,Wd Sdng,0.0,TA,PConc,Fa,Gd,No,Unf,676.0,TA,Y,SBrkr,831,614,3,TA,0,Detchd,Unf,484.0,N,59,2.0,138500
80.0,8816,ClearCr,SLvl,6,1971,HdBoard,80.0,TA,CBlock,TA,TA,Av,GLQ,1010.0,Gd,Y,SBrkr,1052,0,3,TA,0,Attchd,Unf,440.0,Y,0,2.0,155000
82.0,11105,CollgCr,SFoyer,5,1996,VinylSd,0.0,TA,PConc,Gd,Fa,Av,GLQ,870.0,Gd,Y,SBrkr,965,0,2,TA,0,Attchd,Unf,580.0,Y,71,2.0,159000
70.0,9337,CollgCr,2Story,7,1997,VinylSd,0.0,TA,PConc,Gd,TA,No,ALQ,878.0,Ex,Y,SBrkr,892,800,3,TA,1,Attchd,RFn,513.0,Y,39,2.5,191000
70.0,8750,CollgCr,2Story,6,1998,VinylSd,116.0,TA,PConc,Gd,TA,No,GLQ,804.0,Ex,Y,SBrkr,804,878,3,Gd,0,Attchd,RFn,523.0,Y,77,2.5,200500
38.0,15240,CollgCr,1Story,5,1977,CemntBd,0.0,Gd,CBlock,Gd,TA,No,GLQ,1026.0,Ex,Y,SBrkr,1026,0,3,TA,0,Attchd,Unf,308.0,Y,401,2.5,150000
70.0,10900,CollgCr,2Story,6,1977,HdBoard,153.0,TA,CBlock,Gd,TA,No,GLQ,689.0,Ex,Y,SBrkr,689,703,3,TA,0,Attchd,Fin,299.0,Y,36,1.5,161750
75.0,10650,CollgCr,1Story,5,1976,HdBoard,0.0,TA,CBlock,TA,Gd,Av,LwQ,894.0,TA,Y,SBrkr,894,0,3,TA,0,Attchd,Unf,308.0,Y,365,2.0,128200
68.0,7480,CollgCr,1Story,5,1972,Wd Sdng,0.0,TA,CBlock,TA,TA,Av,ALQ,876.0,TA,Y,SBrkr,876,0,3,TA,0,Detchd,Unf,484.0,Y,0,2.0,127000
80.0,10389,CollgCr,1Story,8,2003,CemntBd,320.0,Gd,PConc,Gd,TA,No,GLQ,1978.0,Ex,Y,SBrkr,1978,0,3,Gd,1,Attchd,RFn,850.0,Y,213,3.5,318000
70.0,11423,CollgCr,1Story,8,2001,VinylSd,479.0,Gd,PConc,Gd,TA,Av,GLQ,1581.0,Ex,Y,SBrkr,1601,0,3,Gd,1,Attchd,RFn,670.0,Y,180,3.0,272000
44.0,9548,CollgCr,2Story,7,2003,VinylSd,223.0,Gd,PConc,Gd,TA,No,GLQ,941.0,Ex,Y,SBrkr,941,888,3,Gd,1,Attchd,RFn,613.0,Y,231,3.5,237000
75.0,9375,CollgCr,2Story,7,1997,VinylSd,0.0,Gd,PConc,Gd,TA,No,Unf,1040.0,Ex,Y,SBrkr,1044,1054,4,Gd,1,Attchd,Fin,621.0,Y,369,2.5,240000
48.0,12137,CollgCr,1Story,7,1998,VinylSd,442.0,TA,PConc,Gd,TA,No,Unf,1649.0,Ex,Y,SBrkr,1661,0,3,Gd,0,Attchd,RFn,598.0,Y,34,2.0,224900
70.0,4435,CollgCr,1Story,6,2003,VinylSd,170.0,Gd,PConc,Gd,TA,Av,GLQ,848.0,Ex,Y,SBrkr,848,0,1,Gd,0,Attchd,Fin,420.0,Y,140,2.0,143750
70.0,4426,CollgCr,1Story,6,2004,VinylSd,169.0,Gd,PConc,Gd,TA,Av,GLQ,848.0,Ex,Y,SBrkr,848,0,1,Gd,0,Attchd,RFn,420.0,Y,160,2.0,143000
48.0,10635,CollgCr,1Story,8,2003,VinylSd,171.0,Gd,PConc,Gd,TA,Av,BLQ,1657.0,Ex,Y,SBrkr,1668,0,3,Gd,1,Attchd,Fin,502.0,Y,262,3.0,232000
70.0,8400,CollgCr,1Story,7,2004,VinylSd,109.0,Gd,PConc,Gd,TA,Av,GLQ,1473.0,Ex,Y,SBrkr,1484,0,3,Gd,0,Attchd,RFn,606.0,Y,35,3.0,213000
65.0,8773,CollgCr,1Story,7,2004,VinylSd,98.0,Gd,PConc,Gd,TA,Av,GLQ,1414.0,Ex,Y,SBrkr,1414,0,3,Gd,0,Attchd,RFn,494.0,Y,237,2.0,185500
67.0,8777,Edwards,1Story,3,1945,VinylSd,0.0,TA,CBlock,None,None,None,None,0.0,TA,N,SBrkr,640,0,2,TA,0,Detchd,Unf,240.0,N,0,1.0,84900
68.0,8842,Edwards,1Story,5,1954,VinylSd,0.0,TA,CBlock,Fa,TA,No,Unf,381.0,Ex,Y,SBrkr,992,0,3,TA,0,Detchd,Unf,319.0,Y,116,1.0,155891
75.0,9825,Edwards,1Story,5,1965,AsphShn,0.0,TA,CBlock,None,None,None,None,0.0,TA,N,SBrkr,1664,0,4,TA,0,None,None,0.0,Y,0,2.0,100000
60.0,10044,Edwards,1Story,5,1968,MetalSd,0.0,TA,CBlock,Gd,TA,Gd,ALQ,1196.0,TA,Y,SBrkr,1196,0,3,TA,0,Attchd,RFn,336.0,Y,425,2.0,144000
89.0,11792,Edwards,1.5Fin,4,1948,VinylSd,0.0,TA,CBlock,TA,TA,No,Unf,744.0,Ex,N,FuseF,792,328,2,Fa,0,Detchd,Unf,480.0,P,160,1.0,64000
65.0,6305,Edwards,SLvl,6,1975,Plywood,0.0,TA,CBlock,TA,TA,Av,ALQ,1008.0,TA,Y,SBrkr,1096,0,3,TA,1,Detchd,Unf,352.0,Y,0,2.0,125200
94.0,7819,Edwards,SLvl,6,1976,Plywood,0.0,TA,CBlock,TA,TA,Av,ALQ,1029.0,TA,Y,SBrkr,1117,0,3,TA,1,Detchd,Unf,672.0,Y,144,2.0,107000
64.0,6410,Edwards,1Story,4,1958,WdShing,0.0,TA,CBlock,TA,TA,No,Unf,960.0,Ex,Y,SBrkr,960,0,3,TA,0,None,None,0.0,Y,0,1.0,90000
80.0,8546,Edwards,1Story,4,2003,VinylSd,0.0,TA,PConc,Gd,TA,No,Unf,1121.0,Ex,Y,SBrkr,1121,0,2,TA,0,Attchd,RFn,440.0,Y,196,2.0,140000
52.0,8741,Edwards,1.5Fin,6,1945,VinylSd,0.0,TA,CBlock,TA,Fa,No,LwQ,735.0,TA,Y,FuseA,798,689,3,TA,1,Detchd,Unf,220.0,Y,140,1.5,113000
60.0,12180,Edwards,1.5Fin,4,1941,MetalSd,0.0,TA,BrkTil,Gd,TA,No,BLQ,672.0,Fa,N,FuseA,672,252,2,Fa,0,Detchd,Unf,280.0,Y,0,2.0,80000
68.0,8562,Edwards,1Story,5,1957,HdBoard,145.0,TA,CBlock,TA,TA,Av,Rec,1216.0,Ex,Y,FuseA,1526,0,4,TA,1,Basment,Unf,364.0,Y,194,1.0,144500
67.0,4853,SWISU,1Story,5,1924,MetalSd,203.0,TA,BrkTil,TA,TA,Mn,Rec,1107.0,Fa,N,FuseA,1296,0,2,Fa,1,Detchd,Unf,260.0,Y,36,2.0,104000
66.0,6858,SWISU,2Story,6,1915,Wd Sdng,0.0,TA,PConc,Gd,TA,No,Unf,806.0,TA,N,FuseF,841,806,4,Fa,0,Detchd,Unf,216.0,Y,202,2.5,128000
45.0,8212,Edwards,1Story,3,1914,Stucco,0.0,TA,BrkTil,TA,Fa,No,Rec,864.0,TA,N,FuseF,864,0,2,TA,0,Detchd,Unf,200.0,Y,96,2.0,58500
50.0,5000,SWISU,1.5Fin,5,1924,BrkFace,0.0,TA,BrkTil,TA,TA,No,LwQ,1026.0,TA,Y,SBrkr,1026,665,3,Gd,1,Detchd,Unf,308.0,Y,242,2.0,127000
60.0,7890,SWISU,1Story,6,1939,Wd Sdng,0.0,TA,CBlock,TA,TA,No,Rec,856.0,TA,Y,SBrkr,856,0,2,TA,1,Detchd,Unf,399.0,Y,166,2.0,126000
60.0,7200,SWISU,2Story,4,1967,Plywood,0.0,TA,Slab,None,None,None,None,0.0,TA,Y,SBrkr,862,1788,6,TA,0,None,None,0.0,Y,0,3.0,160000
51.0,9839,SWISU,1.5Fin,5,1931,VinylSd,0.0,TA,PConc,TA,Fa,No,Unf,894.0,Ex,Y,SBrkr,894,772,3,TA,1,None,None,0.0,N,156,2.0,100000
50.0,9638,SWISU,1.5Fin,6,1919,Wd Sdng,0.0,TA,PConc,TA,TA,No,Unf,804.0,Ex,Y,SBrkr,1699,748,4,Gd,1,Detchd,Unf,336.0,Y,430,2.0,169000
78.0,10452,Crawfor,1.5Fin,7,1941,Wd Sdng,371.0,Gd,BrkTil,Gd,TA,No,ALQ,1528.0,Ex,Y,SBrkr,1225,908,4,TA,2,Attchd,Unf,312.0,Y,86,2.5,257500
78.0,15600,Crawfor,2Story,5,1950,VinylSd,430.0,TA,CBlock,TA,TA,No,ALQ,1032.0,Ex,Y,SBrkr,1102,1075,5,TA,0,Detchd,Unf,484.0,Y,0,2.5,215000
66.0,9042,Crawfor,2Story,7,1941,CemntBd,0.0,Ex,Stone,TA,Gd,No,GLQ,1152.0,Ex,Y,SBrkr,1188,1152,4,Gd,2,Attchd,RFn,252.0,Y,60,2.0,266500
100.0,17500,Crawfor,1Story,7,1959,BrkFace,0.0,Gd,PConc,Gd,TA,Av,GLQ,1902.0,TA,Y,SBrkr,1902,0,3,Ex,2,Attchd,Fin,567.0,Y,369,3.0,335000
85.0,19645,Crawfor,SLvl,7,1994,VinylSd,44.0,TA,PConc,Gd,TA,No,GLQ,423.0,Ex,Y,SBrkr,896,756,3,Gd,0,BuiltIn,RFn,473.0,Y,0,3.5,203135
35.0,3907,Blueste,1Story,8,1989,HdBoard,0.0,Gd,CBlock,Gd,TA,Gd,GLQ,982.0,Gd,Y,SBrkr,1034,0,1,Gd,1,Attchd,Fin,598.0,Y,177,2.0,185000
35.0,3907,Blueste,1Story,8,1989,HdBoard,0.0,Gd,CBlock,Gd,TA,Av,GLQ,1191.0,Gd,Y,SBrkr,1191,0,2,Gd,1,Attchd,Unf,531.0,Y,193,2.0,162500
100.0,15602,Crawfor,1Story,7,1959,BrkFace,0.0,TA,CBlock,TA,TA,No,ALQ,1501.0,TA,Y,SBrkr,1801,0,1,TA,2,Attchd,Fin,484.0,Y,215,3.0,289000
40.0,5436,IDOTRR,1.5Fin,4,1922,VinylSd,0.0,TA,BrkTil,TA,TA,No,BLQ,796.0,Gd,Y,SBrkr,796,358,3,Gd,0,Detchd,Unf,240.0,N,96,2.0,125500
58.0,8154,IDOTRR,1Story,2,1941,Wd Sdng,0.0,TA,BrkTil,TA,TA,No,BLQ,480.0,TA,Y,SBrkr,540,0,1,TA,0,Detchd,Unf,200.0,N,0,1.0,82000
50.0,9140,IDOTRR,1.5Fin,6,1921,Wd Sdng,0.0,TA,BrkTil,TA,TA,Mn,BLQ,629.0,Fa,Y,SBrkr,727,380,2,TA,0,Detchd,Unf,625.0,Y,256,1.0,110000
60.0,7500,IDOTRR,1.5Fin,4,1920,MetalSd,0.0,TA,CBlock,TA,TA,No,Unf,698.0,TA,Y,FuseA,698,430,2,TA,0,Detchd,RFn,528.0,Y,194,1.0,68400
66.0,8712,IDOTRR,1.5Fin,4,1900,MetalSd,0.0,TA,Stone,TA,TA,Mn,Unf,859.0,Gd,Y,SBrkr,859,319,2,TA,0,Detchd,RFn,384.0,N,166,1.0,102776
66.0,8712,IDOTRR,1Story,5,1952,Wd Sdng,0.0,Fa,CBlock,TA,TA,Av,Unf,540.0,TA,N,FuseA,1044,0,2,Fa,0,Basment,Unf,504.0,N,0,1.0,55993
66.0,8712,IDOTRR,1Story,4,1896,Wd Sdng,0.0,Fa,CBlock,TA,TA,No,Unf,756.0,Gd,Y,SBrkr,952,0,3,TA,0,Detchd,RFn,330.0,N,265,1.0,50138
44.0,3811,Crawfor,1Story,8,2004,CemntBd,186.0,Gd,PConc,Ex,TA,Gd,GLQ,1594.0,Ex,Y,SBrkr,1646,0,2,Gd,1,Attchd,Fin,525.0,Y,336,3.5,246000
85.0,11050,Mitchel,2Story,8,1998,VinylSd,0.0,Gd,PConc,Gd,TA,No,GLQ,1049.0,Ex,Y,SBrkr,1036,880,3,Gd,1,Attchd,Unf,741.0,Y,70,3.5,254900
74.0,9620,Mitchel,SLvl,6,1977,Plywood,0.0,TA,CBlock,TA,TA,No,ALQ,1243.0,TA,Y,SBrkr,1285,0,3,Gd,1,Attchd,Unf,473.0,Y,401,2.5,190000
129.0,9196,Mitchel,1Story,7,2003,VinylSd,0.0,Gd,PConc,Ex,TA,No,Unf,1560.0,Ex,Y,SBrkr,1560,0,3,Gd,0,Attchd,Fin,573.0,Y,250,2.0,201000
74.0,12328,Mitchel,SLvl,6,1976,HdBoard,335.0,TA,CBlock,TA,TA,Av,GLQ,1012.0,TA,Y,SBrkr,1034,0,3,TA,0,Attchd,Unf,888.0,Y,0,2.0,169900
74.0,12760,Mitchel,1Story,6,1976,Plywood,0.0,TA,CBlock,TA,TA,No,Unf,1958.0,TA,Y,SBrkr,2048,0,5,TA,0,2Types,Unf,776.0,Y,0,3.0,170000
82.0,57200,Timber,1Story,5,1948,Wd Sdng,0.0,TA,CBlock,TA,TA,Av,BLQ,747.0,TA,Y,SBrkr,1687,0,3,TA,2,Detchd,Unf,572.0,N,50,2.0,160000
88.0,11896,Timber,1Story,7,2008,VinylSd,60.0,Gd,PConc,Gd,TA,No,GLQ,1336.0,Ex,Y,SBrkr,1346,0,3,Gd,1,Attchd,Fin,660.0,Y,148,3.0,220000
73.0,9803,Timber,1Story,7,2009,VinylSd,0.0,Gd,PConc,Gd,TA,No,Unf,1214.0,Ex,Y,SBrkr,1214,0,2,Gd,0,Attchd,RFn,520.0,Y,25,2.0,179781
73.0,9802,Timber,2Story,5,2006,VinylSd,0.0,TA,PConc,Gd,TA,No,Unf,384.0,Gd,Y,SBrkr,744,700,3,TA,0,BuiltIn,Fin,400.0,Y,100,2.5,174000
92.0,12003,Timber,2Story,8,2009,VinylSd,84.0,Gd,PConc,Ex,TA,No,Unf,774.0,Ex,Y,SBrkr,774,1194,4,Ex,1,BuiltIn,Fin,680.0,Y,75,2.5,269500
80.0,11316,Timber,2Story,7,2002,VinylSd,44.0,Gd,PConc,Gd,TA,No,GLQ,817.0,Ex,Y,SBrkr,824,1070,4,Gd,1,BuiltIn,Fin,510.0,Y,40,3.5,214900
85.0,14191,Timber,2Story,8,2002,VinylSd,0.0,Gd,PConc,Gd,TA,No,Unf,967.0,Ex,Y,SBrkr,993,915,4,Gd,0,Attchd,Fin,431.0,Y,135,2.5,202900
89.0,13214,Timber,1Story,9,2008,Stucco,0.0,Ex,PConc,Ex,TA,Gd,Unf,2002.0,Ex,Y,SBrkr,2018,0,3,Ex,1,Attchd,Fin,746.0,Y,220,2.0,378500
85.0,15300,Mitchel,1Story,5,1965,Plywood,0.0,TA,CBlock,TA,TA,No,Rec,1068.0,TA,Y,SBrkr,1264,0,2,TA,1,Attchd,Unf,528.0,Y,0,2.0,169000
93.0,10114,Mitchel,1Story,5,2004,VinylSd,0.0,TA,PConc,Ex,TA,Av,Unf,1430.0,Ex,Y,SBrkr,1430,0,3,Gd,0,Attchd,RFn,624.0,Y,0,2.0,173500
94.0,9400,Mitchel,2Story,6,1971,MetalSd,0.0,TA,CBlock,TA,TA,Av,Unf,912.0,TA,Y,SBrkr,912,912,4,TA,0,None,None,0.0,Y,128,3.0,139000
74.0,11875,Mitchel,1Story,5,1999,VinylSd,0.0,TA,PConc,Gd,TA,No,Unf,1344.0,Ex,Y,SBrkr,1344,0,3,TA,1,Attchd,Unf,686.0,Y,328,2.0,166500
21.0,1974,MeadowV,2Story,4,1973,CemntBd,0.0,TA,CBlock,TA,TA,No,BLQ,546.0,TA,Y,SBrkr,546,546,3,TA,0,Attchd,RFn,286.0,Y,216,1.5,83500
31.0,2394,MeadowV,1Story,5,1973,CemntBd,0.0,TA,CBlock,Gd,TA,Gd,GLQ,945.0,Ex,Y,SBrkr,945,0,2,TA,1,Attchd,RFn,253.0,Y,338,2.5,119500
36.0,2592,MeadowV,2Story,5,1976,CemntBd,0.0,TA,CBlock,Gd,TA,No,Rec,536.0,TA,Y,SBrkr,536,576,3,TA,0,Attchd,Unf,336.0,Y,182,1.5,85000
21.0,1476,MeadowV,2Story,4,1970,CemntBd,0.0,TA,CBlock,TA,TA,No,GLQ,546.0,Ex,Y,SBrkr,546,546,3,TA,0,None,None,0.0,Y,226,1.5,76000
21.0,1491,MeadowV,SFoyer,4,1972,CemntBd,0.0,TA,CBlock,Gd,TA,Av,LwQ,630.0,Ex,Y,SBrkr,630,0,1,TA,0,None,None,0.0,Y,120,2.0,75500
21.0,1900,MeadowV,2Story,4,1970,CemntBd,0.0,TA,CBlock,TA,TA,No,Unf,546.0,Ex,Y,SBrkr,546,546,3,TA,0,None,None,0.0,Y,0,1.5,88250
21.0,1890,MeadowV,2Story,4,1972,CemntBd,0.0,TA,CBlock,TA,TA,No,Rec,546.0,TA,Y,SBrkr,546,546,3,TA,0,Attchd,Unf,286.0,Y,64,1.5,85500
50.0,6953,Mitchel,1Story,5,1971,VinylSd,0.0,TA,CBlock,TA,TA,No,ALQ,864.0,Ex,Y,SBrkr,874,0,3,TA,0,Detchd,Unf,352.0,Y,0,1.0,130000
74.0,26142,Mitchel,1Story,5,1962,HdBoard,189.0,TA,CBlock,TA,TA,No,Rec,1188.0,TA,Y,SBrkr,1188,0,3,TA,0,Attchd,Unf,312.0,P,300,1.0,157900
76.0,12887,Mitchel,1Story,5,1984,VinylSd,0.0,TA,CBlock,Gd,TA,Mn,Rec,833.0,TA,Y,SBrkr,833,0,2,Gd,0,Attchd,Unf,495.0,Y,431,2.0,149900
70.0,7700,Mitchel,2Story,5,1985,HdBoard,0.0,TA,PConc,TA,TA,No,Unf,1216.0,Gd,Y,SBrkr,1216,1216,4,TA,0,Attchd,Unf,616.0,Y,200,5.0,159000
63.0,10475,Mitchel,2Story,5,1991,HdBoard,0.0,TA,PConc,Gd,TA,No,Rec,624.0,Gd,Y,SBrkr,624,650,3,TA,0,Detchd,Unf,576.0,Y,22,1.5,136000
68.0,10544,Mitchel,1.5Fin,5,1969,HdBoard,0.0,TA,CBlock,TA,TA,Av,BLQ,864.0,TA,Y,SBrkr,864,615,5,TA,0,Attchd,Fin,275.0,Y,567,2.0,161000
76.0,9892,Mitchel,1Story,8,1994,VinylSd,0.0,Gd,PConc,Gd,Gd,Gd,GLQ,1679.0,Ex,Y,SBrkr,1803,0,3,Gd,2,Attchd,Unf,482.0,Y,415,4.0,285000
74.0,12961,Mitchel,2Story,6,1993,VinylSd,0.0,Gd,PConc,Gd,TA,Mn,GLQ,1152.0,Ex,Y,SBrkr,1152,645,3,Gd,1,Attchd,Fin,616.0,Y,474,3.5,231000
74.0,13008,NAmes,1Story,6,1956,MetalSd,0.0,TA,CBlock,Fa,Fa,No,Rec,882.0,TA,Y,SBrkr,882,0,2,TA,0,Attchd,Unf,502.0,Y,0,1.0,124500
85.0,10200,NAmes,1Story,6,1974,Plywood,440.0,TA,CBlock,TA,TA,No,LwQ,1434.0,TA,Y,SBrkr,1434,0,4,TA,1,Attchd,RFn,528.0,Y,101,3.0,157000
75.0,13860,NAmes,SLvl,8,1972,Plywood,0.0,Gd,CBlock,Gd,TA,Gd,GLQ,1952.0,Gd,Y,SBrkr,2000,704,4,Ex,3,Attchd,Fin,538.0,Y,380,3.5,345000
88.0,10179,Gilbert,2Story,6,1997,VinylSd,0.0,TA,PConc,Gd,TA,No,ALQ,945.0,Ex,Y,SBrkr,945,663,3,TA,1,Attchd,Fin,470.0,Y,282,2.5,189500
64.0,11792,Gilbert,2Story,8,2003,VinylSd,188.0,Gd,PConc,Gd,TA,Gd,GLQ,1008.0,Ex,Y,SBrkr,1008,1275,4,Gd,1,BuiltIn,Fin,632.0,Y,166,2.5,270000
60.0,8400,Gilbert,SLvl,7,1996,HdBoard,32.0,TA,PConc,Gd,TA,No,GLQ,384.0,Gd,Y,SBrkr,958,670,3,TA,1,BuiltIn,Fin,390.0,Y,120,2.5,189000
42.0,14892,Gilbert,1Story,9,2006,VinylSd,160.0,Ex,PConc,Ex,TA,Gd,GLQ,1746.0,Ex,Y,SBrkr,1746,0,3,Ex,2,Attchd,Fin,758.0,Y,240,3.0,377500
64.0,8530,Gilbert,SLvl,7,1995,HdBoard,22.0,TA,PConc,Gd,TA,No,Unf,384.0,Gd,Y,SBrkr,804,670,3,TA,1,BuiltIn,Fin,400.0,Y,192,2.5,168500
28.0,7296,StoneBr,1Story,8,2004,CemntBd,0.0,Gd,PConc,Ex,TA,Av,GLQ,2208.0,Ex,Y,SBrkr,2522,0,1,Gd,1,Attchd,Fin,564.0,Y,239,3.0,375000
40.0,5664,StoneBr,1Story,8,2000,CemntBd,0.0,Gd,PConc,Gd,TA,No,GLQ,1501.0,Ex,Y,SBrkr,1659,0,2,Ex,1,Attchd,Fin,499.0,Y,271,3.0,278000
61.0,7380,StoneBr,1Story,8,1998,CemntBd,0.0,TA,PConc,Gd,TA,Av,GLQ,1418.0,Ex,Y,SBrkr,1478,0,2,TA,0,Attchd,Fin,495.0,Y,211,3.0,240000
57.0,8013,StoneBr,1Story,8,1995,CemntBd,0.0,Gd,PConc,Gd,TA,No,GLQ,1587.0,Ex,Y,SBrkr,1734,0,2,Gd,0,Attchd,RFn,528.0,Y,102,3.0,239500
57.0,8923,Gilbert,SLvl,7,1998,VinylSd,0.0,Gd,PConc,Gd,TA,No,GLQ,384.0,Gd,Y,SBrkr,751,631,3,TA,1,BuiltIn,Fin,396.0,Y,256,2.5,177500
74.0,10141,Gilbert,2Story,7,1998,VinylSd,40.0,TA,PConc,Gd,TA,No,Unf,832.0,Gd,Y,SBrkr,885,833,3,TA,1,Attchd,Fin,427.0,Y,385,2.5,185000
60.0,7500,Gilbert,2Story,6,1998,VinylSd,0.0,Gd,PConc,Gd,TA,No,GLQ,952.0,Gd,Y,SBrkr,952,684,3,TA,1,Attchd,Fin,440.0,Y,84,3.5,191000
59.0,7837,Gilbert,2Story,6,1993,VinylSd,0.0,Gd,PConc,Gd,TA,No,Unf,799.0,Gd,Y,SBrkr,799,772,3,TA,1,Attchd,RFn,380.0,Y,40,2.5,178000
64.0,9765,Gilbert,2Story,6,1993,VinylSd,68.0,Ex,PConc,Gd,Gd,No,ALQ,680.0,Gd,Y,SBrkr,680,790,3,TA,1,BuiltIn,Fin,420.0,Y,295,2.5,185000
64.0,8803,Gilbert,2Story,6,1994,HdBoard,0.0,TA,PConc,Gd,TA,No,GLQ,707.0,Gd,Y,SBrkr,707,809,3,Gd,1,Attchd,Fin,409.0,Y,46,3.5,181316
58.0,7250,Gilbert,1Story,6,1993,HdBoard,45.0,TA,PConc,Gd,TA,No,Unf,1181.0,Ex,Y,SBrkr,1190,0,3,Gd,1,Attchd,Unf,430.0,Y,21,2.0,166000
64.0,9636,Gilbert,2Story,6,1992,VinylSd,0.0,TA,PConc,Gd,TA,No,Unf,808.0,Gd,Y,SBrkr,808,785,3,TA,1,BuiltIn,RFn,389.0,Y,382,2.5,178000
65.0,8125,Gilbert,2Story,6,1994,HdBoard,0.0,TA,PConc,Gd,TA,No,Unf,702.0,Gd,Y,SBrkr,702,779,3,TA,1,Attchd,Fin,343.0,Y,36,2.5,174000
64.0,9248,Gilbert,1Story,6,1992,HdBoard,106.0,TA,PConc,Gd,TA,No,GLQ,1158.0,Gd,Y,SBrkr,1167,0,3,Gd,0,Attchd,RFn,400.0,Y,146,3.0,173000
64.0,10762,Gilbert,2Story,7,1999,VinylSd,344.0,Gd,PConc,Gd,TA,No,GLQ,978.0,Ex,Y,SBrkr,1005,978,3,Gd,1,Attchd,Fin,490.0,Y,0,2.5,225000
99.0,11851,Gilbert,1Story,7,1990,HdBoard,0.0,TA,PConc,Gd,TA,No,Unf,1424.0,Ex,Y,SBrkr,1442,0,3,TA,0,Attchd,RFn,500.0,Y,34,2.0,180500
60.0,5814,StoneBr,1Story,8,1984,HdBoard,0.0,Gd,CBlock,Gd,TA,Av,GLQ,1220.0,Gd,Y,SBrkr,1360,0,1,Gd,1,Attchd,RFn,565.0,Y,63,2.0,187500
63.0,17423,StoneBr,1Story,9,2008,VinylSd,748.0,Ex,PConc,Ex,TA,No,GLQ,2216.0,Ex,Y,SBrkr,2234,0,1,Ex,1,Attchd,Fin,1166.0,Y,60,3.0,501837
80.0,11844,StoneBr,1Story,8,2008,VinylSd,464.0,Gd,PConc,Ex,TA,Mn,Unf,2046.0,Ex,Y,SBrkr,2046,0,3,Gd,1,Attchd,Fin,834.0,Y,404,2.5,372500
124.0,16158,StoneBr,1Story,7,2005,VinylSd,16.0,Gd,PConc,Ex,TA,Av,ALQ,1530.0,Ex,Y,SBrkr,1530,0,3,Gd,1,Attchd,Fin,430.0,Y,204,3.0,260000
85.0,11900,Gilbert,2Story,5,1977,HdBoard,157.0,TA,PConc,Gd,TA,No,ALQ,1122.0,Ex,Y,SBrkr,946,988,3,TA,1,Attchd,Unf,567.0,P,376,3.5,185000
94.0,13005,NWAmes,2Story,7,1980,CemntBd,278.0,Gd,CBlock,Gd,TA,No,GLQ,845.0,TA,Y,SBrkr,1153,1200,4,Ex,1,Attchd,RFn,484.0,Y,483,3.5,260000
48.0,17043,NWAmes,1Story,6,1979,HdBoard,0.0,TA,CBlock,Gd,Fa,No,Unf,1362.0,TA,Y,SBrkr,1586,0,3,TA,1,Attchd,Unf,435.0,Y,192,2.0,181000
85.0,11900,NWAmes,1Story,7,1977,Plywood,209.0,TA,CBlock,TA,TA,No,ALQ,1386.0,TA,Y,SBrkr,1411,0,3,TA,1,Attchd,Fin,544.0,Y,192,2.0,82500
80.0,16635,NWAmes,1Story,6,1977,CemntBd,126.0,Gd,CBlock,Gd,TA,No,ALQ,1602.0,Gd,Y,SBrkr,1602,0,3,Gd,1,Attchd,Fin,529.0,Y,240,2.5,215000
80.0,13250,NWAmes,2Story,7,1978,HdBoard,256.0,TA,CBlock,Gd,TA,No,Unf,832.0,TA,Y,SBrkr,1154,896,4,Gd,1,Attchd,RFn,529.0,Y,384,2.5,154000
80.0,10928,NWAmes,1Story,6,1978,VinylSd,101.0,TA,PConc,TA,TA,No,LwQ,1427.0,TA,Y,SBrkr,1671,0,3,TA,1,Attchd,RFn,484.0,Y,307,2.0,200000
80.0,12388,NWAmes,2Story,7,1980,Plywood,229.0,TA,CBlock,Gd,TA,No,ALQ,1043.0,TA,Y,SBrkr,1539,1134,4,Gd,1,BuiltIn,RFn,441.0,Y,262,2.5,249000
80.0,14115,NWAmes,SLvl,7,1980,Plywood,225.0,TA,CBlock,Gd,TA,Av,GLQ,1372.0,TA,Y,SBrkr,1472,0,3,TA,2,Attchd,Unf,588.0,Y,281,3.0,187500
80.0,11088,NWAmes,1Story,6,1978,HdBoard,144.0,TA,PConc,TA,TA,No,ALQ,1140.0,Gd,Y,SBrkr,1707,0,3,TA,1,Attchd,Fin,479.0,Y,0,2.0,184000
80.0,9600,NWAmes,1Story,8,1981,BrkFace,0.0,Gd,PConc,Gd,TA,No,ALQ,2524.0,TA,Y,SBrkr,2524,0,4,Gd,1,Attchd,Fin,542.0,Y,594,3.5,278000
82.0,11880,NWAmes,1Story,7,1978,Plywood,206.0,TA,CBlock,Gd,TA,No,ALQ,1271.0,TA,Y,SBrkr,1601,0,3,TA,1,Attchd,RFn,478.0,Y,0,2.0,157000
80.0,10400,NWAmes,1Story,7,1976,HdBoard,189.0,TA,CBlock,Gd,TA,No,Unf,1090.0,TA,Y,SBrkr,1370,0,3,TA,1,Attchd,RFn,479.0,Y,0,2.0,152000
80.0,10304,NWAmes,2Story,5,1976,Plywood,44.0,TA,CBlock,TA,TA,No,ALQ,780.0,Ex,Y,SBrkr,1088,780,4,Gd,1,Attchd,Unf,484.0,Y,544,3.5,197500
70.0,7000,Somerst,2Story,7,2003,CemntBd,0.0,Gd,PConc,Gd,TA,Mn,GLQ,926.0,Ex,Y,SBrkr,1016,868,3,Ex,1,Attchd,RFn,581.0,Y,35,3.5,240900
75.0,8004,Somerst,2Story,8,2009,VinylSd,110.0,Gd,PConc,Gd,TA,No,GLQ,832.0,Ex,Y,SBrkr,832,1103,3,TA,0,BuiltIn,Fin,552.0,Y,150,3.5,263435
72.5,7500,Somerst,2Story,8,2000,VinylSd,0.0,Gd,PConc,Gd,TA,No,Unf,1058.0,Ex,Y,SBrkr,1058,816,3,Gd,1,Attchd,Fin,588.0,Y,134,2.5,220000
72.5,8470,Somerst,2Story,8,2002,VinylSd,0.0,Gd,PConc,Gd,TA,No,GLQ,972.0,Ex,Y,SBrkr,972,839,3,Gd,1,Attchd,RFn,565.0,Y,273,2.5,235000
80.0,9373,NWAmes,1Story,5,1975,HdBoard,161.0,TA,CBlock,Gd,TA,Av,ALQ,1621.0,TA,Y,SBrkr,1621,0,3,TA,2,Attchd,RFn,478.0,Y,490,3.0,213000
78.0,10140,NWAmes,1Story,6,1974,Plywood,196.0,TA,CBlock,TA,TA,No,ALQ,1116.0,Ex,Y,SBrkr,1116,0,3,TA,1,Attchd,RFn,528.0,Y,0,3.0,167900
85.0,11050,NWAmes,1Story,7,1975,Plywood,0.0,TA,CBlock,TA,TA,No,ALQ,1176.0,Fa,Y,SBrkr,1193,0,3,TA,1,Attchd,Unf,506.0,Y,40,2.0,158000
78.0,10140,NWAmes,1Story,6,1974,HdBoard,174.0,TA,CBlock,Gd,TA,No,Unf,1064.0,TA,Y,SBrkr,1350,0,3,TA,1,Attchd,RFn,478.0,Y,0,2.0,165000
80.0,10448,NWAmes,SLvl,6,1972,HdBoard,333.0,TA,CBlock,TA,TA,No,Unf,689.0,TA,Y,SBrkr,1378,741,3,TA,1,Attchd,RFn,583.0,Y,104,2.5,158000
60.0,9000,NAmes,2Story,5,1974,VinylSd,0.0,TA,CBlock,Gd,TA,No,Unf,896.0,TA,Y,SBrkr,896,896,4,TA,0,None,None,0.0,Y,77,3.0,136000
73.0,8750,NAmes,1Story,5,1970,MetalSd,76.0,TA,CBlock,TA,TA,No,BLQ,1002.0,TA,Y,SBrkr,1002,0,3,TA,0,Detchd,Unf,902.0,Y,0,2.0,148500
61.0,7930,NAmes,1Story,6,1969,Plywood,0.0,TA,CBlock,TA,TA,No,GLQ,1026.0,Gd,Y,SBrkr,1026,0,3,Gd,0,Detchd,RFn,440.0,Y,219,2.0,156000
73.0,7830,NAmes,1Story,5,1970,HdBoard,0.0,TA,CBlock,TA,TA,No,Unf,1180.0,TA,Y,SBrkr,1180,0,2,TA,0,Attchd,RFn,477.0,Y,45,1.5,128000
73.0,8510,NAmes,1Story,5,1971,Plywood,178.0,TA,CBlock,Gd,TA,No,ALQ,1043.0,Ex,Y,SBrkr,1050,0,3,TA,0,Attchd,Unf,336.0,Y,0,2.5,143000
60.0,7038,NAmes,1Story,4,1970,VinylSd,0.0,TA,CBlock,TA,TA,No,ALQ,864.0,TA,Y,SBrkr,864,0,3,TA,0,Detchd,Unf,576.0,Y,210,2.0,76500
60.0,6960,NAmes,1Story,4,1970,HdBoard,0.0,TA,CBlock,TA,TA,No,ALQ,864.0,TA,Y,SBrkr,864,0,3,Gd,0,Detchd,Unf,660.0,Y,96,1.0,120500
70.0,8120,NAmes,1Story,4,1970,MetalSd,0.0,TA,CBlock,TA,TA,No,ALQ,864.0,Ex,Y,SBrkr,864,0,3,TA,0,Detchd,Unf,463.0,Y,0,1.0,124500
70.0,10500,NAmes,1Story,4,1971,HdBoard,0.0,TA,CBlock,TA,TA,No,ALQ,864.0,Gd,Y,SBrkr,864,0,2,TA,0,Detchd,Unf,576.0,Y,216,1.0,97000
60.0,9000,NAmes,1Story,4,1971,VinylSd,0.0,TA,CBlock,TA,TA,No,ALQ,864.0,Gd,Y,SBrkr,864,0,3,TA,0,Detchd,Unf,576.0,Y,200,1.0,130000
21.0,1680,BrDale,2Story,6,1973,HdBoard,504.0,TA,CBlock,TA,TA,No,BLQ,483.0,TA,Y,SBrkr,483,504,2,TA,0,Detchd,Unf,264.0,Y,0,2.5,111000
24.0,2368,BrDale,2Story,5,1970,HdBoard,312.0,TA,CBlock,TA,TA,No,LwQ,765.0,TA,Y,SBrkr,765,600,3,TA,0,Attchd,Unf,440.0,Y,36,1.5,125000
21.0,1680,BrDale,2Story,5,1971,HdBoard,142.0,TA,CBlock,TA,TA,No,Unf,630.0,TA,Y,SBrkr,630,672,3,TA,0,Detchd,Unf,280.0,Y,0,2.5,112000
21.0,1680,BrDale,2Story,6,1972,HdBoard,425.0,TA,CBlock,TA,TA,No,Rec,483.0,TA,Y,SBrkr,483,504,2,TA,0,Detchd,Unf,288.0,Y,0,2.5,97000
21.0,1680,BrDale,2Story,6,1972,HdBoard,510.0,TA,CBlock,TA,TA,No,ALQ,483.0,Gd,Y,SBrkr,483,504,2,Gd,0,Detchd,Unf,264.0,Y,250,1.5,118000
21.0,1680,BrDale,2Story,5,1972,CemntBd,268.0,TA,CBlock,TA,TA,No,ALQ,630.0,TA,Y,SBrkr,630,672,3,TA,0,Detchd,Unf,264.0,Y,185,2.5,119500
24.0,4928,NPkVill,1Story,6,1976,Plywood,0.0,TA,CBlock,Gd,TA,No,LwQ,958.0,TA,Y,SBrkr,958,0,2,TA,0,Attchd,RFn,440.0,Y,60,2.0,143750
24.0,2308,NPkVill,2Story,6,1976,Plywood,0.0,TA,CBlock,Gd,TA,No,ALQ,804.0,TA,Y,SBrkr,804,744,3,TA,1,Detchd,RFn,440.0,Y,108,2.5,146000
24.0,2280,NPkVill,2Story,6,1976,Plywood,0.0,TA,CBlock,Gd,TA,No,ALQ,855.0,TA,Y,SBrkr,855,601,3,TA,1,Attchd,Unf,440.0,Y,87,2.5,148500
24.0,2280,NPkVill,1Story,7,1975,Plywood,0.0,TA,CBlock,Gd,TA,No,ALQ,1057.0,TA,Y,SBrkr,1055,0,2,TA,1,Attchd,RFn,440.0,Y,27,2.5,123000
24.0,2308,NPkVill,2Story,6,1974,Plywood,0.0,TA,CBlock,TA,TA,No,ALQ,855.0,TA,Y,SBrkr,855,467,3,TA,1,Attchd,Unf,440.0,Y,260,3.0,147000
24.0,2349,NPkVill,2Story,6,1977,Plywood,0.0,TA,CBlock,Gd,TA,No,ALQ,855.0,TA,Y,SBrkr,855,601,3,TA,1,Attchd,Unf,440.0,Y,28,2.5,137900
24.0,2364,NPkVill,2Story,6,1978,Plywood,0.0,TA,CBlock,Gd,TA,No,ALQ,804.0,TA,Y,SBrkr,804,744,3,TA,1,Detchd,Unf,440.0,Y,108,3.0,147000
24.0,2289,NPkVill,2Story,6,1978,Plywood,0.0,TA,CBlock,TA,TA,No,ALQ,855.0,TA,Y,SBrkr,855,586,3,TA,1,Attchd,Unf,440.0,Y,28,2.5,148500
24.0,2364,NPkVill,2Story,6,1978,Plywood,0.0,Gd,CBlock,Gd,TA,No,ALQ,855.0,TA,Y,SBrkr,855,601,3,TA,1,Attchd,Fin,440.0,Y,147,2.5,138000
24.0,2104,NPkVill,1Story,7,1976,Plywood,0.0,TA,CBlock,TA,TA,No,ALQ,836.0,TA,Y,SBrkr,836,0,2,TA,0,Attchd,Unf,345.0,Y,170,1.5,128500
65.0,7150,NAmes,1Story,5,1967,HdBoard,60.0,TA,CBlock,TA,TA,No,BLQ,892.0,TA,Y,SBrkr,892,0,3,TA,0,Attchd,RFn,288.0,Y,0,1.0,100000
73.0,10710,NAmes,1Story,5,1966,HdBoard,165.0,Gd,PConc,TA,TA,No,BLQ,864.0,Ex,Y,SBrkr,1120,0,3,TA,1,Attchd,RFn,656.0,Y,162,1.5,148800
96.0,12456,NridgHt,1Story,10,2006,CemntBd,230.0,Ex,PConc,Ex,TA,Gd,GLQ,1700.0,Ex,Y,SBrkr,1718,0,3,Ex,1,Attchd,Fin,786.0,Y,264,3.0,337500
110.0,14257,NridgHt,2Story,9,2007,VinylSd,726.0,Ex,PConc,Ex,TA,No,GLQ,1776.0,Ex,Y,SBrkr,1794,978,4,Ex,3,BuiltIn,Fin,754.0,Y,199,4.5,462000
104.0,13518,NridgHt,2Story,9,2008,VinylSd,860.0,Ex,PConc,Ex,TA,No,Unf,1926.0,Ex,Y,SBrkr,1966,1174,4,Ex,2,BuiltIn,Fin,820.0,Y,222,3.5,485000
105.0,15431,NridgHt,1Story,10,2008,VinylSd,200.0,Ex,PConc,Ex,TA,Gd,GLQ,3094.0,Ex,Y,SBrkr,2402,0,2,Ex,2,Attchd,Fin,672.0,Y,242,3.0,555000
108.0,13173,NridgHt,1Story,9,2006,VinylSd,300.0,Gd,PConc,Ex,TA,No,GLQ,1652.0,Ex,Y,SBrkr,1652,0,2,Ex,2,Attchd,Fin,840.0,Y,506,3.0,325000
110.0,14230,NridgHt,1Story,8,2007,VinylSd,640.0,Gd,PConc,Gd,TA,No,Unf,1566.0,Ex,Y,SBrkr,1600,0,3,Gd,1,Attchd,RFn,890.0,Y,56,2.0,256300
98.0,12704,NridgHt,1Story,8,2008,VinylSd,306.0,Ex,PConc,Ex,TA,No,Unf,2042.0,Ex,Y,SBrkr,2042,0,3,Ex,1,Attchd,RFn,1390.0,Y,90,2.5,253293
95.0,12350,NridgHt,2Story,9,2009,VinylSd,0.0,Gd,PConc,Ex,TA,No,GLQ,1365.0,Ex,Y,SBrkr,1365,1325,3,Ex,1,Attchd,RFn,864.0,Y,197,3.5,398800
96.0,11308,NridgHt,2Story,9,2008,VinylSd,154.0,Ex,PConc,Ex,TA,Av,GLQ,1104.0,Ex,Y,SBrkr,1130,1054,3,Ex,1,Attchd,Fin,836.0,Y,102,3.5,335000
95.0,12350,NridgHt,1Story,9,2008,VinylSd,450.0,Ex,PConc,Ex,TA,Av,GLQ,2020.0,Ex,Y,SBrkr,2020,0,3,Ex,1,Attchd,RFn,896.0,Y,290,3.0,404000
94.0,12220,NridgHt,1Story,10,2009,CemntBd,305.0,Ex,CBlock,Ex,TA,No,GLQ,2006.0,Ex,Y,SBrkr,2020,0,3,Ex,1,Attchd,Fin,900.0,Y,210,3.5,402861
97.0,13478,NridgHt,2Story,10,2008,CemntBd,420.0,Ex,PConc,Ex,TA,Gd,GLQ,1722.0,Ex,Y,SBrkr,1728,568,3,Ex,1,BuiltIn,RFn,842.0,Y,656,3.5,451950
105.0,13693,NridgHt,1Story,10,2007,VinylSd,472.0,Ex,PConc,Ex,TA,Gd,GLQ,2630.0,Ex,Y,SBrkr,2674,0,2,Ex,2,Attchd,Fin,762.0,Y,410,4.5,610000
107.0,13891,NridgHt,2Story,9,2008,VinylSd,424.0,Ex,PConc,Ex,TA,Gd,Unf,1734.0,Ex,Y,SBrkr,1734,1088,4,Ex,1,BuiltIn,RFn,1020.0,Y,414,3.5,582933
95.0,11578,NridgHt,1Story,9,2008,VinylSd,302.0,Ex,PConc,Ex,TA,No,Unf,1736.0,Ex,Y,SBrkr,1736,0,3,Ex,1,Attchd,RFn,834.0,Y,409,2.0,360000
129.0,16870,NridgHt,1Story,8,2004,VinylSd,238.0,Gd,PConc,Ex,TA,Gd,GLQ,1782.0,Ex,Y,SBrkr,1782,0,3,Gd,2,Attchd,Fin,932.0,Y,181,3.0,296000
59.0,23303,NridgHt,2Story,8,2007,VinylSd,20.0,Gd,PConc,Ex,TA,Av,GLQ,1508.0,Ex,Y,SBrkr,1508,1012,5,Ex,1,BuiltIn,Fin,640.0,Y,465,3.5,409900
87.0,11146,NridgHt,1Story,8,2006,VinylSd,250.0,Gd,PConc,Ex,TA,Av,Unf,1709.0,Ex,Y,SBrkr,1717,0,3,Gd,1,Attchd,RFn,908.0,Y,208,2.0,255500
87.0,10367,NridgHt,1Story,9,2008,VinylSd,284.0,Ex,PConc,Ex,TA,Mn,GLQ,1739.0,Ex,Y,SBrkr,1743,0,3,Ex,1,Attchd,RFn,927.0,Y,213,3.0,335000
76.0,9591,NridgHt,1Story,8,2004,VinylSd,262.0,Gd,PConc,Ex,TA,Av,GLQ,1713.0,Ex,Y,SBrkr,1713,0,3,Ex,1,Attchd,Fin,856.0,Y,196,3.0,274900
77.0,10872,NridgHt,1Story,9,2006,VinylSd,122.0,Gd,PConc,Ex,Gd,Av,GLQ,1504.0,Ex,Y,SBrkr,1531,0,2,Ex,1,Attchd,Fin,700.0,Y,236,3.0,300000
102.0,13514,NridgHt,1Story,9,2008,VinylSd,285.0,Ex,PConc,Ex,TA,No,GLQ,1774.0,Ex,Y,SBrkr,1808,0,3,Ex,1,Attchd,Fin,850.0,Y,226,3.0,324000
74.0,8834,NridgHt,2Story,9,2004,VinylSd,216.0,Gd,PConc,Ex,TA,No,GLQ,1462.0,Ex,Y,SBrkr,1462,762,4,Ex,1,Attchd,Fin,738.0,Y,184,3.5,350000
107.0,11362,NridgHt,1Story,8,2004,MetalSd,42.0,Gd,PConc,Ex,TA,Mn,GLQ,1836.0,Ex,Y,SBrkr,1836,0,3,Gd,1,Attchd,Fin,862.0,Y,310,3.0,280000
85.0,10655,NridgHt,1Story,8,2003,VinylSd,296.0,Gd,PConc,Gd,TA,No,GLQ,3206.0,Ex,Y,SBrkr,1629,0,3,Gd,1,Attchd,RFn,880.0,Y,0,3.0,284000
90.0,12878,NridgHt,1Story,7,2003,VinylSd,418.0,Gd,PConc,Gd,TA,No,ALQ,1760.0,Ex,Y,SBrkr,1760,0,3,Gd,1,Attchd,Fin,583.0,Y,355,3.0,269500
79.0,9541,NridgHt,1Story,7,2009,VinylSd,268.0,Gd,PConc,Gd,TA,No,Unf,1502.0,Ex,Y,SBrkr,1502,0,3,Gd,0,Attchd,RFn,644.0,Y,114,2.0,233170
103.0,13472,NridgHt,1Story,10,2003,VinylSd,922.0,Ex,PConc,Ex,TA,Gd,GLQ,2392.0,Ex,Y,SBrkr,2392,0,3,Ex,1,Attchd,Fin,968.0,Y,353,2.0,386250
110.0,15274,NridgHt,1Story,9,2003,VinylSd,724.0,Gd,PConc,Ex,TA,No,GLQ,2452.0,Ex,Y,SBrkr,2452,0,3,Ex,1,Attchd,Fin,886.0,Y,116,4.0,445000
96.0,13262,NridgHt,2Story,8,2003,VinylSd,186.0,Gd,PConc,Gd,TA,No,Unf,1082.0,Ex,Y,SBrkr,1105,1295,4,Gd,1,BuiltIn,Fin,730.0,Y,154,3.5,290000
70.0,9658,NridgHt,1Story,8,2006,VinylSd,383.0,Gd,PConc,Gd,TA,No,Unf,1598.0,Gd,Y,SBrkr,1606,0,3,Gd,1,Attchd,RFn,871.0,Y,290,2.0,255900
47.0,6904,NridgHt,1Story,6,2005,VinylSd,240.0,Gd,PConc,Gd,TA,Av,ALQ,1358.0,Ex,Y,SBrkr,1358,0,2,Gd,1,Attchd,RFn,484.0,Y,228,2.0,213000
34.0,5381,NridgHt,1Story,6,2005,VinylSd,135.0,Gd,PConc,Gd,TA,Av,ALQ,1306.0,Ex,Y,SBrkr,1306,0,1,Gd,1,Attchd,RFn,624.0,Y,233,3.0,196000
34.0,5122,NridgHt,1Story,6,2005,VinylSd,135.0,Gd,PConc,Gd,TA,Av,GLQ,1306.0,Ex,Y,SBrkr,1306,0,1,Gd,1,Attchd,RFn,624.0,Y,233,3.0,184500
80.0,10307,NridgHt,1Story,7,2007,VinylSd,176.0,Gd,PConc,Gd,TA,No,GLQ,1350.0,Ex,Y,SBrkr,1358,0,2,Gd,1,Attchd,RFn,484.0,Y,218,3.0,212500
34.0,5001,NridgHt,1Story,7,2007,VinylSd,166.0,Gd,PConc,Gd,TA,No,GLQ,1314.0,Ex,Y,SBrkr,1314,0,2,Gd,1,Attchd,RFn,626.0,Y,234,3.0,230000
100.0,14836,NridgHt,1Story,10,2004,CemntBd,730.0,Ex,PConc,Ex,TA,Gd,GLQ,2492.0,Ex,Y,SBrkr,2492,0,2,Ex,1,Attchd,Fin,949.0,Y,461,3.5,552000
117.0,15262,NridgHt,1Story,8,2003,VinylSd,470.0,Gd,PConc,Ex,TA,Gd,GLQ,2200.0,Ex,Y,SBrkr,2200,0,3,Ex,1,Attchd,Fin,685.0,Y,263,3.5,382500
44.0,7390,NridgHt,1Story,9,2008,MetalSd,308.0,Ex,PConc,Ex,TA,No,GLQ,1884.0,Ex,Y,SBrkr,1884,0,2,Ex,1,Attchd,Fin,649.0,Y,321,3.0,320000
48.0,6472,NridgHt,1Story,9,2008,VinylSd,500.0,Ex,PConc,Ex,TA,No,Unf,1451.0,Ex,Y,SBrkr,1456,0,2,Ex,1,Attchd,RFn,539.0,Y,234,2.0,248500
129.0,16770,NridgHt,1Story,8,2002,VinylSd,270.0,Gd,PConc,Ex,TA,Gd,GLQ,1712.0,Ex,Y,SBrkr,1712,0,3,Gd,1,Attchd,RFn,701.0,Y,401,3.0,286500
48.0,6240,NridgHt,1Story,8,2006,MetalSd,176.0,Gd,PConc,Gd,TA,No,GLQ,1324.0,Ex,Y,SBrkr,1324,0,2,Gd,1,Attchd,Fin,550.0,Y,230,3.0,254000
48.0,3480,NridgHt,1Story,7,2003,VinylSd,163.0,Gd,PConc,Gd,TA,No,Unf,1405.0,Ex,Y,SBrkr,1405,0,2,Gd,1,Attchd,RFn,478.0,Y,184,2.0,173000
36.0,2268,NridgHt,2Story,7,2003,VinylSd,106.0,Gd,PConc,Gd,TA,No,GLQ,764.0,Ex,Y,SBrkr,764,862,2,Gd,0,BuiltIn,RFn,474.0,Y,27,2.0,173000
63.0,10928,Gilbert,2Story,7,2005,VinylSd,0.0,Gd,PConc,Gd,Gd,No,Unf,728.0,Ex,Y,SBrkr,728,728,3,Gd,1,Attchd,Fin,390.0,Y,100,2.5,184000
57.0,8918,Gilbert,2Story,6,2005,VinylSd,0.0,Gd,PConc,Gd,TA,Av,Unf,745.0,Ex,Y,SBrkr,745,745,3,Gd,1,Attchd,Fin,392.0,Y,56,2.5,167800
149.0,12589,Gilbert,2Story,6,2005,VinylSd,0.0,Gd,PConc,Gd,TA,No,Unf,742.0,Ex,Y,SBrkr,742,742,3,Gd,1,Attchd,Fin,390.0,Y,60,2.5,174000
122.0,11911,Gilbert,2Story,6,2005,VinylSd,0.0,Gd,PConc,Gd,TA,Av,Unf,684.0,Ex,Y,SBrkr,684,876,3,Gd,1,BuiltIn,Fin,400.0,Y,138,2.5,174000
53.0,3684,Blmngtn,1Story,7,2007,VinylSd,130.0,Gd,PConc,Gd,TA,No,Unf,1373.0,Ex,Y,SBrkr,1555,0,2,Gd,1,Attchd,Fin,660.0,Y,163,2.0,174000
51.0,3635,Blmngtn,1Story,7,2007,VinylSd,130.0,Gd,PConc,Gd,TA,No,ALQ,1386.0,Ex,Y,SBrkr,1569,0,1,Gd,1,Attchd,RFn,660.0,Y,163,2.5,175900
43.0,3182,Blmngtn,1Story,7,2005,VinylSd,16.0,Gd,PConc,Gd,TA,Av,GLQ,1373.0,Ex,Y,SBrkr,1555,0,2,Gd,1,Attchd,Fin,430.0,Y,163,2.0,192500
43.0,3182,Blmngtn,1Story,7,2005,VinylSd,16.0,Gd,PConc,Gd,TA,No,GLQ,1346.0,Ex,Y,SBrkr,1504,0,1,Gd,1,Attchd,Fin,457.0,Y,156,2.0,181000
43.0,3182,Blmngtn,1Story,7,2005,VinylSd,16.0,Gd,PConc,Gd,TA,Av,GLQ,1220.0,Ex,Y,SBrkr,1220,0,2,Gd,1,Attchd,Fin,397.0,Y,116,2.0,180000
43.0,3182,Blmngtn,1Story,7,2005,VinylSd,11.0,Gd,PConc,Gd,TA,No,GLQ,1145.0,Ex,Y,SBrkr,1145,0,2,Gd,1,Attchd,Fin,397.0,Y,116,2.0,160200
71.0,7795,Gilbert,2Story,7,2004,VinylSd,0.0,Gd,PConc,Gd,TA,No,GLQ,716.0,Ex,Y,SBrkr,716,716,3,Gd,1,Attchd,Fin,432.0,Y,151,3.5,188500
64.0,8068,Gilbert,2Story,6,2002,VinylSd,0.0,Gd,PConc,Gd,TA,No,Unf,1010.0,Ex,Y,SBrkr,1010,1257,4,Gd,1,BuiltIn,RFn,390.0,Y,166,2.5,200000
59.0,9434,Gilbert,SLvl,7,2004,WdShing,0.0,Gd,PConc,Gd,TA,Mn,Unf,384.0,Ex,Y,SBrkr,744,630,3,Gd,1,BuiltIn,Fin,400.0,Y,100,2.5,170000
62.0,7984,Gilbert,2Story,7,2004,VinylSd,200.0,Gd,PConc,Gd,TA,No,Unf,868.0,Ex,Y,SBrkr,868,762,3,Gd,1,BuiltIn,Fin,436.0,Y,168,2.5,189500
64.0,7750,Gilbert,SLvl,8,2002,VinylSd,0.0,Gd,PConc,Gd,TA,No,GLQ,408.0,Ex,Y,SBrkr,779,640,3,Gd,1,BuiltIn,Fin,527.0,Y,120,3.5,184100
61.0,10125,Gilbert,2Story,7,2004,VinylSd,0.0,Gd,PConc,Gd,TA,Mn,Unf,846.0,Ex,Y,SBrkr,846,748,3,Gd,1,Attchd,Fin,434.0,Y,348,2.5,195500
64.0,8965,Gilbert,2Story,7,2003,VinylSd,0.0,Gd,PConc,Gd,TA,No,GLQ,782.0,Ex,Y,SBrkr,806,683,3,Gd,1,Attchd,Fin,400.0,Y,75,3.5,192000
64.0,8174,Gilbert,2Story,7,2003,VinylSd,0.0,Gd,PConc,Gd,TA,No,GLQ,698.0,Ex,Y,SBrkr,698,644,3,Gd,1,Attchd,Fin,393.0,Y,156,3.5,178000
34.0,5063,NridgHt,1Story,7,2007,VinylSd,166.0,Gd,PConc,Gd,TA,No,GLQ,1314.0,Ex,Y,SBrkr,1314,0,2,Gd,1,Attchd,RFn,626.0,Y,234,3.0,207500
64.0,8795,Gilbert,2Story,7,2000,VinylSd,0.0,Gd,PConc,Gd,TA,No,GLQ,952.0,Ex,Y,SBrkr,980,1276,4,Gd,1,BuiltIn,Fin,554.0,Y,278,2.5,236000
64.0,12891,Gilbert,2Story,8,2002,VinylSd,0.0,Gd,PConc,Ex,TA,No,GLQ,870.0,Ex,Y,SBrkr,878,1126,4,Gd,1,BuiltIn,Fin,644.0,Y,48,3.5,257500
64.0,12224,Gilbert,2Story,6,2000,VinylSd,40.0,Gd,PConc,Gd,TA,No,GLQ,992.0,Ex,Y,SBrkr,1022,1032,3,Gd,1,BuiltIn,RFn,390.0,Y,72,3.5,244000
61.0,9734,Gilbert,SLvl,7,2004,VinylSd,0.0,Gd,PConc,Gd,TA,Mn,GLQ,384.0,Ex,Y,SBrkr,744,630,3,Gd,0,BuiltIn,Fin,400.0,Y,0,2.5,167000
60.0,8123,Gilbert,2Story,6,2000,VinylSd,16.0,TA,PConc,Gd,TA,No,Unf,982.0,Ex,Y,SBrkr,1007,793,3,TA,1,Attchd,Fin,463.0,Y,163,2.5,179000
42.0,8433,Gilbert,2Story,6,2000,VinylSd,0.0,TA,PConc,Gd,TA,No,GLQ,794.0,Ex,Y,SBrkr,819,695,3,TA,1,Attchd,Fin,394.0,Y,72,3.5,190000
62.0,7750,Gilbert,SLvl,7,1999,VinylSd,0.0,TA,PConc,Gd,TA,No,Unf,384.0,Ex,Y,SBrkr,774,656,3,TA,1,BuiltIn,RFn,400.0,Y,0,2.5,156000
64.0,15896,Gilbert,2Story,7,1999,VinylSd,210.0,Gd,PConc,Gd,TA,No,ALQ,1177.0,Ex,Y,SBrkr,1223,1089,4,Gd,1,BuiltIn,Fin,658.0,Y,298,3.5,245000
64.0,24682,Gilbert,2Story,6,1999,VinylSd,0.0,TA,PConc,Gd,TA,No,Unf,841.0,Ex,Y,SBrkr,892,783,3,TA,1,BuiltIn,Fin,502.0,Y,103,2.5,181000
64.0,8755,Gilbert,2Story,7,1999,VinylSd,298.0,Gd,PConc,Gd,TA,No,ALQ,992.0,Ex,Y,SBrkr,1022,1038,3,Gd,1,BuiltIn,RFn,390.0,Y,0,3.5,214000
64.0,7848,Gilbert,SLvl,7,1999,VinylSd,0.0,TA,PConc,TA,TA,No,Unf,384.0,Ex,Y,SBrkr,774,656,3,TA,1,BuiltIn,Fin,410.0,Y,0,2.5,168000
82.0,9430,NoRidge,2Story,8,1999,VinylSd,673.0,Gd,PConc,Gd,TA,Mn,GLQ,1252.0,Ex,Y,SBrkr,1268,1097,3,Gd,1,Attchd,RFn,856.0,Y,308,3.5,337000
174.0,15138,NoRidge,2Story,8,1995,VinylSd,506.0,Gd,PConc,Gd,TA,No,GLQ,1462.0,Ex,Y,SBrkr,1490,1304,4,Ex,1,Attchd,Fin,810.0,Y,348,3.5,403000
106.0,12720,NoRidge,2Story,8,2000,VinylSd,150.0,Gd,PConc,Gd,TA,Mn,GLQ,1455.0,Ex,Y,SBrkr,1466,1221,4,Gd,2,BuiltIn,RFn,810.0,Y,282,3.5,327000
89.0,16545,NoRidge,2Story,8,1998,VinylSd,731.0,Gd,PConc,Gd,TA,Mn,GLQ,1284.0,Ex,Y,SBrkr,1310,1140,3,Gd,1,Attchd,Fin,1069.0,Y,126,3.5,340000
98.0,12203,NoRidge,2Story,8,1998,VinylSd,975.0,Gd,PConc,Gd,TA,No,GLQ,1225.0,Ex,Y,SBrkr,1276,1336,4,Gd,1,Attchd,Fin,676.0,Y,250,3.5,336000
79.0,10208,NoRidge,2Story,7,1996,VinylSd,921.0,Gd,PConc,Gd,TA,No,Unf,1264.0,Ex,Y,SBrkr,1277,1067,3,Gd,1,Attchd,RFn,889.0,Y,220,2.5,265000
89.0,10750,NoRidge,1Story,8,1994,Wd Sdng,634.0,Gd,PConc,Gd,TA,Av,BLQ,2024.0,Ex,Y,SBrkr,2063,0,3,Gd,2,Attchd,Fin,815.0,Y,238,3.0,315000
90.0,9900,NoRidge,2Story,7,1993,HdBoard,256.0,Gd,PConc,Gd,TA,Gd,GLQ,1347.0,Ex,Y,SBrkr,1372,1274,4,Gd,1,Attchd,RFn,656.0,Y,544,3.5,260000
79.0,9085,NoRidge,2Story,7,1995,VinylSd,286.0,Gd,PConc,Gd,TA,No,GLQ,1070.0,Ex,Y,SBrkr,1094,967,3,Gd,1,Attchd,Fin,647.0,Y,607,3.5,260000
89.0,11692,NoRidge,2Story,8,1993,HdBoard,372.0,Gd,PConc,Gd,TA,No,GLQ,1173.0,Ex,Y,SBrkr,1215,1017,3,Gd,1,Attchd,RFn,623.0,Y,338,3.5,263550
52.0,46589,NoRidge,2Story,8,1994,VinylSd,528.0,Gd,PConc,Gd,Gd,No,GLQ,1629.0,Ex,Y,SBrkr,1686,762,4,Gd,1,Attchd,RFn,711.0,Y,593,3.5,402000
89.0,29959,NoRidge,2Story,7,1994,HdBoard,0.0,Gd,PConc,Gd,TA,No,GLQ,973.0,Ex,Y,SBrkr,979,871,3,Gd,1,BuiltIn,Fin,467.0,Y,266,2.5,248000
74.0,9612,Somerst,1Story,8,2008,VinylSd,72.0,Gd,PConc,Gd,TA,No,Unf,1468.0,Ex,Y,SBrkr,1468,0,3,Gd,1,Attchd,Fin,898.0,Y,360,2.0,244600
86.0,11194,Somerst,1Story,8,2008,VinylSd,240.0,Gd,PConc,Gd,TA,Mn,Unf,1696.0,Ex,Y,SBrkr,1696,0,3,Gd,0,Attchd,RFn,972.0,Y,176,2.0,275000
78.0,10206,Somerst,1Story,8,2008,VinylSd,294.0,Gd,PConc,Gd,TA,No,Unf,1614.0,Ex,Y,SBrkr,1658,0,3,Gd,1,Attchd,Fin,726.0,Y,188,2.5,257500
78.0,9262,Somerst,1Story,8,2008,CemntBd,194.0,Gd,PConc,Gd,TA,No,Unf,1573.0,Ex,Y,SBrkr,1578,0,3,Ex,1,Attchd,Fin,840.0,Y,36,2.0,287090
85.0,10130,Somerst,1Story,8,2007,VinylSd,260.0,Gd,PConc,Gd,TA,Av,GLQ,1702.0,Ex,Y,SBrkr,1702,0,3,Gd,1,Attchd,RFn,844.0,Y,69,3.0,275500
76.0,9139,Somerst,1Story,8,2006,VinylSd,206.0,Gd,PConc,Ex,TA,Av,GLQ,1422.0,Ex,Y,SBrkr,1432,0,3,Gd,1,Attchd,Fin,492.0,Y,347,2.0,245000
75.0,9675,Somerst,2Story,7,2005,VinylSd,0.0,Gd,PConc,Gd,TA,Mn,GLQ,1113.0,Ex,Y,SBrkr,1113,858,3,Gd,1,Attchd,RFn,689.0,Y,48,2.5,253000
85.0,11128,Somerst,1Story,9,2005,VinylSd,198.0,Ex,PConc,Ex,TA,Gd,GLQ,2458.0,Ex,Y,SBrkr,2490,0,2,Ex,2,Attchd,Fin,795.0,Y,296,3.0,468000
72.0,8640,Somerst,2Story,7,2009,VinylSd,0.0,TA,PConc,Gd,TA,No,GLQ,900.0,Ex,Y,SBrkr,932,920,3,Gd,1,Attchd,RFn,644.0,Y,276,3.5,252678
75.0,9000,Somerst,2Story,8,2008,VinylSd,0.0,Gd,PConc,Gd,TA,No,Unf,768.0,Ex,Y,SBrkr,786,804,3,Gd,0,Attchd,RFn,676.0,Y,30,2.5,210000
75.0,7862,Somerst,1Story,6,2009,VinylSd,0.0,Gd,PConc,Gd,TA,No,GLQ,1218.0,Ex,Y,SBrkr,1218,0,2,Gd,0,Attchd,Fin,676.0,Y,102,2.0,208300
90.0,7993,Somerst,1Story,7,2008,VinylSd,0.0,Gd,PConc,Ex,TA,No,Unf,1436.0,Ex,Y,SBrkr,1436,0,3,Gd,0,Attchd,Fin,529.0,Y,121,2.0,225000
72.0,8640,Somerst,1Story,8,2009,CemntBd,72.0,Gd,PConc,Gd,TA,Mn,GLQ,1300.0,Ex,Y,SBrkr,1314,0,3,Gd,0,Attchd,RFn,552.0,Y,247,3.0,229456
72.0,8640,Somerst,1Story,7,2008,VinylSd,0.0,Gd,PConc,Gd,TA,No,Unf,1402.0,Ex,Y,SBrkr,1402,0,3,Gd,0,Attchd,RFn,625.0,Y,331,2.0,229800
112.0,12606,Somerst,1Story,9,2007,VinylSd,120.0,Gd,PConc,Gd,TA,Av,Unf,1530.0,Ex,Y,SBrkr,1530,0,3,Gd,1,Attchd,RFn,984.0,Y,348,2.0,250000
85.0,9187,Somerst,1Story,9,2009,CemntBd,162.0,Ex,PConc,Ex,TA,Mn,GLQ,1766.0,Ex,Y,SBrkr,1766,0,2,Ex,1,Attchd,Fin,478.0,Y,325,3.5,370878
75.0,7500,Somerst,1Story,8,2006,VinylSd,238.0,Gd,PConc,Gd,TA,No,GLQ,1372.0,Ex,Y,SBrkr,1448,0,2,Gd,1,Attchd,RFn,692.0,Y,140,2.0,238500
85.0,11003,Somerst,2Story,10,2008,VinylSd,160.0,Ex,PConc,Ex,TA,Av,GLQ,1017.0,Ex,Y,SBrkr,1026,981,3,Ex,1,Attchd,Fin,812.0,Y,220,3.5,310000
84.0,10603,Somerst,2Story,8,2006,VinylSd,121.0,Gd,PConc,Ex,Gd,No,GLQ,900.0,Ex,Y,SBrkr,909,886,3,Gd,1,Attchd,Fin,782.0,Y,213,3.5,270000
85.0,10574,Somerst,2Story,8,2005,VinylSd,0.0,Gd,PConc,Gd,TA,Mn,Unf,1082.0,Ex,Y,SBrkr,1082,871,3,Gd,1,Attchd,RFn,1043.0,Y,210,2.5,252000
65.0,8125,Somerst,2Story,7,2006,CemntBd,100.0,Gd,PConc,Gd,TA,No,GLQ,1092.0,Ex,Y,SBrkr,1112,438,2,Gd,0,Attchd,Fin,438.0,Y,168,3.0,241000
65.0,8125,Somerst,1Story,8,2008,VinylSd,288.0,Gd,PConc,Gd,TA,No,Unf,1836.0,Ex,Y,SBrkr,1836,0,3,Gd,1,Attchd,Fin,517.0,Y,175,2.0,264500
85.0,10625,Somerst,1Story,7,2006,VinylSd,0.0,Gd,PConc,Gd,TA,No,GLQ,1652.0,Ex,Y,SBrkr,1662,0,3,Ex,1,Attchd,RFn,711.0,Y,288,3.0,291000
75.0,9375,Somerst,2Story,7,2003,VinylSd,0.0,Gd,PConc,Gd,TA,No,Unf,912.0,Ex,Y,SBrkr,912,1182,4,Gd,1,BuiltIn,Fin,615.0,Y,364,2.5,263000
62.0,7500,Somerst,1Story,7,2004,VinylSd,0.0,Gd,PConc,Gd,TA,No,GLQ,1221.0,Ex,Y,SBrkr,1221,0,2,Gd,0,Attchd,RFn,400.0,Y,113,3.0,185000
68.0,8736,Somerst,1Story,7,2003,VinylSd,0.0,Gd,PConc,Gd,TA,No,GLQ,1553.0,Ex,Y,SBrkr,1553,0,3,Gd,0,Attchd,RFn,588.0,Y,280,3.0,234500
65.0,8127,Somerst,2Story,7,2003,VinylSd,0.0,Gd,PConc,Gd,TA,No,GLQ,812.0,Ex,Y,SBrkr,812,841,3,Gd,0,Attchd,RFn,628.0,Y,45,3.5,209000
80.0,9605,SawyerW,1Story,7,2007,VinylSd,0.0,Gd,PConc,Gd,TA,No,Unf,1218.0,Ex,Y,SBrkr,1218,0,3,Gd,0,Detchd,RFn,576.0,Y,178,1.5,159000
63.0,7500,SawyerW,1Story,7,2006,VinylSd,0.0,Gd,PConc,Gd,Gd,No,GLQ,1141.0,Ex,Y,SBrkr,1141,0,3,Gd,0,Detchd,RFn,484.0,Y,182,2.5,152000
63.0,7500,SawyerW,1Story,6,2004,VinylSd,0.0,TA,PConc,Gd,TA,No,Unf,1158.0,Ex,Y,SBrkr,1158,0,3,Gd,0,None,None,0.0,Y,50,1.5,143500
96.0,10628,SawyerW,2Story,7,2004,VinylSd,0.0,Gd,PConc,Gd,TA,Gd,Unf,835.0,Ex,Y,SBrkr,871,941,3,Gd,0,BuiltIn,RFn,478.0,Y,237,2.5,193000
76.0,10141,SawyerW,1Story,8,2004,VinylSd,264.0,Gd,PConc,Gd,TA,Gd,BLQ,1512.0,Ex,Y,SBrkr,1512,0,3,Gd,0,Attchd,RFn,845.0,Y,246,2.0,203000
67.0,10083,SawyerW,1Story,7,2003,VinylSd,0.0,Gd,PConc,Gd,TA,No,GLQ,1176.0,Ex,Y,SBrkr,1200,0,2,Gd,0,Attchd,RFn,555.0,Y,41,3.0,184900
63.0,13072,SawyerW,1Story,7,2004,VinylSd,0.0,Gd,PConc,Gd,TA,No,Unf,1114.0,Ex,Y,SBrkr,1114,0,3,Gd,0,Detchd,Unf,576.0,Y,350,1.5,159000
63.0,13072,SawyerW,1Story,5,2004,VinylSd,0.0,TA,PConc,Gd,TA,No,Unf,1114.0,Ex,Y,SBrkr,1114,0,3,Gd,0,None,None,0.0,Y,39,1.5,142000
60.0,12450,SawyerW,1Story,5,2003,VinylSd,0.0,TA,PConc,Gd,TA,No,GLQ,1114.0,Ex,Y,SBrkr,1114,0,3,Gd,0,Detchd,Unf,576.0,Y,42,3.0,153000
61.0,7328,SawyerW,1Story,7,2008,VinylSd,140.0,Gd,PConc,Gd,TA,No,Unf,1450.0,Ex,Y,SBrkr,1450,0,2,Gd,0,Attchd,RFn,788.0,Y,93,2.0,224243
43.0,11492,SawyerW,2Story,7,1996,VinylSd,132.0,Gd,PConc,Gd,TA,No,GLQ,913.0,Ex,Y,SBrkr,913,1209,4,Gd,1,Attchd,RFn,559.0,Y,74,3.5,220000
88.0,10994,SawyerW,1Story,8,2005,VinylSd,366.0,Gd,PConc,Gd,Gd,No,GLQ,1844.0,Ex,Y,SBrkr,1844,0,2,Gd,1,Attchd,Fin,620.0,Y,209,3.0,257000
65.0,8529,SawyerW,1Story,7,2001,VinylSd,0.0,Gd,PConc,Gd,TA,No,GLQ,1454.0,Ex,Y,SBrkr,1434,0,3,Gd,1,Attchd,RFn,527.0,Y,329,2.0,189000
70.0,7703,SawyerW,2Story,6,1992,HdBoard,0.0,Gd,PConc,Gd,Gd,No,GLQ,816.0,Ex,Y,SBrkr,833,897,3,Gd,0,Attchd,RFn,528.0,Y,259,2.5,171500
75.0,10762,SawyerW,2Story,6,1980,Plywood,0.0,TA,CBlock,Gd,TA,No,Unf,626.0,TA,Y,SBrkr,626,591,3,TA,1,Attchd,RFn,288.0,Y,28,1.5,120000
50.0,7175,SawyerW,1Story,6,1990,Plywood,0.0,Gd,PConc,Gd,TA,No,Unf,1332.0,Gd,Y,SBrkr,1332,0,2,Gd,0,Attchd,RFn,542.0,Y,60,2.0,145000
70.0,9109,SawyerW,2Story,7,1994,VinylSd,0.0,Gd,PConc,Gd,TA,No,LwQ,754.0,Ex,Y,SBrkr,754,786,3,Gd,0,Attchd,RFn,495.0,Y,172,3.5,184000
67.0,10274,SawyerW,2Story,6,1986,VinylSd,141.0,TA,CBlock,Gd,TA,No,Rec,676.0,TA,Y,SBrkr,698,702,3,TA,0,Attchd,RFn,465.0,Y,48,2.5,162000
75.0,8250,SawyerW,2Story,6,1981,Wd Sdng,0.0,TA,Slab,None,None,None,None,0.0,TA,Y,SBrkr,964,918,4,TA,2,Attchd,Unf,612.0,Y,0,2.0,160000
60.0,8400,SawyerW,1Story,4,1950,Wd Sdng,0.0,Fa,CBlock,TA,Fa,No,Unf,721.0,Gd,Y,SBrkr,841,0,2,TA,0,CarPort,Unf,294.0,N,274,1.0,82000
60.0,9000,SawyerW,1.5Unf,6,1928,Wd Sdng,0.0,TA,BrkTil,Fa,Fa,No,Unf,784.0,TA,N,FuseA,784,0,2,TA,0,Detchd,Unf,360.0,N,91,1.0,76000
63.0,9750,Sawyer,1Story,5,1962,HdBoard,0.0,TA,CBlock,TA,TA,No,LwQ,980.0,Gd,Y,SBrkr,980,0,3,TA,0,Detchd,Unf,400.0,Y,28,2.0,110000
71.0,7064,Sawyer,1Story,5,1977,Plywood,153.0,TA,CBlock,TA,TA,No,BLQ,980.0,TA,Y,SBrkr,980,0,3,TA,0,Detchd,Unf,484.0,Y,192,1.0,135000
72.0,8499,Sawyer,1Story,5,1961,MetalSd,0.0,TA,CBlock,TA,TA,No,GLQ,864.0,Ex,Y,SBrkr,864,0,3,TA,0,Detchd,Unf,732.0,Y,312,2.0,141000
72.0,9079,Sawyer,1Story,5,1961,Wd Sdng,0.0,TA,CBlock,TA,TA,No,BLQ,864.0,TA,Y,SBrkr,864,0,2,TA,0,Attchd,Unf,440.0,Y,158,1.0,122000
72.0,9316,Sawyer,1Story,5,1965,HdBoard,0.0,TA,CBlock,TA,TA,No,Rec,1024.0,Gd,Y,SBrkr,1020,0,3,TA,0,Attchd,Unf,288.0,Y,171,2.0,124100
72.0,7791,Sawyer,1Story,5,1963,Plywood,0.0,Gd,CBlock,TA,TA,No,ALQ,912.0,Ex,Y,SBrkr,912,0,3,Gd,0,Attchd,RFn,300.0,Y,0,2.0,129000
80.0,10000,Sawyer,1Story,5,1961,HdBoard,0.0,TA,CBlock,TA,TA,No,BLQ,864.0,Ex,Y,SBrkr,1144,0,3,TA,1,Attchd,RFn,264.0,Y,165,2.0,131400
60.0,8281,Sawyer,1Story,5,1965,MetalSd,0.0,TA,CBlock,TA,TA,No,Rec,864.0,Gd,Y,SBrkr,864,0,3,TA,1,Detchd,Unf,360.0,Y,236,1.0,62383
65.0,7150,Sawyer,1Story,5,1962,VinylSd,60.0,TA,CBlock,TA,TA,No,LwQ,912.0,Gd,Y,SBrkr,912,0,3,TA,0,Attchd,Unf,252.0,Y,0,1.5,123000
80.0,15676,Veenker,1Story,8,1980,VinylSd,115.0,Gd,CBlock,Gd,Gd,Gd,ALQ,2014.0,Gd,Y,SBrkr,2014,0,2,Gd,2,Attchd,RFn,864.0,Y,462,3.0,275000
89.0,11949,NoRidge,2Story,7,1991,VinylSd,196.0,Gd,PConc,Gd,TA,No,GLQ,975.0,Ex,Y,SBrkr,975,780,3,Gd,1,Attchd,Unf,524.0,Y,562,3.0,235000
32.0,2880,Somerst,2Story,7,2004,MetalSd,0.0,Gd,PConc,Gd,TA,No,Unf,1376.0,Ex,Y,SBrkr,1376,1629,3,Gd,1,BuiltIn,Fin,704.0,Y,177,2.5,280750
40.0,3951,Somerst,2Story,6,2009,VinylSd,76.0,Gd,PConc,Gd,TA,Av,Unf,612.0,Ex,Y,SBrkr,612,612,2,Gd,0,Detchd,RFn,528.0,Y,234,2.5,164500
30.0,3000,Somerst,2Story,6,2009,VinylSd,76.0,Gd,PConc,Gd,TA,Av,GLQ,612.0,Ex,Y,SBrkr,612,612,2,Gd,0,Detchd,RFn,528.0,Y,234,2.5,173733
72.5,3830,Somerst,1Story,6,2008,VinylSd,280.0,Gd,PConc,Gd,TA,No,Unf,1726.0,Ex,Y,SBrkr,1726,0,2,Gd,1,Attchd,Fin,561.0,Y,254,2.5,222000
72.5,4217,Somerst,1Story,6,2008,VinylSd,252.0,Gd,PConc,Gd,TA,No,GLQ,1145.0,Ex,Y,SBrkr,1256,0,1,Gd,1,Attchd,Fin,641.0,Y,169,2.5,195000
34.0,3230,Somerst,2Story,6,1999,MetalSd,894.0,TA,PConc,Gd,TA,No,GLQ,729.0,Gd,Y,SBrkr,742,729,3,TA,0,Detchd,Unf,440.0,Y,24,2.5,172500
34.0,2998,Somerst,2Story,6,2000,MetalSd,513.0,Gd,PConc,Gd,TA,No,GLQ,756.0,Ex,Y,SBrkr,756,756,2,Gd,0,Detchd,Unf,440.0,Y,32,3.5,180000
35.0,3768,Somerst,2Story,7,1999,MetalSd,218.0,Gd,PConc,Gd,TA,No,GLQ,691.0,Ex,Y,SBrkr,713,739,3,Gd,0,Detchd,Unf,506.0,Y,34,3.5,156000
24.0,2645,Somerst,2Story,8,1999,MetalSd,456.0,Gd,PConc,Gd,TA,No,GLQ,970.0,Ex,Y,SBrkr,983,756,3,Gd,0,Attchd,Fin,480.0,Y,115,3.5,172500
80.0,14694,Veenker,1Story,8,1977,MetalSd,450.0,Ex,CBlock,Gd,Gd,Gd,GLQ,1694.0,Ex,Y,SBrkr,1694,0,2,Ex,1,Attchd,Fin,642.0,Y,621,3.0,318750
61.0,3782,Greens,1Story,8,1981,Wd Sdng,0.0,Gd,CBlock,Gd,TA,Gd,GLQ,1226.0,TA,Y,SBrkr,1226,0,1,Gd,2,Attchd,Fin,484.0,Y,211,2.0,211500
110.0,15417,Veenker,1Story,7,1981,BrkFace,0.0,Gd,CBlock,Gd,TA,Mn,LwQ,1740.0,TA,Y,SBrkr,1740,0,2,Gd,0,Attchd,RFn,540.0,Y,466,1.5,241600
80.0,9600,Veenker,SLvl,8,1976,Plywood,200.0,Gd,CBlock,TA,TA,No,Unf,392.0,Ex,Y,SBrkr,1487,1012,4,TA,1,Attchd,Unf,527.0,Y,64,2.5,180500
72.0,9991,Sawyer,1Story,4,1976,Plywood,0.0,TA,CBlock,TA,TA,No,BLQ,1281.0,Ex,Y,SBrkr,1620,0,3,TA,1,Attchd,Unf,490.0,Y,198,3.0,150000
78.0,11700,NWAmes,2Story,6,1968,MetalSd,0.0,TA,CBlock,TA,TA,No,Rec,727.0,Ex,Y,SBrkr,829,727,4,TA,0,Attchd,Unf,441.0,Y,0,1.5,154000
80.0,11717,NWAmes,1Story,6,1970,HdBoard,571.0,TA,CBlock,TA,TA,No,Unf,1442.0,TA,Y,SBrkr,1442,0,2,TA,1,Attchd,RFn,615.0,Y,371,2.0,185000
80.0,9156,NWAmes,1Story,6,1968,BrkFace,0.0,TA,CBlock,TA,TA,No,Unf,1489.0,Gd,Y,SBrkr,1489,0,3,Gd,1,Attchd,RFn,462.0,Y,0,2.0,185750
80.0,10382,NWAmes,2Story,7,1973,HdBoard,240.0,TA,CBlock,Gd,TA,Mn,ALQ,1107.0,Ex,Y,SBrkr,1107,983,3,TA,2,Attchd,RFn,484.0,Y,667,3.5,200000
80.0,12732,NWAmes,2Story,7,1974,VinylSd,0.0,TA,CBlock,TA,TA,Mn,GLQ,752.0,TA,Y,SBrkr,1285,782,3,Gd,2,Attchd,RFn,784.0,Y,337,2.5,206000
80.0,12936,NWAmes,2Story,6,1972,HdBoard,0.0,TA,CBlock,TA,Gd,No,BLQ,723.0,TA,Y,SBrkr,735,660,3,TA,1,Attchd,Unf,497.0,Y,410,2.0,162000
80.0,10400,NWAmes,2Story,6,1967,MetalSd,256.0,TA,PConc,TA,TA,No,Unf,932.0,Gd,Y,SBrkr,1271,1369,5,Gd,1,Attchd,RFn,515.0,Y,288,2.5,256900
80.0,17871,NWAmes,SLvl,6,1967,HdBoard,359.0,TA,CBlock,Gd,TA,Av,ALQ,1680.0,Fa,Y,SBrkr,1724,0,3,TA,1,Attchd,RFn,480.0,Y,0,2.5,197900
80.0,9600,NWAmes,1Story,5,1969,HdBoard,128.0,TA,CBlock,Gd,TA,Mn,ALQ,1288.0,TA,Y,SBrkr,1336,0,3,TA,1,Attchd,RFn,502.0,Y,323,2.5,163000
75.0,9000,NWAmes,1Story,6,1969,HdBoard,200.0,TA,CBlock,TA,TA,Av,BLQ,1216.0,TA,Y,SBrkr,1216,0,3,TA,0,Attchd,Unf,336.0,Y,0,2.0,113000
80.0,13774,NWAmes,2Story,7,1977,HdBoard,283.0,TA,PConc,Gd,TA,No,GLQ,908.0,Ex,Y,SBrkr,1316,972,4,Gd,2,Attchd,RFn,520.0,Y,549,2.0,230000
80.0,9650,NWAmes,1Story,6,1977,Plywood,360.0,TA,CBlock,Gd,TA,No,ALQ,1350.0,TA,Y,SBrkr,1334,0,2,TA,1,Attchd,RFn,630.0,Y,16,2.5,167900
78.0,10140,NWAmes,1Story,7,1998,VinylSd,0.0,Gd,PConc,Ex,TA,No,LwQ,1650.0,Ex,Y,SBrkr,1680,0,3,Gd,1,Attchd,Fin,583.0,Y,151,3.0,213250
70.0,8400,NWAmes,2Story,8,2001,VinylSd,0.0,Gd,PConc,Gd,TA,No,GLQ,810.0,Ex,Y,SBrkr,810,855,3,Gd,0,Attchd,Fin,528.0,Y,45,3.5,227000
62.0,7130,NAmes,1Story,5,1967,HdBoard,0.0,TA,PConc,TA,TA,No,BLQ,864.0,TA,Y,SBrkr,864,0,2,TA,0,Attchd,Fin,312.0,Y,0,1.5,130000
80.0,9600,NAmes,1Story,5,1967,HdBoard,0.0,TA,CBlock,TA,TA,No,Unf,1568.0,TA,Y,SBrkr,1568,0,3,TA,0,Attchd,Unf,440.0,Y,200,1.5,143000
70.0,9100,NAmes,1Story,5,1965,VinylSd,0.0,TA,CBlock,TA,TA,No,BLQ,925.0,Ex,Y,SBrkr,925,0,2,TA,0,Detchd,Unf,429.0,Y,0,1.5,117500
80.0,9600,NWAmes,2Story,7,1974,Plywood,252.0,TA,CBlock,TA,TA,No,ALQ,1165.0,Gd,Y,SBrkr,1165,896,4,TA,1,Attchd,RFn,498.0,Y,273,3.0,168500
80.0,16500,NWAmes,SFoyer,6,1971,HdBoard,509.0,TA,CBlock,Gd,TA,Av,GLQ,1232.0,Fa,Y,SBrkr,1320,0,3,TA,1,Attchd,RFn,495.0,Y,20,2.5,172500
80.0,9790,NWAmes,1Story,6,1967,BrkFace,0.0,TA,CBlock,TA,TA,No,Rec,1372.0,TA,Y,SBrkr,1342,0,3,TA,1,Attchd,Unf,457.0,Y,197,2.0,161500
60.0,7436,NAmes,1Story,4,1960,VinylSd,0.0,TA,CBlock,TA,TA,No,ALQ,894.0,Gd,Y,SBrkr,894,0,2,TA,1,Detchd,Unf,396.0,Y,0,2.0,141500
65.0,8125,NAmes,1Story,5,1959,MetalSd,0.0,TA,CBlock,TA,TA,No,BLQ,864.0,Ex,Y,SBrkr,864,0,3,TA,0,Detchd,Unf,308.0,Y,0,1.0,118000
70.0,9100,NAmes,1Story,6,1959,Wd Sdng,0.0,TA,CBlock,TA,TA,No,Rec,864.0,Ex,Y,SBrkr,864,0,2,TA,0,Detchd,Unf,300.0,Y,0,1.0,127500
73.0,9450,NAmes,1Story,4,1957,Wd Sdng,160.0,TA,CBlock,TA,TA,No,BLQ,1040.0,TA,Y,SBrkr,1362,0,3,TA,1,Attchd,RFn,768.0,Y,84,2.0,140000
73.0,13495,NAmes,1Story,5,1956,Wd Sdng,70.0,TA,CBlock,TA,TA,No,BLQ,1048.0,Fa,Y,SBrkr,1728,0,3,TA,1,Detchd,Unf,576.0,Y,99,3.0,177625
85.0,11475,NAmes,1Story,5,1958,VinylSd,95.0,TA,CBlock,TA,TA,No,Unf,1584.0,TA,Y,SBrkr,1776,0,4,TA,0,Detchd,Unf,888.0,Y,25,3.0,110000
100.0,10004,NAmes,1Story,6,1964,HdBoard,180.0,TA,CBlock,TA,TA,No,Rec,1516.0,TA,Y,SBrkr,1516,0,3,TA,0,Attchd,RFn,472.0,Y,152,1.5,167000
85.0,9350,NAmes,1Story,5,1961,Wd Sdng,217.0,TA,CBlock,TA,TA,No,ALQ,1313.0,TA,Y,SBrkr,1313,0,3,Gd,1,Attchd,RFn,610.0,Y,321,2.5,153000
115.0,10500,NAmes,1Story,5,1964,HdBoard,144.0,TA,CBlock,TA,TA,No,LwQ,1292.0,TA,Y,SBrkr,1292,0,3,TA,2,Detchd,Unf,520.0,Y,124,2.5,145100
73.0,11000,NAmes,1Story,5,1966,Plywood,200.0,TA,CBlock,TA,TA,Mn,BLQ,1154.0,Ex,Y,SBrkr,1154,0,3,TA,1,Attchd,RFn,480.0,Y,58,1.5,154000
73.0,8970,NAmes,2Story,5,1965,MetalSd,0.0,TA,CBlock,TA,TA,No,ALQ,744.0,TA,Y,SBrkr,825,1315,4,TA,1,Attchd,Fin,549.0,Y,304,2.5,177500
73.0,12095,NAmes,SLvl,6,1964,MetalSd,115.0,TA,CBlock,TA,TA,Gd,Rec,1127.0,TA,Y,SBrkr,1445,0,3,TA,1,Attchd,RFn,645.0,Y,180,1.5,158000
80.0,9600,NAmes,1Story,5,1959,MetalSd,132.0,TA,CBlock,TA,TA,No,ALQ,1041.0,Ex,Y,SBrkr,1041,0,3,TA,0,Attchd,RFn,270.0,Y,312,2.0,124500
85.0,11475,NAmes,SLvl,6,1961,HdBoard,90.0,TA,CBlock,TA,TA,Gd,ALQ,1208.0,Ex,Y,SBrkr,1576,0,4,Gd,1,BuiltIn,Fin,368.0,Y,85,2.0,174500
68.0,9768,NAmes,1Story,5,1955,Wd Sdng,0.0,TA,CBlock,TA,TA,No,Rec,960.0,Gd,Y,SBrkr,960,0,2,TA,0,Attchd,RFn,330.0,Y,70,2.0,122000
50.0,5330,BrkSide,1Story,4,1940,VinylSd,0.0,Fa,CBlock,TA,TA,No,LwQ,420.0,Gd,Y,SBrkr,708,0,2,Fa,0,None,None,0.0,Y,164,1.0,82500
51.0,7015,BrkSide,1.5Fin,5,1950,MetalSd,161.0,TA,CBlock,TA,TA,No,LwQ,709.0,TA,Y,SBrkr,979,224,3,Gd,1,Detchd,Unf,352.0,Y,248,2.0,110000
128.0,12160,NAmes,1Story,6,1953,Wd Sdng,90.0,TA,CBlock,TA,TA,No,BLQ,1505.0,Ex,Y,SBrkr,1505,0,2,TA,1,Attchd,RFn,505.0,Y,0,2.0,149500
90.0,9900,NAmes,1Story,6,1967,BrkComm,0.0,Gd,CBlock,TA,TA,No,Rec,1680.0,TA,Y,SBrkr,1691,0,2,TA,0,Attchd,Unf,550.0,Y,327,2.0,175000
80.0,9600,NAmes,1Story,6,1953,HdBoard,238.0,TA,CBlock,TA,TA,No,GLQ,1416.0,TA,Y,SBrkr,1644,0,3,TA,2,Attchd,Fin,418.0,Y,110,2.0,167000
80.0,9600,NAmes,1Story,5,1956,MetalSd,0.0,TA,CBlock,TA,TA,No,Rec,1050.0,Gd,Y,SBrkr,1050,0,2,TA,0,Attchd,Unf,338.0,Y,0,1.0,128900
80.0,9600,NAmes,1.5Fin,6,1950,VinylSd,0.0,TA,CBlock,TA,TA,No,BLQ,856.0,Ex,Y,SBrkr,1112,556,3,TA,0,Attchd,Unf,271.0,Y,0,1.5,140000
80.0,9600,NAmes,1Story,5,1950,MetalSd,0.0,Gd,CBlock,TA,TA,No,ALQ,1113.0,Gd,Y,SBrkr,1113,0,3,Gd,1,Attchd,Unf,264.0,Y,200,1.0,147000
65.0,8944,NAmes,1Story,5,1967,Plywood,0.0,TA,CBlock,TA,TA,No,Unf,1584.0,TA,Y,SBrkr,1584,0,4,TA,0,Detchd,Unf,792.0,Y,152,2.0,124000
92.0,10573,NAmes,1Story,6,1961,MetalSd,3.0,TA,CBlock,TA,TA,No,Rec,1453.0,Ex,Y,SBrkr,1453,0,3,TA,1,Attchd,RFn,530.0,Y,337,3.0,187500
73.0,9500,NAmes,1Story,6,1963,Plywood,247.0,TA,CBlock,Gd,TA,No,BLQ,1394.0,Gd,Y,SBrkr,1394,0,3,TA,2,Attchd,RFn,514.0,Y,261,2.5,159000
80.0,14695,NAmes,1Story,6,1966,MetalSd,210.0,TA,CBlock,TA,TA,No,ALQ,1562.0,Gd,Y,SBrkr,1567,0,2,Gd,2,Attchd,Unf,542.0,Y,452,3.0,256000
85.0,13600,NAmes,2Story,7,1965,HdBoard,176.0,TA,CBlock,TA,TA,No,BLQ,768.0,TA,Y,SBrkr,1186,800,3,TA,3,Attchd,Unf,486.0,Y,231,2.5,205000
100.0,13000,NAmes,2Story,6,1968,VinylSd,576.0,TA,CBlock,Gd,TA,No,Rec,896.0,TA,Y,SBrkr,1182,960,4,Gd,1,Attchd,Fin,509.0,Y,324,2.5,193500
120.0,13560,NAmes,1Story,6,1968,Wd Sdng,216.0,TA,CBlock,Fa,Fa,No,Unf,1392.0,Gd,Y,SBrkr,1392,0,2,TA,2,Attchd,RFn,576.0,Y,240,2.0,110000
73.0,12513,NAmes,1.5Fin,4,1920,VinylSd,0.0,TA,BrkTil,TA,Fa,No,Unf,715.0,Gd,Y,SBrkr,1281,457,4,TA,1,Attchd,Unf,368.0,Y,55,2.0,104900
73.0,8760,NAmes,1Story,5,1956,Wd Sdng,164.0,Gd,CBlock,TA,TA,No,ALQ,1169.0,TA,Y,SBrkr,1144,0,3,TA,0,Attchd,RFn,286.0,Y,257,2.0,150000
70.0,8400,NAmes,1Story,6,1957,BrkFace,0.0,TA,CBlock,TA,TA,No,ALQ,1478.0,Gd,Y,SBrkr,1478,0,3,TA,2,Attchd,RFn,442.0,Y,330,2.5,156500
73.0,12285,NAmes,1Story,7,1960,Plywood,128.0,TA,CBlock,TA,TA,No,BLQ,1329.0,Gd,Y,SBrkr,1329,0,3,TA,2,Attchd,Unf,441.0,Y,203,1.5,176000
66.0,9240,NAmes,1Story,6,1959,MetalSd,0.0,Gd,CBlock,TA,TA,No,ALQ,988.0,TA,Y,SBrkr,988,0,3,Gd,0,Attchd,Unf,297.0,Y,156,3.0,149500
80.0,9600,NAmes,1Story,6,1958,Wd Sdng,183.0,TA,CBlock,TA,TA,No,Rec,1240.0,Gd,Y,SBrkr,1632,0,3,TA,1,Attchd,RFn,338.0,Y,289,3.0,139000
66.0,12400,NAmes,1Story,6,1958,Wd Sdng,176.0,TA,CBlock,TA,Fa,No,Rec,1215.0,TA,Y,FuseA,1215,0,3,TA,0,Attchd,Unf,297.0,Y,234,1.0,155000
70.0,8750,NAmes,1Story,5,1956,BrkFace,0.0,TA,CBlock,TA,TA,No,Rec,1202.0,TA,Y,SBrkr,1202,0,3,TA,0,Attchd,RFn,304.0,Y,155,1.5,120000
70.0,8750,NAmes,1Story,5,1955,AsbShng,0.0,TA,CBlock,TA,TA,No,Rec,1382.0,Gd,Y,FuseA,1382,0,3,Gd,0,Attchd,Unf,350.0,Y,280,1.5,153000
80.0,10400,NAmes,1Story,4,1956,Plywood,0.0,TA,CBlock,TA,TA,No,Rec,1200.0,TA,Y,SBrkr,1200,0,3,TA,2,Attchd,Unf,294.0,Y,329,2.0,144000
120.0,19296,NAmes,SLvl,6,1962,Wd Sdng,399.0,TA,CBlock,TA,TA,Gd,Rec,1362.0,TA,Y,SBrkr,1382,0,3,TA,1,Attchd,Unf,884.0,Y,252,2.0,176000
74.0,8532,NAmes,1Story,5,1954,Wd Sdng,650.0,TA,CBlock,TA,TA,No,Rec,1297.0,Gd,Y,SBrkr,1297,0,3,TA,1,Attchd,Fin,498.0,Y,0,1.5,153000
76.0,9482,NAmes,1Story,5,1958,Wd Sdng,657.0,TA,PConc,TA,TA,No,Unf,1866.0,Ex,Y,SBrkr,1866,0,4,TA,0,Detchd,Unf,495.0,Y,0,2.0,135000
53.0,8128,NAmes,1Story,6,1954,MetalSd,80.0,TA,CBlock,TA,TA,No,ALQ,1062.0,Gd,Y,SBrkr,1062,0,3,TA,0,Attchd,Unf,297.0,Y,0,2.0,131000
79.0,10634,NAmes,1Story,5,1953,MetalSd,0.0,TA,PConc,TA,TA,No,BLQ,608.0,TA,Y,SBrkr,1319,0,3,TA,0,Attchd,Unf,270.0,Y,66,2.0,123000
67.0,13070,NAmes,1Story,5,1951,MetalSd,0.0,TA,CBlock,TA,TA,No,Rec,631.0,TA,Y,FuseA,1112,0,2,TA,0,Basment,Unf,480.0,Y,255,1.0,126000
60.0,10434,NAmes,1Story,4,1955,Plywood,0.0,TA,CBlock,TA,TA,No,Unf,1005.0,TA,Y,SBrkr,1005,0,2,Fa,1,Detchd,Unf,672.0,Y,0,1.0,115000
75.0,14559,NAmes,1Story,5,1951,Wd Sdng,70.0,Gd,CBlock,TA,TA,No,BLQ,1008.0,Ex,Y,SBrkr,1363,0,2,TA,2,CarPort,Unf,288.0,Y,534,2.0,164900
80.0,8480,NAmes,1Story,5,1945,MetalSd,0.0,TA,CBlock,TA,TA,No,BLQ,793.0,TA,Y,SBrkr,793,0,2,Fa,0,Detchd,Unf,240.0,Y,0,2.0,113000
60.0,7626,NAmes,1Story,5,1952,Wd Sdng,0.0,Gd,CBlock,TA,TA,No,GLQ,1031.0,Gd,Y,SBrkr,1031,0,2,Gd,0,Attchd,Unf,230.0,Y,0,2.0,145500
75.0,9533,NAmes,1Story,5,1953,Wd Sdng,140.0,TA,Slab,None,None,None,None,0.0,TA,Y,FuseA,1210,0,2,TA,0,Attchd,Fin,616.0,Y,308,1.5,102900
107.0,10615,OldTown,2Story,3,1900,HdBoard,0.0,TA,CBlock,Fa,TA,Mn,BLQ,978.0,TA,Y,SBrkr,1014,685,3,TA,0,CarPort,Unf,420.0,Y,74,3.0,95000
78.0,11419,NAmes,2Story,7,1948,WdShing,0.0,TA,CBlock,TA,TA,Mn,ALQ,699.0,Ex,Y,FuseA,801,726,3,TA,1,Attchd,Unf,410.0,Y,134,2.5,152500
60.0,9600,NAmes,1Story,5,1950,Wd Sdng,0.0,TA,CBlock,TA,TA,No,BLQ,1200.0,TA,Y,SBrkr,1200,0,3,TA,0,Attchd,Fin,246.0,Y,126,1.0,129900
50.0,8000,NAmes,1Story,6,1948,VinylSd,0.0,TA,CBlock,TA,TA,No,ALQ,972.0,Ex,Y,SBrkr,972,0,2,TA,1,Detchd,Unf,240.0,Y,0,2.0,132000
53.0,5470,OldTown,1Story,3,1958,MetalSd,0.0,TA,CBlock,TA,TA,No,Unf,792.0,Gd,Y,FuseA,792,0,2,TA,0,Attchd,Unf,366.0,Y,90,1.0,99900
60.0,10410,OldTown,1.5Fin,5,1916,HdBoard,0.0,TA,CBlock,Fa,TA,No,Unf,660.0,Ex,Y,SBrkr,808,704,3,TA,0,Detchd,Unf,180.0,N,0,2.5,135000
60.0,10800,OldTown,2Story,5,1939,VinylSd,0.0,TA,BrkTil,TA,TA,No,Unf,676.0,Ex,Y,SBrkr,676,676,4,Gd,0,Detchd,Unf,720.0,Y,315,2.5,149000
80.0,8146,OldTown,2Story,4,1900,MetalSd,0.0,Gd,BrkTil,Fa,TA,No,Unf,405.0,Gd,Y,SBrkr,717,322,2,TA,0,Detchd,Unf,281.0,N,279,1.0,114000
52.0,9022,OldTown,1Story,5,1924,VinylSd,0.0,Gd,BrkTil,TA,TA,No,Unf,768.0,Ex,Y,SBrkr,792,0,2,Gd,0,Detchd,Unf,240.0,N,436,1.0,109500
60.0,10230,OldTown,1Story,5,1925,MetalSd,0.0,TA,BrkTil,TA,TA,No,Unf,1054.0,Ex,Y,SBrkr,1078,0,3,Ex,0,Detchd,Unf,264.0,N,112,1.0,125000
60.0,10410,OldTown,1.5Fin,4,1915,MetalSd,0.0,TA,BrkTil,TA,TA,No,Unf,1313.0,TA,Y,SBrkr,1313,0,3,Gd,1,Detchd,Unf,528.0,Y,432,2.0,142900
60.0,7200,OldTown,2Story,7,1910,VinylSd,0.0,Gd,PConc,TA,TA,No,Unf,560.0,Ex,Y,SBrkr,930,760,4,Gd,0,Detchd,Unf,624.0,Y,112,2.0,156500
90.0,5400,OldTown,1Story,2,1940,Stucco,0.0,Fa,PConc,Fa,TA,No,Unf,416.0,Gd,N,FuseA,599,0,2,Gd,0,None,None,0.0,N,81,2.0,59000
90.0,5400,OldTown,1.5Fin,4,1920,CBlock,0.0,Fa,PConc,TA,TA,No,ALQ,840.0,Ex,Y,SBrkr,840,534,2,TA,0,Detchd,Fin,338.0,Y,198,1.0,105000
60.0,10800,OldTown,1Story,5,1920,Wd Sdng,0.0,TA,BrkTil,TA,TA,No,Unf,720.0,TA,N,SBrkr,846,0,2,Gd,0,Detchd,Fin,576.0,N,0,1.0,106000
60.0,10800,OldTown,1Story,3,1890,VinylSd,0.0,TA,BrkTil,TA,TA,No,Unf,630.0,TA,Y,FuseA,725,0,1,TA,0,Detchd,Unf,320.0,Y,30,1.5,78500
81.0,9671,NAmes,2Story,6,1969,MetalSd,480.0,TA,CBlock,TA,TA,No,Unf,1248.0,TA,Y,SBrkr,1248,1296,6,TA,0,Attchd,RFn,907.0,Y,0,3.0,190000
83.0,10143,NAmes,1Story,6,1963,HdBoard,295.0,TA,CBlock,TA,TA,No,Rec,1380.0,Fa,Y,SBrkr,1380,0,3,TA,0,Attchd,Unf,364.0,Y,216,1.5,154000
77.0,11500,NAmes,1Story,6,1967,HdBoard,0.0,Fa,CBlock,TA,Fa,No,BLQ,1040.0,Gd,Y,SBrkr,1040,0,3,TA,1,Attchd,RFn,480.0,Y,156,2.0,163000
91.0,11643,NAmes,2Story,5,1969,MetalSd,368.0,TA,CBlock,TA,TA,No,LwQ,1248.0,TA,Y,SBrkr,1338,1296,6,TA,0,Detchd,Unf,968.0,Y,0,4.5,200000
62.0,8010,NAmes,1Story,6,1958,Wd Sdng,0.0,Gd,CBlock,TA,TA,Mn,GLQ,951.0,Gd,Y,SBrkr,951,0,2,Gd,0,Detchd,Unf,480.0,Y,42,2.0,143500
90.0,10454,NAmes,1Story,6,1957,Plywood,143.0,TA,CBlock,TA,TA,No,Rec,1105.0,Gd,Y,FuseA,1105,0,3,TA,0,Detchd,Unf,308.0,Y,0,1.0,135000
64.0,8712,NAmes,1Story,5,1957,MetalSd,0.0,TA,CBlock,TA,TA,Mn,BLQ,992.0,TA,Y,SBrkr,1306,0,2,TA,0,Detchd,Unf,756.0,Y,0,2.0,153000
73.0,17600,NAmes,1Story,6,1960,Wd Sdng,30.0,TA,CBlock,TA,TA,No,BLQ,1478.0,Ex,Y,FuseA,1478,0,3,TA,2,Attchd,Unf,498.0,Y,40,3.0,157500
80.0,9000,NAmes,1Story,6,1958,Wd Sdng,82.0,TA,CBlock,Gd,TA,Gd,Unf,160.0,Fa,Y,SBrkr,1142,0,2,TA,1,Basment,RFn,384.0,Y,92,1.0,113500
60.0,12144,NAmes,1Story,5,1949,HdBoard,0.0,Gd,CBlock,TA,TA,No,Rec,832.0,Gd,Y,SBrkr,1036,0,3,TA,1,Attchd,Unf,288.0,Y,28,1.0,133000
60.0,8544,NAmes,1Story,3,1950,BrkFace,0.0,TA,Slab,None,None,None,None,0.0,Fa,N,FuseA,1040,0,2,TA,0,Detchd,Unf,400.0,Y,0,2.0,92900
60.0,8064,NAmes,1.5Fin,6,1950,Wd Sdng,0.0,TA,CBlock,TA,TA,Av,Rec,795.0,Gd,N,SBrkr,765,368,3,TA,0,Detchd,Unf,900.0,Y,231,1.0,128500
60.0,7200,NAmes,1Story,4,1949,BrkFace,0.0,TA,Slab,None,None,None,None,0.0,Fa,N,FuseF,1040,0,2,TA,0,Detchd,Unf,420.0,Y,0,2.0,90000
60.0,7200,NAmes,1.5Fin,5,1950,VinylSd,0.0,TA,CBlock,TA,TA,No,Rec,1208.0,Gd,Y,FuseA,1136,768,3,TA,0,Attchd,Unf,240.0,Y,168,2.5,138000
71.0,7350,NAmes,1Story,5,1958,BrkFace,0.0,TA,CBlock,TA,TA,No,Unf,1041.0,Gd,Y,SBrkr,1041,0,3,TA,0,Attchd,RFn,294.0,Y,0,1.0,128000
70.0,7560,NAmes,1Story,5,1958,BrkFace,0.0,TA,CBlock,TA,TA,No,LwQ,1029.0,TA,Y,SBrkr,1339,0,3,TA,0,Attchd,Unf,294.0,Y,0,1.0,139000
60.0,7200,NAmes,1Story,5,1952,MetalSd,0.0,TA,CBlock,TA,Gd,No,ALQ,732.0,TA,Y,SBrkr,732,0,2,TA,0,Detchd,Unf,240.0,Y,68,2.0,118900
80.0,8000,NAmes,SLvl,5,1959,BrkFace,0.0,TA,CBlock,Gd,TA,Av,GLQ,528.0,TA,Y,SBrkr,1183,0,3,TA,0,Attchd,RFn,288.0,Y,0,2.0,138000
70.0,7931,NAmes,1Story,5,1959,BrkFace,0.0,TA,CBlock,TA,TA,No,BLQ,1148.0,TA,Y,SBrkr,1148,0,3,TA,0,Attchd,Unf,672.0,Y,0,2.0,132500
60.0,10800,NAmes,1.5Fin,4,1949,MetalSd,0.0,TA,CBlock,TA,TA,No,Unf,832.0,TA,Y,FuseF,832,629,4,TA,0,Detchd,Unf,384.0,Y,204,2.0,133500
60.0,8064,NAmes,1.5Fin,6,1948,MetalSd,0.0,TA,CBlock,TA,TA,No,LwQ,864.0,TA,Y,SBrkr,1064,0,3,TA,0,Detchd,Unf,576.0,Y,216,1.0,135000
76.0,7570,NAmes,2Story,6,1964,HdBoard,420.0,TA,CBlock,TA,TA,No,Unf,780.0,TA,Y,SBrkr,993,813,4,TA,0,Attchd,Unf,483.0,Y,55,1.5,144750
75.0,8604,NAmes,SFoyer,5,1978,Plywood,124.0,TA,CBlock,Gd,TA,Av,GLQ,941.0,Gd,Y,SBrkr,941,0,2,Gd,0,Attchd,Unf,564.0,Y,40,2.0,145000
80.0,7936,NAmes,1Story,6,1963,HdBoard,0.0,TA,CBlock,TA,TA,No,BLQ,1045.0,TA,Y,SBrkr,1045,0,3,TA,1,Attchd,RFn,264.0,Y,0,2.0,127000
60.0,6600,NAmes,1Story,5,1962,MetalSd,0.0,TA,CBlock,TA,TA,No,Unf,894.0,Gd,N,SBrkr,894,0,2,TA,0,Detchd,Unf,308.0,Y,0,1.0,109500
60.0,3950,OldTown,1.5Fin,6,1926,MetalSd,0.0,TA,CBlock,TA,TA,No,Rec,818.0,TA,Y,SBrkr,818,406,3,TA,0,Detchd,Unf,210.0,N,116,1.0,115000
60.0,10440,OldTown,2Story,5,1910,Wd Sdng,0.0,TA,PConc,TA,TA,No,Unf,440.0,Gd,Y,SBrkr,682,548,2,TA,0,Detchd,Unf,440.0,Y,202,1.5,110000
68.0,4080,OldTown,1.5Fin,6,1935,Wd Sdng,0.0,TA,PConc,TA,TA,No,Unf,901.0,Gd,Y,SBrkr,861,517,3,Gd,0,Detchd,Unf,162.0,P,94,1.0,128900
57.0,10307,OldTown,2Story,6,1910,Wd Sdng,0.0,TA,CBlock,TA,TA,Mn,LwQ,972.0,Gd,N,FuseA,972,972,4,TA,0,Detchd,Unf,324.0,N,197,3.0,103500
52.0,5720,OldTown,1.5Fin,5,1941,Wd Sdng,0.0,TA,CBlock,TA,TA,No,Unf,676.0,Ex,Y,SBrkr,676,455,3,TA,0,Detchd,Unf,200.0,Y,26,1.5,66500
90.0,15660,OldTown,1.5Fin,5,1910,VinylSd,0.0,TA,CBlock,TA,TA,No,Unf,240.0,TA,Y,SBrkr,810,496,3,Gd,0,Detchd,Unf,472.0,N,0,1.5,130000
90.0,9900,OldTown,2Story,5,1910,VinylSd,0.0,Gd,CBlock,TA,TA,No,Unf,504.0,Ex,Y,SBrkr,764,700,3,TA,0,None,None,0.0,N,176,2.0,129000
57.0,6406,OldTown,2Story,5,1939,Wd Sdng,0.0,TA,BrkTil,TA,TA,No,ALQ,690.0,TA,Y,FuseA,868,690,3,TA,1,Detchd,Unf,400.0,Y,218,1.5,150000
60.0,6600,OldTown,2Story,5,1892,Wd Sdng,0.0,TA,Stone,TA,TA,No,Unf,994.0,TA,N,SBrkr,1378,994,4,TA,0,Attchd,RFn,432.0,Y,287,2.0,107500
63.0,7627,OldTown,2Story,4,1920,AsbShng,0.0,Fa,BrkTil,Fa,Po,No,Unf,600.0,Gd,N,SBrkr,1101,600,4,Fa,0,None,None,0.0,N,148,2.0,94550
60.0,7596,OldTown,2Story,5,1952,Wd Sdng,360.0,TA,CBlock,TA,TA,No,Unf,960.0,Gd,Y,SBrkr,960,1000,4,TA,0,Detchd,Unf,400.0,N,0,2.0,124500
60.0,3378,OldTown,2Story,7,1946,HdBoard,0.0,TA,CBlock,TA,TA,No,Unf,651.0,Gd,Y,SBrkr,707,682,3,TA,2,Detchd,Unf,240.0,P,126,1.5,135000
56.0,10134,OldTown,1.5Fin,5,1910,MetalSd,0.0,TA,BrkTil,Fa,TA,No,Unf,801.0,Gd,N,SBrkr,801,646,3,TA,0,None,None,0.0,N,324,1.0,103000
60.0,6000,OldTown,1Story,4,1953,MetalSd,0.0,Fa,CBlock,Fa,TA,No,Unf,936.0,TA,N,SBrkr,936,0,2,TA,0,Detchd,Unf,576.0,Y,144,1.0,93000
50.0,6000,OldTown,1.5Fin,5,1950,Wd Sdng,0.0,TA,CBlock,TA,TA,No,BLQ,768.0,TA,Y,FuseA,768,560,3,TA,0,Detchd,Unf,308.0,Y,12,1.5,129500
50.0,6000,OldTown,1.5Fin,5,1954,Wd Sdng,0.0,TA,CBlock,TA,TA,No,Unf,811.0,TA,Y,FuseA,811,576,3,Gd,0,BuiltIn,Unf,256.0,Y,0,2.0,93000
62.0,7404,OldTown,1Story,4,1920,MetalSd,0.0,TA,BrkTil,Fa,TA,No,Unf,861.0,TA,Y,SBrkr,861,0,2,TA,0,Detchd,Unf,288.0,N,128,1.0,80000
50.0,5925,OldTown,1Story,2,1940,MetalSd,0.0,TA,BrkTil,None,None,None,None,0.0,Fa,N,FuseA,612,0,1,TA,0,Detchd,Unf,308.0,N,25,1.0,45000
50.0,5925,OldTown,1.5Fin,3,1910,VinylSd,0.0,TA,BrkTil,TA,TA,No,Unf,600.0,Fa,N,SBrkr,600,368,2,TA,0,None,None,0.0,Y,0,1.0,37900
50.0,5784,OldTown,1Story,5,1938,MetalSd,0.0,TA,BrkTil,Fa,TA,No,Unf,190.0,Gd,Y,FuseA,886,0,2,TA,0,Attchd,Unf,273.0,Y,244,1.0,91300
60.0,8520,OldTown,1Story,5,1923,Stucco,0.0,Gd,PConc,Fa,TA,No,Unf,624.0,TA,Y,SBrkr,792,0,2,TA,0,Detchd,Unf,287.0,Y,81,1.0,99500
33.0,4456,OldTown,2Story,4,1920,MetalSd,0.0,TA,BrkTil,TA,TA,No,Unf,736.0,Gd,Y,SBrkr,736,716,2,TA,0,None,None,0.0,N,102,2.0,113000
60.0,9600,OldTown,2Story,4,1910,VinylSd,0.0,Gd,BrkTil,Fa,TA,No,Unf,677.0,TA,Y,SBrkr,833,677,3,Gd,0,Detchd,Unf,720.0,N,160,2.0,87500
50.0,3500,OldTown,1.5Fin,5,1947,AsbShng,0.0,TA,CBlock,TA,TA,No,LwQ,720.0,TA,Y,SBrkr,720,564,2,TA,0,Detchd,Unf,240.0,Y,35,1.5,110000
90.0,8100,OldTown,2.5Unf,5,1898,AsbShng,0.0,TA,PConc,TA,TA,No,Unf,849.0,TA,N,FuseA,1075,1063,2,TA,0,Detchd,Unf,360.0,N,196,2.0,106000
65.0,11700,OldTown,2Story,7,1880,Stucco,0.0,Gd,Stone,TA,Fa,No,Unf,1240.0,TA,N,SBrkr,1320,1320,4,Gd,1,Detchd,Unf,864.0,N,567,1.5,265979
70.0,8400,OldTown,2Story,6,1900,Stucco,0.0,TA,BrkTil,Fa,Gd,Mn,Unf,917.0,Gd,Y,FuseA,1090,917,3,Ex,0,Detchd,Unf,357.0,Y,235,2.0,160000
60.0,3600,OldTown,2Story,6,1917,Stucco,0.0,TA,BrkTil,TA,TA,No,Unf,624.0,Ex,Y,SBrkr,664,624,3,Ex,1,Attchd,Unf,280.0,N,103,2.0,119000
121.0,17671,OldTown,2Story,8,1882,Wd Sdng,0.0,Gd,BrkTil,TA,TA,No,BLQ,916.0,Gd,Y,SBrkr,916,826,4,Gd,1,Attchd,Unf,424.0,P,169,1.5,168000
60.0,3300,OldTown,1Story,4,1910,Stucco,0.0,TA,BrkTil,TA,TA,No,Unf,624.0,Ex,Y,SBrkr,816,0,2,TA,1,None,None,0.0,N,33,1.0,58500
50.0,9000,OldTown,2Story,7,1920,VinylSd,0.0,TA,PConc,TA,TA,No,ALQ,650.0,Ex,Y,SBrkr,832,650,3,TA,0,Detchd,Unf,324.0,Y,0,1.5,143000
60.0,7200,OldTown,1Story,5,1910,MetalSd,0.0,TA,BrkTil,TA,TA,No,ALQ,1022.0,TA,N,SBrkr,1022,0,2,TA,0,Detchd,Unf,280.0,Y,256,2.0,85000
98.0,8820,OldTown,1.5Fin,5,1890,VinylSd,0.0,TA,BrkTil,TA,TA,No,LwQ,1088.0,TA,Y,SBrkr,1188,561,2,TA,0,Detchd,Unf,456.0,Y,292,1.0,124900
60.0,5400,OldTown,1.5Fin,6,1920,MetalSd,0.0,Fa,BrkTil,TA,TA,No,Unf,972.0,Ex,Y,SBrkr,1044,0,3,TA,0,Detchd,Unf,207.0,Y,176,1.0,119000
60.0,9720,OldTown,2Story,6,1910,MetalSd,0.0,TA,PConc,TA,TA,No,Unf,741.0,Ex,Y,SBrkr,780,741,4,Gd,0,Detchd,Unf,640.0,Y,238,1.0,146500
60.0,7879,IDOTRR,1Story,4,1920,Wd Sdng,0.0,TA,CBlock,TA,TA,No,Rec,720.0,TA,N,FuseA,720,0,2,TA,0,None,None,0.0,N,638,1.0,34900
72.0,9392,IDOTRR,1Story,3,1900,AsbShng,0.0,TA,CBlock,Fa,TA,No,Unf,245.0,TA,N,SBrkr,797,0,2,TA,0,None,None,0.0,N,130,1.0,44000
144.0,21384,BrkSide,2Story,5,1923,Wd Sdng,0.0,TA,CBlock,TA,TA,Gd,GLQ,1324.0,Ex,Y,SBrkr,1072,504,3,Gd,1,Attchd,RFn,528.0,Y,312,3.5,223500
51.0,6615,BrkSide,1Story,6,1923,MetalSd,0.0,TA,BrkTil,TA,TA,No,Unf,1022.0,TA,N,FuseA,1432,0,3,Gd,1,BuiltIn,Unf,216.0,Y,327,1.0,149000
55.0,7264,BrkSide,1.5Fin,7,1925,Wd Sdng,0.0,Gd,BrkTil,TA,TA,No,Unf,952.0,Gd,N,SBrkr,952,596,3,Ex,0,Detchd,Unf,672.0,Y,218,2.5,205000
50.0,4960,BrkSide,1.5Fin,5,1930,WdShing,0.0,TA,CBlock,TA,TA,No,Unf,297.0,Ex,Y,SBrkr,1001,653,3,TA,1,Detchd,Unf,336.0,N,304,2.0,137000
51.0,8854,BrkSide,1.5Unf,6,1916,Wd Sdng,0.0,TA,BrkTil,TA,TA,No,Unf,952.0,Fa,N,FuseF,952,0,2,Fa,1,Detchd,Unf,192.0,P,138,1.0,121000
50.0,6000,BrkSide,1.5Fin,4,1936,MetalSd,0.0,TA,BrkTil,TA,TA,No,BLQ,672.0,TA,Y,SBrkr,757,567,3,TA,0,Detchd,Unf,240.0,Y,0,1.0,128000
50.0,6000,BrkSide,1.5Fin,6,1937,MetalSd,0.0,Gd,BrkTil,TA,TA,No,Unf,698.0,TA,Y,SBrkr,786,390,2,TA,0,Detchd,Unf,624.0,N,210,1.0,134900
50.0,6000,BrkSide,1.5Fin,5,1925,Wd Sdng,0.0,TA,BrkTil,TA,TA,No,Unf,884.0,Ex,Y,SBrkr,884,464,3,TA,1,Detchd,Unf,216.0,N,208,2.0,117000
50.0,6000,BrkSide,1.5Fin,6,1939,MetalSd,0.0,TA,CBlock,TA,TA,No,Unf,780.0,Ex,Y,FuseF,825,587,4,TA,1,Detchd,Unf,280.0,Y,45,1.0,132500
60.0,6000,BrkSide,1.5Fin,5,1924,Stucco,444.0,TA,BrkTil,TA,TA,No,Rec,468.0,Gd,Y,SBrkr,822,320,3,TA,0,Attchd,Fin,320.0,Y,98,1.0,93000
50.0,6000,BrkSide,1.5Unf,6,1926,Wd Sdng,0.0,Gd,PConc,TA,TA,No,Unf,884.0,Gd,Y,SBrkr,904,0,2,TA,0,Detchd,Unf,180.0,Y,105,1.0,119000
60.0,6911,BrkSide,1Story,5,1924,Wd Sdng,0.0,TA,PConc,TA,TA,Mn,LwQ,1145.0,TA,Y,SBrkr,1301,0,2,Fa,0,Detchd,Unf,440.0,Y,0,1.0,100000
51.0,6120,BrkSide,1.5Fin,5,1936,Wd Sdng,0.0,TA,BrkTil,TA,TA,No,Unf,927.0,TA,Y,SBrkr,1067,472,3,TA,0,Detchd,Unf,576.0,Y,112,1.5,141500
51.0,6120,BrkSide,1.5Fin,4,1935,AsbShng,0.0,TA,BrkTil,TA,TA,No,Unf,884.0,Ex,Y,SBrkr,989,584,3,Gd,0,Detchd,Unf,240.0,Y,174,1.0,133000
51.0,6120,BrkSide,1Story,2,1936,AsbShng,0.0,Fa,BrkTil,TA,Fa,No,Unf,264.0,Fa,N,FuseA,800,0,1,Fa,1,None,None,0.0,N,0,1.0,60000
51.0,6120,BrkSide,1Story,5,1931,Wd Sdng,0.0,TA,BrkTil,TA,TA,No,BLQ,715.0,TA,Y,FuseA,875,0,2,TA,0,Detchd,Unf,180.0,Y,48,2.0,105000
51.0,6120,BrkSide,1Story,5,1925,MetalSd,0.0,TA,BrkTil,TA,TA,No,Unf,960.0,Gd,Y,SBrkr,995,0,2,TA,0,Detchd,Unf,264.0,Y,66,1.0,115000
51.0,6120,BrkSide,1.5Fin,5,1938,Wd Sdng,0.0,TA,BrkTil,TA,Fa,No,LwQ,952.0,TA,Y,FuseA,994,588,3,TA,1,Detchd,Unf,250.0,Y,223,2.0,150000
50.0,8635,BrkSide,1Story,5,1925,Wd Sdng,0.0,TA,BrkTil,TA,TA,No,LwQ,1072.0,TA,Y,SBrkr,1072,0,2,TA,0,Detchd,Unf,1184.0,P,105,2.0,126500
51.0,11888,BrkSide,2.5Unf,6,1916,Wd Sdng,0.0,TA,BrkTil,TA,TA,No,Unf,844.0,Gd,N,FuseA,1445,689,5,Gd,0,Detchd,Unf,441.0,Y,328,2.0,214500
60.0,11414,BrkSide,2Story,7,1910,HdBoard,0.0,TA,BrkTil,Gd,TA,No,Unf,728.0,TA,N,SBrkr,1136,883,3,Gd,0,Detchd,Unf,532.0,Y,644,1.0,167500
57.0,8094,OldTown,2Story,6,1915,MetalSd,0.0,TA,PConc,TA,TA,No,Unf,1048.0,Gd,Y,FuseA,1048,720,3,TA,0,Detchd,Unf,576.0,Y,150,2.0,155000
50.0,2500,OldTown,2Story,7,1915,Stucco,0.0,Gd,PConc,TA,TA,No,ALQ,910.0,Ex,Y,SBrkr,916,910,4,Ex,1,Attchd,Unf,164.0,Y,0,2.5,155000
68.0,9928,OldTown,2Story,7,1915,Wd Sdng,0.0,TA,BrkTil,TA,TA,No,Unf,672.0,Fa,Y,SBrkr,1272,672,3,TA,0,Detchd,Unf,216.0,N,52,2.0,179900
92.0,5520,OldTown,2.5Fin,6,1912,Wd Sdng,0.0,TA,CBlock,TA,TA,No,Unf,755.0,Ex,Y,SBrkr,929,929,5,TA,0,None,None,0.0,Y,228,1.0,104000
50.0,3000,OldTown,2Story,5,1922,MetalSd,0.0,TA,BrkTil,TA,Fa,No,Unf,1040.0,TA,N,SBrkr,1088,1040,4,TA,0,None,None,0.0,Y,56,2.0,62500
57.0,6876,IDOTRR,2Story,6,1927,Plywood,0.0,TA,CBlock,TA,Fa,No,BLQ,720.0,Fa,Y,SBrkr,1146,784,4,TA,0,Attchd,Unf,316.0,Y,213,3.0,149000
52.0,6240,IDOTRR,1.5Fin,4,1925,MetalSd,0.0,TA,CBlock,TA,TA,No,BLQ,780.0,TA,Y,FuseA,848,0,2,TA,0,Detchd,Unf,539.0,Y,135,1.0,103000
60.0,5775,OldTown,2Story,6,1915,Wd Sdng,0.0,TA,BrkTil,TA,TA,No,Unf,483.0,Ex,Y,SBrkr,741,686,3,Gd,0,Attchd,Unf,379.0,Y,136,1.0,123000
41.0,5852,OldTown,2.5Unf,7,1902,MetalSd,188.0,TA,BrkTil,TA,Fa,No,Rec,1020.0,TA,N,FuseF,978,886,6,TA,0,None,None,0.0,N,290,2.5,97500
60.0,5160,IDOTRR,1.5Fin,6,1927,MetalSd,0.0,TA,BrkTil,TA,TA,No,Unf,1204.0,TA,Y,FuseA,1204,462,3,TA,0,Detchd,Unf,384.0,Y,148,1.0,135000
86.0,5160,IDOTRR,SFoyer,4,1923,MetalSd,0.0,TA,PConc,Gd,Fa,Av,BLQ,858.0,TA,Y,SBrkr,892,0,1,Gd,0,None,None,0.0,N,265,2.0,70000
60.0,10320,IDOTRR,2Story,6,1915,MetalSd,0.0,TA,CBlock,TA,TA,No,Rec,698.0,Ex,Y,FuseF,754,649,3,TA,0,Detchd,Unf,308.0,Y,288,2.5,116000
50.0,4280,Sawyer,1Story,4,1946,MetalSd,0.0,TA,CBlock,Fa,TA,No,Unf,560.0,Ex,Y,FuseA,704,0,2,Fa,0,CarPort,Unf,220.0,Y,24,1.5,88750
60.0,10800,Edwards,1Story,5,1987,Plywood,0.0,TA,CBlock,Gd,Gd,Gd,GLQ,1200.0,TA,Y,SBrkr,1200,0,3,TA,0,None,None,0.0,Y,120,6.0,179000
60.0,10800,Edwards,1Story,5,1987,Plywood,0.0,TA,CBlock,Gd,Gd,Gd,GLQ,1200.0,TA,Y,SBrkr,1200,0,3,TA,0,None,None,0.0,Y,120,6.0,179000
64.0,10547,Edwards,SFoyer,5,1978,Plywood,0.0,TA,PConc,Gd,Gd,Gd,GLQ,1152.0,TA,Y,SBrkr,1152,0,2,TA,0,Detchd,Unf,252.0,N,0,4.0,159900
64.0,10020,Edwards,1Story,1,1922,Wd Sdng,0.0,Fa,BrkTil,Fa,Po,Gd,BLQ,683.0,Gd,N,FuseA,904,0,1,Fa,0,None,None,0.0,Y,0,1.5,61000
54.0,6629,Edwards,2Story,6,1925,Wd Sdng,0.0,TA,BrkTil,TA,TA,No,BLQ,672.0,TA,N,SBrkr,697,672,3,TA,0,Detchd,Unf,300.0,Y,147,3.0,103600
60.0,9780,Edwards,1.5Fin,5,1934,MetalSd,0.0,TA,PConc,TA,TA,No,Unf,585.0,TA,N,FuseA,687,425,4,TA,0,Detchd,Unf,226.0,N,0,3.0,63000
70.0,12886,Sawyer,SLvl,5,1963,HdBoard,0.0,TA,CBlock,Gd,TA,Av,ALQ,520.0,Ex,Y,SBrkr,1464,0,3,TA,1,Attchd,RFn,480.0,Y,402,2.5,175000
80.0,8816,Sawyer,1Story,5,1963,VinylSd,0.0,TA,PConc,TA,TA,No,Rec,1121.0,TA,Y,SBrkr,1121,0,3,TA,0,Detchd,Unf,480.0,Y,80,2.0,139000
70.0,11184,Sawyer,2Story,6,1978,HdBoard,92.0,TA,CBlock,TA,TA,No,LwQ,918.0,Gd,Y,SBrkr,918,765,3,TA,1,Attchd,RFn,440.0,Y,243,2.5,172500
75.0,11625,Sawyer,1Story,5,1967,HdBoard,172.0,TA,CBlock,TA,TA,No,BLQ,1052.0,TA,Y,SBrkr,1052,0,3,TA,1,Attchd,Fin,668.0,Y,215,1.5,113500
65.0,7800,Sawyer,1Story,5,1967,HdBoard,89.0,TA,PConc,TA,TA,No,ALQ,864.0,Ex,Y,SBrkr,899,0,3,Gd,0,Attchd,Fin,288.0,Y,64,1.0,130000
72.0,8014,Sawyer,SFoyer,6,1978,Plywood,23.0,TA,CBlock,Gd,TA,Gd,GLQ,456.0,TA,Y,SBrkr,1034,0,3,TA,1,Basment,Fin,504.0,Y,0,1.5,149900
72.0,7252,Sawyer,SFoyer,5,1982,Wd Sdng,0.0,TA,CBlock,Gd,TA,Av,GLQ,858.0,TA,Y,SBrkr,858,0,2,TA,0,Detchd,Unf,576.0,Y,120,2.0,134900
74.0,8740,Sawyer,SFoyer,5,1982,HdBoard,0.0,TA,CBlock,TA,TA,Av,ALQ,840.0,TA,Y,SBrkr,860,0,2,TA,0,Detchd,Unf,528.0,Y,0,2.0,137000
72.0,11616,Sawyer,1Story,5,1962,Wd Sdng,116.0,TA,CBlock,TA,TA,No,LwQ,1092.0,TA,Y,SBrkr,1092,0,3,TA,1,Attchd,Unf,288.0,Y,164,1.5,139000
88.0,15400,Sawyer,SLvl,5,1961,HdBoard,0.0,TA,CBlock,TA,Gd,No,Unf,552.0,TA,Y,SBrkr,904,611,4,TA,1,Attchd,Unf,384.0,Y,330,2.0,165000
88.0,15312,Sawyer,SLvl,6,1960,Wd Sdng,54.0,TA,CBlock,TA,TA,Av,BLQ,1138.0,Ex,Y,SBrkr,1138,0,3,TA,1,Attchd,RFn,480.0,Y,140,1.5,148000
80.5,15584,ClearCr,SLvl,5,1956,Wd Sdng,366.0,TA,CBlock,TA,TA,Mn,Unf,825.0,Ex,Y,SBrkr,2071,0,4,TA,1,Attchd,Unf,336.0,Y,159,2.0,165000
72.0,9000,Sawyer,1Story,2,1947,Wd Sdng,0.0,TA,Slab,None,None,None,None,0.0,Fa,N,SBrkr,660,0,2,Fa,0,None,None,0.0,N,100,1.0,63900
80.5,11250,ClearCr,1.5Fin,4,1957,Wd Sdng,0.0,TA,CBlock,TA,TA,Av,Unf,1104.0,Ex,Y,FuseA,1104,684,5,TA,2,Attchd,Unf,304.0,Y,120,2.0,161500
65.0,25095,ClearCr,1Story,5,1968,Wd Sdng,0.0,TA,CBlock,TA,TA,Gd,GLQ,1437.0,Ex,Y,SBrkr,1473,0,1,Ex,2,Attchd,Unf,452.0,Y,108,3.0,143000
64.0,17140,Edwards,1Story,4,1956,VinylSd,0.0,TA,CBlock,TA,TA,No,ALQ,1134.0,Ex,Y,FuseA,1229,0,3,TA,0,Attchd,RFn,284.0,Y,0,1.0,135000
64.0,12342,Edwards,1Story,4,1940,VinylSd,0.0,TA,CBlock,TA,TA,No,BLQ,861.0,Ex,Y,SBrkr,861,0,1,TA,0,Detchd,Unf,539.0,Y,158,1.0,82500
80.5,10708,ClearCr,1Story,5,1955,Wd Sdng,0.0,Gd,CBlock,TA,TA,No,LwQ,1617.0,Ex,Y,FuseA,1867,0,2,TA,3,Attchd,Fin,303.0,Y,618,2.0,190000
64.0,13680,Edwards,1Story,3,1955,BrkFace,0.0,TA,Slab,None,None,None,None,0.0,Ex,Y,FuseA,1733,0,4,TA,1,Attchd,Unf,452.0,Y,0,2.0,139600
64.0,15635,Edwards,1Story,4,1954,VinylSd,0.0,TA,CBlock,None,None,None,None,0.0,TA,Y,SBrkr,1383,0,2,TA,0,Attchd,Unf,498.0,Y,200,1.0,122000
73.0,9855,Edwards,1Story,6,1956,Wd Sdng,0.0,TA,CBlock,TA,TA,No,Unf,1436.0,Fa,Y,SBrkr,1689,0,3,TA,1,Attchd,Unf,480.0,Y,0,1.0,127500
68.0,9571,Edwards,1Story,5,1956,MetalSd,0.0,TA,CBlock,TA,TA,No,Rec,1073.0,TA,Y,FuseA,1073,0,2,TA,0,Attchd,Unf,340.0,Y,0,2.0,121500
68.0,9571,Edwards,1Story,5,1958,BrkComm,0.0,TA,CBlock,TA,Fa,No,Unf,1276.0,TA,Y,FuseA,1276,0,3,TA,0,Attchd,Unf,350.0,Y,0,1.0,60000
50.0,9350,Edwards,2Story,6,1946,MetalSd,0.0,TA,CBlock,TA,TA,No,BLQ,747.0,Ex,Y,SBrkr,892,747,3,Gd,1,Detchd,Unf,240.0,Y,50,1.5,154400
50.0,9340,Edwards,1Story,4,1941,MetalSd,0.0,TA,CBlock,TA,TA,No,Rec,672.0,TA,Y,SBrkr,672,0,2,TA,0,Attchd,Unf,234.0,N,113,2.0,113000
62.0,7440,Edwards,1Story,5,1954,Wd Sdng,0.0,TA,CBlock,Gd,TA,No,BLQ,1089.0,TA,Y,SBrkr,1089,0,3,TA,1,Detchd,RFn,252.0,P,328,2.0,125000
64.0,11500,Edwards,1Story,4,1957,Wd Sdng,0.0,TA,Slab,None,None,None,None,0.0,Ex,N,SBrkr,845,0,3,TA,0,Detchd,Unf,290.0,N,186,1.0,84000
42.0,4235,Edwards,1Story,5,1984,HdBoard,149.0,Gd,CBlock,Gd,TA,Mn,GLQ,1049.0,TA,Y,SBrkr,1049,0,2,Gd,0,Attchd,Fin,266.0,Y,105,3.0,139500
60.0,11409,Edwards,1.5Fin,5,1949,Wd Sdng,0.0,TA,CBlock,TA,TA,No,LwQ,768.0,Gd,Y,SBrkr,1148,568,3,TA,1,Attchd,Unf,281.0,Y,160,1.5,131000
60.0,9060,Edwards,1.5Fin,6,1939,WdShing,0.0,TA,BrkTil,TA,TA,Mn,Rec,560.0,TA,Y,SBrkr,698,560,2,TA,0,Detchd,Unf,280.0,P,0,1.0,105000
60.0,9084,Edwards,2Story,4,1940,MetalSd,0.0,TA,CBlock,TA,TA,Mn,Unf,755.0,TA,Y,SBrkr,755,755,4,TA,1,Detchd,Unf,296.0,P,120,2.0,108000
74.0,10778,SawyerW,SLvl,7,1990,HdBoard,0.0,Gd,PConc,Gd,TA,No,GLQ,1054.0,Gd,Y,SBrkr,1061,0,1,Gd,0,Attchd,Unf,462.0,Y,150,2.5,162000
66.0,19255,SawyerW,SLvl,6,1983,Wd Sdng,100.0,Gd,CBlock,Gd,TA,Av,Rec,520.0,Gd,Y,SBrkr,1338,0,2,Gd,1,Attchd,Unf,576.0,Y,0,1.5,156500
79.0,12327,SawyerW,1.5Fin,8,1983,Wd Sdng,0.0,Gd,CBlock,Gd,TA,Gd,GLQ,1496.0,Ex,Y,SBrkr,1496,636,1,Gd,1,BuiltIn,Fin,612.0,Y,389,2.5,316600
90.0,14684,SawyerW,1Story,7,1990,HdBoard,234.0,Gd,CBlock,Gd,TA,Mn,ALQ,2158.0,Gd,Y,SBrkr,2196,0,3,Gd,1,Attchd,RFn,701.0,Y,154,2.0,271900
75.0,9317,SawyerW,2Story,7,1993,HdBoard,137.0,Gd,PConc,Gd,TA,No,ALQ,740.0,Ex,Y,SBrkr,1006,769,3,Gd,1,Attchd,Unf,425.0,Y,498,3.5,213000
85.0,10560,SawyerW,2Story,7,1993,VinylSd,0.0,Gd,PConc,Gd,Gd,No,GLQ,1079.0,Ex,Y,SBrkr,1079,800,3,Gd,1,Attchd,RFn,473.0,Y,644,3.5,239900
80.0,9828,SawyerW,2Story,8,1995,VinylSd,0.0,Gd,PConc,Gd,TA,No,GLQ,1128.0,Ex,Y,SBrkr,1142,878,3,Gd,1,Attchd,RFn,466.0,Y,155,2.5,239500
120.0,26400,SawyerW,2Story,5,1880,HdBoard,0.0,Gd,PConc,None,None,None,None,0.0,Ex,Y,SBrkr,1288,728,4,TA,1,Attchd,Unf,576.0,P,0,1.0,131000
64.0,7018,SawyerW,1Story,5,1979,HdBoard,0.0,TA,Slab,None,None,None,None,0.0,TA,Y,SBrkr,1535,0,4,TA,0,Attchd,Unf,410.0,Y,0,2.0,118964
64.0,7018,SawyerW,SFoyer,5,1979,Plywood,275.0,TA,CBlock,Gd,TA,Av,GLQ,1086.0,TA,Y,SBrkr,1224,0,2,TA,2,Detchd,Unf,528.0,Y,120,3.0,153337
64.0,7018,SawyerW,2Story,5,1979,HdBoard,0.0,TA,Slab,None,None,None,None,0.0,TA,Y,SBrkr,1114,1114,6,TA,0,Detchd,Unf,720.0,Y,73,2.0,147983
64.0,7018,SawyerW,1Story,5,1979,HdBoard,0.0,TA,Slab,None,None,None,None,0.0,TA,Y,SBrkr,1535,0,4,TA,0,Attchd,Unf,400.0,Y,0,2.0,118858
64.0,7018,SawyerW,1Story,5,1979,Plywood,0.0,TA,Slab,None,None,None,None,0.0,TA,Y,SBrkr,1535,0,4,TA,0,Attchd,Unf,400.0,Y,0,2.0,118858
64.0,7018,SawyerW,2Story,5,1979,Plywood,0.0,TA,Slab,None,None,None,None,0.0,TA,Y,SBrkr,1120,1120,6,TA,0,Detchd,Unf,528.0,Y,154,2.0,142953
64.0,7040,SawyerW,SFoyer,5,1979,Plywood,216.0,TA,CBlock,Gd,TA,Av,GLQ,1094.0,TA,Y,SBrkr,1229,0,2,Gd,2,Detchd,Unf,672.0,Y,120,3.0,148325
64.0,7007,SawyerW,1Story,5,1979,HdBoard,0.0,TA,Slab,None,None,None,None,0.0,TA,Y,SBrkr,1513,0,4,TA,0,Attchd,Unf,400.0,Y,0,2.0,113722
67.0,11855,SawyerW,2Story,7,2000,VinylSd,23.0,TA,PConc,Ex,TA,No,GLQ,1168.0,Ex,Y,SBrkr,1168,1619,6,TA,2,BuiltIn,Fin,820.0,Y,312,7.0,269500
67.0,7939,SawyerW,2Story,7,2000,VinylSd,23.0,TA,PConc,Ex,TA,No,GLQ,1168.0,Ex,Y,SBrkr,1168,1619,6,TA,2,BuiltIn,Fin,820.0,Y,312,7.0,269500
67.0,7976,SawyerW,2Story,7,2000,VinylSd,23.0,TA,PConc,Ex,TA,No,GLQ,1168.0,Ex,Y,SBrkr,1168,1619,6,TA,2,BuiltIn,Fin,820.0,Y,312,7.0,269500
84.0,10933,CollgCr,1Story,9,2009,VinylSd,242.0,Ex,PConc,Ex,TA,Gd,GLQ,1555.0,Ex,Y,SBrkr,1680,0,1,Ex,1,Attchd,Fin,1138.0,Y,209,2.5,323262
79.0,10637,CollgCr,1Story,8,2007,VinylSd,336.0,Gd,PConc,Ex,TA,Gd,GLQ,1705.0,Ex,Y,SBrkr,1718,0,3,Gd,1,Attchd,RFn,826.0,Y,252,3.0,297000
61.0,10226,CollgCr,1Story,8,2008,VinylSd,270.0,Gd,PConc,Ex,TA,Gd,Unf,1622.0,Ex,Y,SBrkr,1630,0,3,Ex,1,Attchd,RFn,860.0,Y,214,3.0,295493
65.0,10816,CollgCr,1Story,9,2008,VinylSd,364.0,Ex,PConc,Ex,TA,Gd,GLQ,1720.0,Ex,Y,SBrkr,1720,0,3,Ex,1,Attchd,RFn,846.0,Y,312,3.0,332000
71.0,9178,CollgCr,1Story,8,2008,VinylSd,0.0,Gd,PConc,Gd,TA,Av,Unf,1468.0,Ex,Y,SBrkr,1468,0,3,Gd,1,Attchd,RFn,904.0,Y,334,2.0,239900
68.0,10769,CollgCr,2Story,8,2007,VinylSd,0.0,Gd,PConc,Gd,TA,Av,GLQ,866.0,Ex,Y,SBrkr,866,902,3,Gd,0,Attchd,RFn,578.0,Y,249,2.5,212000
77.0,11422,CollgCr,1Story,8,2007,VinylSd,352.0,Gd,PConc,Ex,TA,Av,GLQ,1838.0,Ex,Y,SBrkr,1838,0,3,Gd,2,Attchd,RFn,524.0,Y,376,3.0,272500
122.0,11923,CollgCr,1Story,9,2007,VinylSd,0.0,Gd,PConc,Ex,TA,No,Unf,1800.0,Ex,Y,SBrkr,1800,0,2,Ex,0,Attchd,Fin,702.0,Y,424,2.0,239000
68.0,8814,CollgCr,1Story,7,2006,VinylSd,180.0,Gd,PConc,Gd,TA,No,GLQ,1604.0,Ex,Y,SBrkr,1604,0,3,Gd,1,Attchd,RFn,660.0,Y,233,3.5,220000
64.0,6762,CollgCr,1Story,7,2007,VinylSd,0.0,Gd,PConc,Gd,TA,Av,GLQ,1282.0,Ex,Y,SBrkr,1290,0,2,Gd,1,Attchd,RFn,662.0,Y,168,3.0,200000
95.0,10324,CollgCr,1Story,8,2008,VinylSd,140.0,Gd,PConc,Gd,TA,Av,GLQ,1254.0,Ex,Y,SBrkr,1254,0,2,Gd,0,Attchd,RFn,810.0,Y,260,3.0,221800
64.0,7314,CollgCr,1Story,7,2007,VinylSd,82.0,Gd,PConc,Gd,TA,Av,GLQ,1232.0,Ex,Y,SBrkr,1232,0,2,Gd,0,Attchd,RFn,632.0,Y,132,3.0,194500
78.0,11645,CollgCr,1Story,8,2005,VinylSd,76.0,Gd,PConc,Ex,TA,Gd,GLQ,1498.0,Ex,Y,SBrkr,1498,0,3,Gd,1,Attchd,Fin,844.0,Y,242,2.0,237000
79.0,11646,CollgCr,2Story,6,2005,VinylSd,0.0,Gd,PConc,Gd,TA,Av,Unf,704.0,Ex,Y,SBrkr,704,718,3,Gd,1,Attchd,Fin,440.0,Y,64,2.5,173000
67.0,12800,SawyerW,SLvl,7,1989,Wd Sdng,145.0,Gd,PConc,Gd,TA,Gd,GLQ,1518.0,Gd,Y,SBrkr,1644,0,2,Gd,1,Attchd,Fin,569.0,Y,476,3.5,275000
80.5,16698,ClearCr,2Story,7,1992,VinylSd,0.0,Gd,PConc,Gd,TA,Av,GLQ,1449.0,Gd,Y,SBrkr,944,815,3,Gd,1,Attchd,Unf,525.0,Y,343,3.5,233500
80.5,28698,ClearCr,2Story,5,1967,Plywood,0.0,TA,PConc,TA,Gd,Gd,LwQ,1013.0,TA,Y,SBrkr,1160,966,3,TA,0,Attchd,Fin,538.0,Y,711,3.0,185000
82.0,12464,CollgCr,1Story,5,1996,VinylSd,0.0,TA,PConc,Gd,TA,No,GLQ,1040.0,Gd,Y,SBrkr,1040,0,3,Gd,0,Detchd,Unf,576.0,Y,168,2.0,152000
65.0,9757,CollgCr,1Story,5,1994,VinylSd,0.0,TA,PConc,TA,TA,No,ALQ,990.0,Ex,Y,SBrkr,990,0,3,TA,0,Attchd,RFn,440.0,Y,158,2.0,143000
65.0,15426,CollgCr,2Story,6,1997,VinylSd,0.0,TA,PConc,Gd,TA,No,GLQ,928.0,Ex,Y,SBrkr,928,836,3,Gd,0,Attchd,RFn,470.0,Y,375,3.5,231500
43.0,10667,CollgCr,2Story,7,1996,VinylSd,0.0,Gd,PConc,Gd,TA,Av,GLQ,799.0,Ex,Y,SBrkr,827,834,3,Gd,1,Attchd,RFn,550.0,Y,219,3.5,212000
65.0,14753,CollgCr,1Story,7,1998,VinylSd,0.0,TA,PConc,Gd,TA,Mn,GLQ,1463.0,Ex,Y,SBrkr,1463,0,3,TA,0,Attchd,Fin,539.0,Y,81,3.0,207000
112.0,10859,CollgCr,1Story,5,1994,VinylSd,0.0,TA,PConc,Gd,TA,No,Unf,1097.0,Ex,Y,SBrkr,1097,0,3,TA,0,Attchd,Unf,672.0,Y,456,1.5,145000
60.0,8072,CollgCr,1Story,5,1994,VinylSd,0.0,TA,PConc,Gd,Gd,No,ALQ,990.0,Ex,Y,SBrkr,990,0,3,TA,0,Detchd,Unf,480.0,Y,64,2.0,138000
80.0,10400,CollgCr,2Story,7,1998,VinylSd,0.0,TA,PConc,Gd,TA,Av,Unf,866.0,Ex,Y,SBrkr,866,913,3,Gd,0,Attchd,RFn,546.0,Y,234,2.5,197900
78.0,10335,CollgCr,1Story,7,1999,VinylSd,183.0,Gd,PConc,Gd,TA,Gd,GLQ,1490.0,Ex,Y,SBrkr,1501,0,3,Gd,0,Attchd,RFn,577.0,Y,173,3.0,204000
68.0,9017,CollgCr,1Story,7,1999,VinylSd,0.0,Gd,PConc,Gd,TA,Av,GLQ,1431.0,Ex,Y,SBrkr,1431,0,3,Gd,0,Attchd,Fin,666.0,Y,35,3.0,192000
70.0,8750,CollgCr,2Story,6,1998,VinylSd,120.0,TA,PConc,Gd,TA,No,GLQ,928.0,Ex,Y,SBrkr,928,844,3,TA,1,Attchd,RFn,492.0,Y,246,3.5,200000
68.0,8935,CollgCr,2Story,7,2002,VinylSd,95.0,Gd,PConc,Gd,TA,No,Unf,831.0,Ex,Y,SBrkr,831,829,3,Gd,0,Attchd,RFn,493.0,Y,212,2.5,195000
67.0,9808,CollgCr,1Story,7,2002,VinylSd,110.0,Gd,PConc,Gd,TA,No,GLQ,1573.0,Ex,Y,SBrkr,1573,0,3,Gd,0,Attchd,RFn,544.0,Y,72,3.0,227000
79.0,12420,CollgCr,2Story,7,2001,VinylSd,0.0,Gd,PConc,Gd,TA,No,GLQ,944.0,Ex,Y,SBrkr,944,896,3,Gd,0,Attchd,RFn,622.0,Y,45,3.5,230000
67.0,16285,CollgCr,1Story,7,2001,VinylSd,0.0,Gd,PConc,Gd,TA,No,Unf,1413.0,Ex,Y,SBrkr,1430,0,3,Gd,0,Attchd,RFn,605.0,Y,33,2.0,187100
65.0,10739,CollgCr,1Story,7,2002,VinylSd,68.0,Gd,PConc,Gd,TA,No,GLQ,1431.0,Ex,Y,SBrkr,1444,0,3,Gd,0,Attchd,RFn,577.0,Y,184,3.0,203000
75.0,11166,CollgCr,1Story,7,2001,VinylSd,180.0,Gd,PConc,Gd,TA,Mn,GLQ,1492.0,Ex,Y,SBrkr,1492,0,3,Gd,1,Attchd,RFn,608.0,Y,282,2.0,201000
60.0,8430,CollgCr,1Story,5,1978,HdBoard,136.0,TA,CBlock,Gd,TA,No,Rec,1040.0,TA,Y,SBrkr,1040,0,3,TA,0,None,None,0.0,Y,0,2.0,124000
70.0,16269,CollgCr,1Story,5,1978,MetalSd,76.0,TA,BrkTil,Gd,TA,Av,GLQ,907.0,TA,Y,SBrkr,907,0,3,TA,0,Attchd,Unf,343.0,Y,72,1.0,140000
76.0,6950,CollgCr,1Story,5,1979,HdBoard,40.0,TA,CBlock,TA,TA,No,ALQ,914.0,TA,Y,SBrkr,914,0,2,TA,0,Attchd,Unf,444.0,Y,0,2.0,134900
61.0,8800,CollgCr,1Story,5,1977,HdBoard,0.0,TA,CBlock,Gd,TA,Mn,LwQ,1040.0,TA,Y,SBrkr,1040,0,3,Gd,0,Detchd,Unf,484.0,Y,288,2.0,150500
70.0,7000,CollgCr,1Story,5,1978,VinylSd,90.0,Gd,CBlock,TA,TA,No,ALQ,864.0,Ex,Y,SBrkr,864,0,3,TA,0,Attchd,Unf,336.0,Y,0,2.0,136500
70.0,9286,CollgCr,1Story,5,1977,HdBoard,0.0,TA,CBlock,Gd,Gd,Av,ALQ,1268.0,TA,Y,SBrkr,1268,0,3,Gd,0,Detchd,Unf,252.0,Y,173,1.5,143500
36.0,15523,CollgCr,1Story,5,1972,HdBoard,0.0,TA,CBlock,TA,TA,Av,BLQ,864.0,Ex,Y,SBrkr,864,0,3,TA,1,Attchd,Unf,338.0,Y,0,2.0,133500
60.0,7200,CollgCr,1Story,5,1972,MetalSd,0.0,TA,CBlock,TA,TA,Av,Rec,894.0,TA,Y,SBrkr,894,0,2,TA,0,Detchd,RFn,600.0,Y,215,1.0,123000
60.0,7200,CollgCr,SFoyer,5,1972,WdShing,0.0,TA,CBlock,Gd,TA,Av,GLQ,768.0,Gd,Y,SBrkr,768,0,2,TA,0,Detchd,Fin,396.0,Y,192,1.5,133900
70.0,8445,CollgCr,SFoyer,5,1972,HdBoard,0.0,TA,CBlock,Gd,TA,Av,GLQ,768.0,TA,Y,SBrkr,768,0,2,TA,0,Detchd,Unf,396.0,Y,58,2.0,133000
90.0,11664,CollgCr,1Story,7,2002,VinylSd,0.0,Gd,PConc,Gd,TA,Av,GLQ,1569.0,Ex,Y,SBrkr,1611,0,3,Gd,0,Attchd,RFn,1231.0,Y,355,3.0,250000
70.0,12334,CollgCr,2Story,8,2003,VinylSd,198.0,Gd,PConc,Gd,TA,Av,Unf,1068.0,Ex,Y,SBrkr,1068,1116,4,Gd,1,BuiltIn,RFn,570.0,Y,324,2.5,254750
70.0,11838,CollgCr,1Story,8,2001,VinylSd,0.0,Gd,PConc,Gd,TA,Av,Unf,1753.0,Ex,Y,SBrkr,1788,0,3,Ex,1,Attchd,RFn,522.0,Y,353,2.0,236500
70.0,11885,CollgCr,2Story,8,2001,VinylSd,108.0,Gd,PConc,Gd,TA,Av,GLQ,1299.0,Ex,Y,SBrkr,1299,573,3,Ex,1,BuiltIn,RFn,531.0,Y,282,3.5,261500
70.0,11050,CollgCr,2Story,9,2000,VinylSd,204.0,Gd,PConc,Ex,TA,Mn,GLQ,1440.0,Ex,Y,SBrkr,1476,677,3,Ex,2,Attchd,Fin,736.0,Y,395,3.5,313000
70.0,8749,CollgCr,2Story,7,2002,VinylSd,0.0,Gd,PConc,Gd,TA,No,Unf,840.0,Ex,Y,SBrkr,840,885,3,Gd,0,Attchd,RFn,550.0,Y,48,2.5,198500
70.0,11250,CollgCr,2Story,7,2001,VinylSd,0.0,Gd,PConc,Gd,TA,No,Unf,944.0,Ex,Y,SBrkr,944,926,3,Gd,0,Attchd,RFn,608.0,Y,299,2.5,211000
90.0,15750,CollgCr,1Story,8,1999,VinylSd,260.0,Gd,PConc,Gd,TA,Gd,GLQ,1462.0,Ex,Y,SBrkr,1513,0,2,Gd,1,Attchd,Fin,521.0,Y,169,3.0,220000
73.0,11883,CollgCr,1Story,7,1996,VinylSd,196.0,Gd,PConc,Gd,TA,Gd,GLQ,1504.0,Ex,Y,SBrkr,1504,0,3,Gd,1,Attchd,Fin,478.0,Y,181,3.0,203000
70.0,12782,CollgCr,1Story,8,2002,HdBoard,164.0,Gd,PConc,Ex,TA,Gd,GLQ,1822.0,Ex,Y,SBrkr,1828,0,3,Gd,1,Attchd,Fin,523.0,Y,338,3.0,279500
70.0,8750,CollgCr,1Story,7,1997,VinylSd,209.0,Gd,PConc,Gd,TA,Av,GLQ,1417.0,Ex,Y,SBrkr,1417,0,3,Gd,1,Attchd,Unf,511.0,Y,177,3.0,210000
70.0,9375,CollgCr,2Story,7,1997,VinylSd,573.0,TA,PConc,Gd,TA,No,GLQ,1057.0,Ex,Y,SBrkr,1057,977,3,Gd,0,Attchd,RFn,645.0,Y,612,3.5,219500
70.0,8750,CollgCr,2Story,7,1996,VinylSd,0.0,Gd,PConc,Gd,TA,No,Unf,880.0,Ex,Y,SBrkr,909,807,2,Gd,1,Attchd,RFn,512.0,Y,120,2.5,191000
70.0,9100,CollgCr,1Story,7,2001,VinylSd,0.0,Gd,PConc,Gd,TA,No,Unf,1212.0,Ex,Y,SBrkr,1212,0,3,Gd,0,Attchd,RFn,573.0,Y,356,2.0,178000
75.0,9750,CollgCr,1Story,7,2000,VinylSd,171.0,Gd,PConc,Gd,TA,No,Unf,1630.0,Ex,Y,SBrkr,1630,0,3,Gd,1,Attchd,Unf,451.0,Y,308,2.0,213000
70.0,4435,CollgCr,1Story,6,2003,VinylSd,170.0,Gd,PConc,Gd,TA,Av,GLQ,848.0,Ex,Y,SBrkr,848,0,1,Gd,0,Attchd,Fin,420.0,Y,140,2.0,144000
70.0,4435,CollgCr,1Story,6,2003,VinylSd,170.0,Gd,PConc,Gd,TA,Av,GLQ,848.0,Ex,Y,SBrkr,848,0,1,Gd,0,Attchd,Fin,420.0,Y,140,2.0,140000
85.0,10200,CollgCr,1Story,8,2007,VinylSd,180.0,Gd,PConc,Gd,TA,Av,GLQ,1578.0,Ex,Y,SBrkr,1602,0,3,Gd,1,Attchd,RFn,810.0,Y,243,3.0,293200
65.0,9313,CollgCr,2Story,7,2004,VinylSd,0.0,Gd,PConc,Gd,TA,No,Unf,864.0,Ex,Y,SBrkr,864,864,3,Gd,0,Attchd,RFn,572.0,Y,243,2.5,190000
63.0,8487,CollgCr,1Story,7,2004,VinylSd,210.0,Gd,PConc,Gd,TA,Av,GLQ,1500.0,Ex,Y,SBrkr,1500,0,3,Gd,0,Attchd,RFn,570.0,Y,228,2.0,190000
64.0,8633,CollgCr,2Story,6,2005,VinylSd,0.0,Gd,PConc,Gd,TA,No,GLQ,738.0,Ex,Y,SBrkr,738,738,3,Gd,0,Attchd,Fin,540.0,Y,135,3.5,173500
85.0,11069,CollgCr,2Story,6,2007,VinylSd,0.0,Gd,PConc,Gd,TA,No,Unf,608.0,Ex,Y,SBrkr,608,788,3,Gd,1,BuiltIn,Fin,440.0,Y,136,2.5,170000
67.0,8777,Edwards,1Story,4,1949,VinylSd,0.0,TA,CBlock,None,None,None,None,0.0,Ex,Y,SBrkr,1126,0,2,Gd,0,Detchd,Fin,520.0,N,96,2.0,108000
75.0,9937,Edwards,1Story,5,1964,MetalSd,0.0,TA,PConc,TA,TA,No,BLQ,1486.0,Ex,Y,SBrkr,1486,0,3,TA,0,Detchd,Fin,480.0,Y,0,2.0,167000
67.0,8877,Edwards,1Story,4,1938,MetalSd,0.0,TA,CBlock,TA,TA,Mn,ALQ,816.0,Ex,Y,SBrkr,816,0,2,TA,1,Detchd,Unf,288.0,Y,0,2.0,100000
64.0,7301,Edwards,SFoyer,7,2003,HdBoard,500.0,Gd,Slab,None,None,None,None,0.0,Ex,Y,SBrkr,495,1427,4,Gd,1,BuiltIn,RFn,672.0,Y,177,3.0,198500
75.0,7950,Edwards,2Story,6,1977,HdBoard,140.0,TA,CBlock,TA,TA,No,BLQ,690.0,TA,Y,SBrkr,698,728,3,TA,0,Attchd,Fin,440.0,Y,252,1.5,159500
80.0,10682,Edwards,1Story,4,1960,HdBoard,0.0,TA,CBlock,TA,TA,No,GLQ,1014.0,TA,Y,SBrkr,1149,0,3,TA,0,2Types,Fin,544.0,Y,240,2.0,127000
72.0,7200,Edwards,SLvl,6,1976,MetalSd,255.0,TA,CBlock,TA,TA,Av,ALQ,1041.0,Ex,Y,SBrkr,1125,0,3,TA,1,Detchd,Unf,352.0,Y,296,2.0,125000
86.0,13286,Edwards,1Story,9,2007,CemntBd,340.0,Ex,PConc,Ex,TA,No,GLQ,1698.0,Ex,Y,SBrkr,1698,0,3,Ex,1,Attchd,Fin,768.0,Y,391,3.0,320000
35.0,3675,Edwards,SFoyer,6,2005,VinylSd,80.0,TA,Wood,Gd,TA,Gd,GLQ,547.0,Gd,Y,SBrkr,1072,0,2,TA,0,Basment,Fin,525.0,Y,28,2.0,145500
50.0,9405,Edwards,1Story,5,1947,VinylSd,0.0,TA,CBlock,TA,TA,No,Unf,698.0,Ex,Y,SBrkr,698,0,2,TA,0,None,None,0.0,Y,200,1.5,118000
64.0,6410,Edwards,1Story,4,1959,AsbShng,0.0,TA,CBlock,TA,TA,No,LwQ,876.0,TA,Y,FuseA,876,0,3,TA,0,Detchd,Unf,320.0,Y,0,1.0,85000
70.0,11767,Edwards,1Story,5,1950,MetalSd,0.0,TA,CBlock,Fa,TA,Mn,Rec,1078.0,TA,Y,FuseA,1368,0,3,TA,0,Attchd,RFn,195.0,Y,252,2.0,120000
50.0,8405,Edwards,1.5Fin,4,1945,WdShing,0.0,TA,Slab,None,None,None,None,0.0,TA,N,FuseF,1088,441,4,TA,0,Detchd,Unf,240.0,N,277,2.0,98000
56.0,4060,Edwards,1Story,5,1922,Wd Sdng,0.0,TA,PConc,Fa,TA,No,Unf,864.0,Ex,Y,SBrkr,864,0,2,TA,0,None,None,0.0,Y,96,1.0,99900
74.0,10206,Edwards,1Story,3,1952,BrkComm,0.0,TA,Slab,None,None,None,None,0.0,Fa,N,FuseF,944,0,2,Fa,0,Detchd,Unf,528.0,Y,0,1.0,82000
65.0,10926,Edwards,1Story,5,1959,VinylSd,74.0,TA,CBlock,TA,TA,No,Unf,1678.0,TA,Y,SBrkr,1678,0,6,TA,0,None,None,0.0,Y,0,2.0,119900
70.0,11767,Edwards,1Story,5,1956,HdBoard,259.0,TA,CBlock,TA,TA,No,Rec,1150.0,Ex,Y,SBrkr,1560,0,2,TA,1,Attchd,Unf,313.0,Y,0,1.0,103500
64.0,8926,Edwards,1Story,4,1956,AsbShng,0.0,TA,CBlock,TA,TA,No,Unf,672.0,Ex,Y,FuseA,960,0,3,TA,0,Basment,Unf,288.0,Y,224,1.0,112000
67.0,12354,Edwards,1.5Fin,6,1920,Wd Sdng,0.0,TA,BrkTil,TA,Fa,Mn,Unf,684.0,Gd,Y,SBrkr,684,512,3,Gd,0,Detchd,Unf,528.0,Y,46,1.0,110000
45.0,8212,Edwards,1.5Fin,5,1941,Wd Sdng,0.0,TA,CBlock,TA,TA,No,Rec,720.0,Ex,Y,SBrkr,854,444,3,TA,2,Detchd,Unf,256.0,Y,84,1.0,122000
60.0,10998,Edwards,1.5Fin,5,1941,Wd Sdng,0.0,TA,CBlock,TA,TA,No,LwQ,984.0,Ex,Y,SBrkr,984,620,3,TA,0,Detchd,Unf,660.0,Y,68,2.0,117000
70.0,6300,SWISU,1.5Fin,5,1938,MetalSd,88.0,TA,PConc,TA,Fa,No,LwQ,832.0,TA,Y,SBrkr,832,436,3,TA,2,Basment,Unf,250.0,Y,55,1.5,160000
55.0,4500,SWISU,1.5Fin,5,1932,VinylSd,0.0,TA,BrkTil,TA,TA,No,Rec,793.0,Ex,Y,SBrkr,848,672,3,TA,0,Detchd,Unf,281.0,Y,56,1.0,159434
60.0,8400,SWISU,1Story,2,1920,Wd Sdng,0.0,TA,CBlock,TA,Fa,No,Rec,290.0,TA,N,FuseF,438,0,1,Fa,0,Detchd,Unf,246.0,N,0,1.0,60000
60.0,9900,SWISU,1.5Fin,6,1940,VinylSd,0.0,TA,BrkTil,TA,TA,No,Unf,778.0,TA,Y,SBrkr,944,545,3,TA,1,Detchd,Unf,240.0,Y,335,2.0,139500
102.0,15863,SWISU,2.5Fin,7,1920,Wd Sdng,0.0,TA,BrkTil,TA,TA,No,GLQ,824.0,Ex,Y,SBrkr,1687,998,5,TA,2,Basment,Fin,672.0,Y,199,3.5,197000
43.0,5707,SWISU,2Story,6,1935,Wd Sdng,0.0,TA,BrkTil,TA,TA,No,Unf,583.0,Gd,Y,FuseF,647,595,3,TA,1,Detchd,Unf,180.0,Y,425,1.5,105000
65.0,7804,SWISU,1.5Fin,4,1928,WdShing,0.0,TA,BrkTil,TA,TA,No,BLQ,1122.0,TA,Y,SBrkr,1328,653,4,Gd,2,Detchd,Unf,576.0,Y,475,3.0,135000
64.0,8574,Crawfor,1Story,6,1916,Stucco,0.0,Gd,BrkTil,TA,TA,No,Unf,816.0,Ex,Y,SBrkr,1232,0,3,Gd,1,Detchd,Unf,440.0,Y,180,1.0,147500
51.0,6171,SWISU,1.5Fin,6,1925,WdShing,0.0,TA,BrkTil,TA,TA,No,BLQ,976.0,Ex,Y,SBrkr,1160,448,3,Gd,1,Detchd,Unf,216.0,Y,163,2.5,137450
60.0,7200,SWISU,2Story,7,1936,Wd Sdng,0.0,Gd,PConc,Gd,Gd,No,ALQ,560.0,Ex,Y,SBrkr,575,560,3,Gd,0,Detchd,RFn,576.0,Y,256,2.0,155000
57.0,7558,Crawfor,1.5Fin,6,1928,BrkFace,0.0,TA,BrkTil,TA,TA,No,Unf,896.0,Gd,Y,SBrkr,1172,741,3,TA,1,Detchd,Unf,342.0,Y,0,1.5,177000
52.0,6292,SWISU,1.5Fin,7,1928,Wd Sdng,0.0,TA,BrkTil,TA,TA,No,Unf,861.0,Gd,Y,SBrkr,877,600,3,TA,1,Detchd,Unf,216.0,Y,50,2.5,145000
53.0,7155,Crawfor,2Story,7,1918,Wd Sdng,0.0,TA,BrkTil,TA,Fa,Mn,Unf,600.0,Ex,Y,SBrkr,628,600,3,TA,1,Detchd,Unf,215.0,Y,308,1.0,137000
53.0,10918,Crawfor,2Story,7,1926,MetalSd,0.0,Gd,BrkTil,Gd,TA,No,Unf,1276.0,Ex,Y,SBrkr,1276,804,3,Gd,2,Detchd,Unf,282.0,Y,145,1.5,234000
60.0,13680,Crawfor,1.5Fin,5,1940,Wd Sdng,0.0,TA,CBlock,TA,TA,No,ALQ,840.0,Ex,Y,SBrkr,840,727,2,TA,2,Detchd,Unf,440.0,Y,171,2.5,205000
70.0,7500,Crawfor,2Story,6,1942,Wd Sdng,0.0,TA,CBlock,TA,TA,No,BLQ,771.0,Fa,Y,SBrkr,753,741,3,Gd,2,Attchd,Unf,213.0,P,224,1.0,177500
130.0,9600,Crawfor,1.5Fin,5,1940,MetalSd,0.0,Gd,BrkTil,TA,Fa,No,Rec,728.0,Ex,Y,SBrkr,976,332,2,TA,2,Detchd,Unf,256.0,Y,70,2.5,160000
80.0,14680,Crawfor,1Story,5,1960,MetalSd,0.0,TA,CBlock,TA,TA,No,Rec,1273.0,Ex,Y,SBrkr,1273,0,2,TA,0,Attchd,Unf,307.0,Y,598,1.0,155000
80.0,13360,Crawfor,1Story,5,1921,Wd Sdng,0.0,TA,BrkTil,Gd,TA,No,ALQ,876.0,Ex,Y,SBrkr,964,0,2,TA,0,Detchd,Unf,432.0,Y,44,2.0,163500
54.0,7681,Crawfor,1.5Fin,5,1921,Wd Sdng,0.0,TA,BrkTil,TA,TA,No,Unf,731.0,Ex,Y,SBrkr,820,523,3,TA,1,Detchd,Unf,186.0,Y,294,1.5,154900
70.0,8145,Crawfor,2.5Unf,7,1940,Wd Sdng,0.0,TA,BrkTil,TA,TA,No,LwQ,920.0,Ex,Y,SBrkr,1240,1240,5,TA,2,Detchd,Unf,400.0,Y,57,2.5,205000
70.0,9100,Crawfor,1Story,5,1954,BrkFace,0.0,TA,BrkTil,TA,TA,Mn,Rec,1112.0,Ex,Y,SBrkr,1112,0,2,TA,1,Attchd,Unf,390.0,Y,0,2.0,144800
75.0,12000,Crawfor,2Story,7,1941,MetalSd,0.0,TA,CBlock,TA,TA,No,Rec,704.0,Ex,Y,SBrkr,860,704,3,Fa,1,Attchd,Unf,234.0,Y,0,1.5,174500
90.0,13339,Crawfor,1Story,6,1960,HdBoard,132.0,TA,CBlock,TA,TA,No,LwQ,1561.0,TA,Y,SBrkr,1561,0,3,TA,1,Attchd,Fin,463.0,Y,268,3.0,193000
78.0,15600,Crawfor,1.5Fin,5,1949,BrkComm,0.0,TA,BrkTil,TA,TA,No,BLQ,1067.0,Fa,N,SBrkr,986,537,3,Fa,1,Attchd,Unf,295.0,Y,81,3.0,158000
80.0,14000,Crawfor,1Story,6,1950,HdBoard,0.0,TA,CBlock,TA,TA,No,Unf,1092.0,Ex,Y,SBrkr,1152,0,3,Gd,1,Attchd,Unf,300.0,Y,36,1.5,158500
100.0,17500,Crawfor,1Story,6,1954,HdBoard,420.0,TA,PConc,TA,TA,Av,LwQ,1310.0,Ex,Y,SBrkr,1906,0,3,TA,2,Basment,Unf,576.0,Y,201,2.5,224000
24.0,1733,Blueste,2Story,6,1980,MetalSd,0.0,TA,CBlock,TA,TA,No,Unf,516.0,TA,Y,SBrkr,516,516,2,TA,1,Detchd,Unf,452.0,Y,279,1.0,115000
24.0,1488,Blueste,2Story,6,1980,MetalSd,0.0,TA,CBlock,Gd,TA,Mn,ALQ,561.0,TA,Y,SBrkr,561,668,2,Gd,1,Attchd,Fin,462.0,Y,176,2.5,137000
24.0,1612,Blueste,2Story,6,1980,MetalSd,0.0,TA,CBlock,Gd,TA,No,Unf,561.0,TA,Y,SBrkr,561,668,2,TA,1,Attchd,Fin,462.0,Y,154,1.5,121000
24.0,1300,Blueste,2Story,6,1980,MetalSd,0.0,TA,CBlock,Gd,TA,No,ALQ,561.0,TA,Y,SBrkr,561,668,2,TA,1,Attchd,Fin,462.0,Y,150,1.5,124000
70.0,13607,Crawfor,SLvl,6,1986,VinylSd,242.0,TA,CBlock,TA,TA,No,ALQ,572.0,Gd,Y,SBrkr,1182,800,3,TA,1,BuiltIn,Fin,501.0,Y,512,3.5,208000
70.0,17597,Crawfor,1Story,7,1971,BrkFace,0.0,Gd,CBlock,Gd,TA,No,GLQ,1803.0,TA,Y,SBrkr,2365,0,3,Ex,2,Attchd,Fin,551.0,Y,344,3.0,315000
70.0,21695,Crawfor,1Story,6,1988,Wd Sdng,260.0,Gd,CBlock,Gd,TA,No,GLQ,880.0,Ex,Y,SBrkr,1680,0,3,Gd,1,Attchd,Fin,540.0,Y,336,3.0,222000
59.0,10690,IDOTRR,2Story,5,1920,VinylSd,0.0,TA,CBlock,TA,Fa,No,Rec,672.0,Gd,Y,FuseA,672,672,3,TA,0,Detchd,Unf,468.0,Y,346,1.0,147000
50.0,8660,IDOTRR,2Story,5,1900,AsbShng,0.0,TA,BrkTil,TA,TA,No,Unf,760.0,Ex,N,SBrkr,928,928,5,Gd,0,Detchd,Unf,576.0,Y,705,2.0,123000
60.0,6402,IDOTRR,2Story,5,1920,Wd Sdng,0.0,TA,PConc,TA,TA,Mn,Unf,596.0,TA,N,SBrkr,596,596,3,TA,0,Detchd,Unf,189.0,N,137,1.0,78000
105.0,8470,IDOTRR,1.5Fin,3,1915,Plywood,0.0,Fa,CBlock,TA,Fa,No,Unf,1013.0,TA,N,SBrkr,1013,0,2,Fa,0,None,None,0.0,N,156,1.0,85000
60.0,10200,IDOTRR,1Story,4,1925,MetalSd,0.0,TA,BrkTil,TA,TA,No,Unf,572.0,Fa,N,FuseP,572,0,2,TA,0,Detchd,Unf,200.0,N,72,1.0,75000
44.0,3843,Crawfor,1Story,8,2007,CemntBd,174.0,Ex,PConc,Ex,TA,Gd,GLQ,1596.0,Ex,Y,SBrkr,1648,0,2,Ex,1,Attchd,Fin,482.0,Y,215,3.5,230000
109.0,21780,IDOTRR,1Story,2,1910,Wd Sdng,0.0,Fa,CBlock,None,None,None,None,0.0,TA,N,FuseA,810,0,1,TA,0,Detchd,Unf,280.0,N,143,1.0,57625
75.0,10125,Mitchel,2Story,8,2000,CemntBd,0.0,Gd,PConc,Gd,TA,No,ALQ,1107.0,Ex,Y,SBrkr,1040,1012,3,Gd,1,BuiltIn,Fin,642.0,Y,301,2.5,251000
48.0,12822,Mitchel,1.5Fin,7,2003,VinylSd,0.0,Gd,PConc,Ex,TA,No,GLQ,1434.0,Ex,Y,SBrkr,1518,631,1,Gd,1,Attchd,RFn,670.0,Y,409,2.5,239686
43.0,12118,Mitchel,1Story,7,2004,VinylSd,108.0,Gd,PConc,Ex,TA,Mn,Unf,1710.0,Ex,Y,SBrkr,1710,0,3,Gd,1,Attchd,Fin,550.0,Y,328,2.0,240000
71.0,12209,Mitchel,2Story,6,2001,VinylSd,0.0,TA,PConc,Ex,TA,No,ALQ,804.0,Ex,Y,SBrkr,804,1157,3,Gd,1,BuiltIn,Fin,560.0,Y,317,3.5,215000
75.0,9750,Mitchel,SFoyer,6,1977,Plywood,0.0,TA,CBlock,TA,TA,Av,ALQ,902.0,Ex,Y,SBrkr,926,0,2,TA,1,Attchd,Unf,351.0,Y,319,2.0,156450
72.0,9360,Mitchel,SFoyer,6,1977,Plywood,0.0,TA,CBlock,Gd,TA,Av,GLQ,957.0,TA,Y,SBrkr,1287,0,2,TA,2,Attchd,RFn,541.0,Y,461,2.5,173000
75.0,10125,Mitchel,1.5Fin,5,1977,Plywood,0.0,TA,CBlock,None,None,None,None,0.0,TA,Y,SBrkr,1302,432,4,Gd,0,Attchd,Unf,539.0,Y,0,2.0,126000
74.0,9947,Mitchel,SLvl,7,1990,HdBoard,0.0,TA,PConc,Gd,TA,Av,GLQ,1188.0,Ex,Y,SBrkr,1217,0,3,Gd,0,Attchd,Unf,497.0,Y,195,3.0,173000
82.0,11070,Mitchel,1Story,5,1991,HdBoard,0.0,TA,PConc,Gd,TA,No,BLQ,1582.0,TA,Y,SBrkr,1595,0,2,TA,0,Detchd,Unf,672.0,Y,0,3.0,152000
82.0,14375,Timber,SLvl,6,1958,HdBoard,541.0,TA,CBlock,TA,TA,No,GLQ,819.0,Gd,Y,FuseA,1344,0,3,Gd,1,Basment,RFn,525.0,Y,351,1.5,137500
150.0,215245,Timber,1Story,7,1965,BrkFace,0.0,TA,CBlock,Gd,TA,Gd,ALQ,2136.0,TA,Y,SBrkr,2036,0,3,TA,2,Attchd,RFn,513.0,Y,0,4.0,375000
89.0,12898,Timber,1Story,9,2007,VinylSd,70.0,Gd,PConc,Ex,TA,Gd,GLQ,1620.0,Ex,Y,SBrkr,1620,0,2,Ex,1,Attchd,Fin,912.0,Y,228,3.0,315500
83.0,13159,Timber,2Story,7,2009,VinylSd,0.0,TA,PConc,Ex,TA,Av,Unf,846.0,Gd,Y,SBrkr,846,846,3,Gd,0,Attchd,RFn,650.0,Y,322,2.5,224500
113.0,13438,Timber,1Story,9,2008,CemntBd,246.0,Ex,CBlock,Ex,TA,Gd,GLQ,2190.0,Ex,Y,SBrkr,2036,0,3,Ex,1,Attchd,Fin,780.0,Y,244,3.0,410000
79.0,14463,Timber,1Story,9,2008,CemntBd,406.0,Ex,PConc,Ex,TA,Gd,GLQ,1641.0,Ex,Y,SBrkr,1641,0,3,Ex,0,Attchd,Fin,885.0,Y,95,3.0,316500
73.0,8925,Timber,1Story,8,2007,VinylSd,0.0,Gd,PConc,Gd,TA,Av,GLQ,1466.0,Ex,Y,SBrkr,1466,0,3,Gd,0,Attchd,Fin,610.0,Y,118,2.0,201000
130.0,11457,Timber,1Story,6,1988,HdBoard,0.0,TA,CBlock,Gd,TA,Mn,GLQ,1392.0,TA,Y,SBrkr,1412,0,3,Gd,1,Attchd,Unf,576.0,Y,169,3.0,175000
82.0,9839,Timber,2Story,6,1980,MetalSd,0.0,TA,PConc,Gd,TA,No,ALQ,712.0,Ex,Y,SBrkr,1375,862,3,Gd,1,BuiltIn,Fin,440.0,Y,329,2.5,204000
125.0,14419,Timber,SLvl,7,1987,Plywood,310.0,TA,PConc,Gd,TA,Gd,GLQ,1645.0,Ex,Y,SBrkr,1479,0,3,Gd,1,Attchd,Fin,578.0,Y,462,4.5,213500
82.0,6853,Timber,1Story,8,2001,VinylSd,136.0,Gd,PConc,Ex,TA,No,GLQ,1267.0,Ex,Y,SBrkr,1296,0,2,Gd,0,Attchd,Fin,471.0,Y,217,3.0,220000
75.0,9157,Timber,2Story,7,2003,VinylSd,0.0,Gd,PConc,Gd,TA,No,Unf,912.0,Ex,Y,SBrkr,1072,942,3,Gd,0,Attchd,Fin,486.0,Y,238,2.5,170000
85.0,14601,Timber,1Story,9,2006,VinylSd,584.0,Ex,PConc,Ex,TA,Av,GLQ,1838.0,Ex,Y,SBrkr,1838,0,2,Ex,1,Attchd,Fin,765.0,Y,338,3.0,315000
85.0,12633,Timber,1Story,9,2007,CemntBd,290.0,Ex,PConc,Ex,TA,Gd,GLQ,1978.0,Ex,Y,SBrkr,1978,0,2,Ex,1,Attchd,Fin,920.0,Y,360,3.0,425000
75.0,12518,Mitchel,1Story,5,1968,HdBoard,182.0,TA,CBlock,TA,TA,No,ALQ,1008.0,Gd,Y,SBrkr,1008,0,3,Gd,0,Attchd,Unf,384.0,Y,144,1.0,139500
100.0,21750,Mitchel,1Story,5,1960,HdBoard,75.0,TA,Slab,None,None,None,None,0.0,TA,Y,SBrkr,1771,0,3,TA,1,Attchd,Unf,336.0,Y,0,1.0,115000
32.0,4500,Mitchel,1Story,6,1998,VinylSd,320.0,TA,PConc,Ex,TA,No,GLQ,1204.0,Ex,Y,SBrkr,1204,0,2,TA,0,Attchd,Fin,412.0,Y,247,3.0,162000
74.0,4500,Mitchel,1Story,6,1999,VinylSd,425.0,TA,PConc,Ex,TA,No,GLQ,1224.0,Ex,Y,SBrkr,1224,0,2,TA,0,Attchd,Fin,402.0,Y,304,3.0,165000
21.0,1596,MeadowV,SLvl,4,1973,CemntBd,0.0,TA,CBlock,Gd,TA,Gd,GLQ,462.0,TA,Y,SBrkr,526,462,2,TA,0,BuiltIn,Unf,297.0,Y,221,2.0,91000
62.0,9858,Mitchel,1Story,5,1968,HdBoard,0.0,TA,CBlock,TA,TA,No,BLQ,864.0,TA,Y,SBrkr,874,0,3,TA,0,Attchd,RFn,288.0,Y,33,2.0,130000
21.0,1526,MeadowV,SFoyer,4,1970,CemntBd,0.0,TA,CBlock,Gd,TA,Av,GLQ,630.0,TA,Y,SBrkr,630,0,1,Gd,0,Attchd,Unf,286.0,Y,0,2.0,86000
83.0,13383,Mitchel,1Story,5,1969,HdBoard,176.0,TA,CBlock,TA,TA,No,BLQ,1188.0,Ex,Y,SBrkr,1404,0,3,TA,1,Attchd,Unf,504.0,Y,16,2.0,160000
21.0,1477,MeadowV,SFoyer,4,1970,CemntBd,0.0,TA,CBlock,Gd,TA,Av,GLQ,630.0,TA,Y,SBrkr,630,0,1,TA,0,Attchd,Unf,286.0,Y,0,2.0,80000
21.0,1533,MeadowV,2Story,4,1970,CemntBd,0.0,TA,CBlock,TA,TA,No,Unf,546.0,TA,Y,SBrkr,798,546,3,TA,1,None,None,0.0,Y,0,1.5,97000
21.0,2217,MeadowV,2Story,4,1970,CemntBd,0.0,TA,CBlock,TA,TA,No,BLQ,546.0,TA,Y,SBrkr,546,546,3,TA,0,Attchd,RFn,286.0,Y,238,1.5,88000
50.0,7689,Mitchel,SFoyer,5,1972,MetalSd,0.0,TA,CBlock,Gd,TA,Av,GLQ,796.0,Gd,Y,SBrkr,796,0,2,TA,0,Detchd,Unf,336.0,Y,138,1.5,131900
62.0,7706,Mitchel,SLvl,6,1993,HdBoard,0.0,TA,CBlock,Gd,TA,Av,Rec,384.0,Ex,Y,SBrkr,1091,0,2,TA,0,Attchd,Fin,429.0,Y,280,1.5,131250
74.0,9101,Mitchel,SFoyer,5,1978,Plywood,104.0,TA,PConc,Gd,TA,Av,GLQ,1097.0,Ex,Y,SBrkr,1110,0,1,Gd,1,Attchd,Fin,602.0,Y,333,2.0,165500
74.0,8780,Mitchel,1Story,5,1985,HdBoard,0.0,TA,CBlock,TA,TA,No,ALQ,833.0,Ex,Y,SBrkr,833,0,3,TA,0,None,None,0.0,Y,0,2.0,112000
70.0,7669,Mitchel,SFoyer,5,1992,HdBoard,0.0,TA,PConc,Gd,TA,Av,GLQ,828.0,TA,Y,SBrkr,883,0,2,TA,1,Detchd,Unf,698.0,Y,132,2.0,149000
85.0,14115,Mitchel,1.5Fin,5,1993,VinylSd,0.0,TA,Wood,Gd,TA,No,GLQ,796.0,Ex,Y,SBrkr,796,566,1,TA,0,Attchd,Unf,480.0,Y,70,2.5,143000
62.0,10429,Mitchel,2Story,5,1992,HdBoard,0.0,TA,PConc,Gd,TA,No,ALQ,624.0,TA,Y,SBrkr,624,663,3,TA,0,Detchd,Unf,440.0,Y,150,1.5,130000
74.0,9819,Mitchel,1Story,6,1977,Plywood,0.0,TA,PConc,TA,TA,Gd,ALQ,1567.0,TA,Y,SBrkr,1567,0,2,Gd,2,Attchd,RFn,714.0,Y,296,3.0,196000
70.0,10457,Mitchel,2Story,5,1969,VinylSd,178.0,Gd,CBlock,TA,TA,Gd,BLQ,784.0,Ex,Y,SBrkr,784,848,4,TA,1,Attchd,RFn,898.0,Y,541,1.5,173000
87.0,11029,NAmes,1Story,6,1958,MetalSd,0.0,Ex,CBlock,Gd,TA,No,ALQ,1184.0,Ex,Y,SBrkr,1414,0,3,TA,1,Attchd,Unf,601.0,Y,241,2.0,176500
73.0,12925,NAmes,1Story,6,1970,BrkFace,0.0,TA,CBlock,TA,TA,Mn,BLQ,1205.0,Ex,Y,SBrkr,2117,0,4,TA,2,Attchd,Fin,550.0,Y,42,2.5,237500
85.0,11075,NAmes,2Story,6,1969,HdBoard,0.0,TA,CBlock,Fa,TA,Mn,ALQ,952.0,TA,Y,SBrkr,1092,1020,4,TA,2,Attchd,Unf,576.0,Y,280,2.5,206900
72.0,8702,Gilbert,2Story,6,1997,VinylSd,0.0,TA,PConc,TA,TA,No,BLQ,926.0,Ex,Y,SBrkr,926,678,3,TA,1,Attchd,Fin,470.0,Y,36,2.5,187500
65.0,8139,Gilbert,2Story,6,1995,VinylSd,119.0,TA,PConc,Gd,TA,No,ALQ,680.0,Gd,Y,SBrkr,680,790,3,TA,1,BuiltIn,Fin,420.0,Y,241,2.5,165000
59.0,9535,Gilbert,2Story,6,1998,VinylSd,0.0,TA,PConc,Gd,TA,Gd,GLQ,926.0,Ex,Y,SBrkr,926,678,3,TA,0,Attchd,Fin,472.0,Y,182,2.5,195500
59.0,9042,Gilbert,2Story,6,1998,VinylSd,0.0,TA,PConc,Gd,TA,Gd,GLQ,943.0,Gd,Y,SBrkr,943,695,3,TA,2,Attchd,Fin,472.0,Y,138,3.5,192000
64.0,15038,Gilbert,2Story,6,1996,HdBoard,0.0,TA,PConc,Gd,TA,No,Rec,916.0,Gd,Y,SBrkr,916,720,3,TA,1,Attchd,Fin,386.0,Y,252,2.5,173000
53.0,14137,Gilbert,1Story,5,1996,HdBoard,0.0,Gd,PConc,Gd,TA,No,GLQ,1348.0,Gd,Y,SBrkr,1384,0,3,Gd,0,Attchd,Unf,404.0,Y,39,3.0,177900
57.0,21872,Gilbert,2Story,7,1996,HdBoard,0.0,TA,PConc,Gd,TA,Gd,GLQ,729.0,Ex,Y,SBrkr,729,717,3,TA,1,Attchd,Unf,406.0,Y,286,3.0,175000
41.0,4923,StoneBr,1Story,8,2001,CemntBd,0.0,Gd,PConc,Ex,TA,Av,GLQ,1593.0,Ex,Y,SBrkr,1593,0,0,Ex,1,Attchd,Fin,682.0,Y,344,2.5,286000
45.0,6264,StoneBr,1Story,8,1997,CemntBd,0.0,Gd,PConc,Ex,TA,Mn,GLQ,1664.0,Ex,Y,SBrkr,1682,0,1,Gd,1,Attchd,Fin,528.0,Y,0,2.5,247900
41.0,5395,StoneBr,1Story,8,1993,HdBoard,0.0,Gd,PConc,Gd,TA,No,GLQ,1337.0,Gd,Y,SBrkr,1337,0,2,Gd,1,Attchd,RFn,462.0,Y,166,3.0,180000
39.0,5070,StoneBr,1Story,8,1992,HdBoard,0.0,Gd,PConc,Gd,TA,Mn,Unf,1280.0,Ex,Y,SBrkr,1280,0,2,Gd,0,Attchd,RFn,506.0,Y,226,2.0,180000
100.0,10839,Gilbert,2Story,6,1997,VinylSd,0.0,TA,PConc,Gd,TA,No,Unf,926.0,Ex,Y,SBrkr,926,678,3,TA,1,Attchd,Fin,470.0,Y,36,2.5,181000
73.0,11184,Gilbert,2Story,6,1998,VinylSd,0.0,TA,PConc,Gd,TA,No,Unf,932.0,Gd,Y,SBrkr,932,701,3,TA,1,Attchd,Fin,460.0,Y,39,2.5,183000
64.0,8000,Gilbert,2Story,6,1995,HdBoard,0.0,TA,PConc,Gd,TA,No,GLQ,773.0,Gd,Y,SBrkr,773,885,3,TA,1,Attchd,Fin,431.0,Y,308,3.5,188000
64.0,10832,Gilbert,2Story,7,1994,MetalSd,0.0,Gd,PConc,Gd,TA,No,Unf,712.0,Ex,Y,SBrkr,1086,809,3,Gd,1,Attchd,Fin,409.0,Y,189,2.5,194500
64.0,14067,Gilbert,2Story,6,1991,HdBoard,194.0,TA,PConc,Gd,TA,No,ALQ,836.0,Gd,Y,SBrkr,851,858,3,Gd,0,Attchd,Fin,416.0,Y,40,3.5,185000
40.0,4671,StoneBr,1Story,8,1988,HdBoard,0.0,Gd,PConc,Gd,TA,Mn,GLQ,1228.0,Gd,Y,SBrkr,1228,0,2,Gd,1,Attchd,Fin,472.0,Y,288,3.0,189000
65.0,5950,StoneBr,1Story,8,1989,HdBoard,0.0,Gd,PConc,Gd,TA,Gd,GLQ,1337.0,Gd,Y,SBrkr,1337,0,2,Gd,1,Attchd,RFn,462.0,Y,227,3.0,188500
101.0,13543,StoneBr,2Story,8,2005,VinylSd,130.0,Gd,PConc,Ex,TA,Gd,GLQ,1168.0,Ex,Y,SBrkr,1168,1332,5,Ex,1,BuiltIn,Fin,683.0,Y,224,3.5,355000
77.0,11198,StoneBr,2Story,9,2005,VinylSd,245.0,Gd,PConc,Gd,Gd,No,Unf,1122.0,Ex,Y,SBrkr,1134,1370,4,Ex,1,BuiltIn,Fin,656.0,Y,183,2.5,325000
53.0,15401,StoneBr,1Story,9,2004,VinylSd,296.0,Ex,PConc,Ex,TA,Gd,GLQ,1884.0,Ex,Y,SBrkr,1884,0,2,Ex,1,Attchd,Fin,670.0,Y,290,3.0,387000
64.0,31220,Gilbert,1Story,6,1952,BrkFace,0.0,TA,CBlock,TA,TA,No,Unf,1632.0,TA,Y,FuseA,1474,0,3,TA,2,Attchd,Unf,495.0,Y,144,1.0,115000
60.0,8118,StoneBr,1Story,9,2007,MetalSd,178.0,Ex,PConc,Ex,TA,Gd,GLQ,1710.0,Ex,Y,SBrkr,1710,0,2,Ex,1,Attchd,RFn,557.0,Y,204,3.0,334000
64.0,47280,Gilbert,1Story,6,1950,AsbShng,44.0,TA,CBlock,TA,TA,No,Unf,1488.0,Gd,Y,SBrkr,1488,0,3,TA,1,Attchd,RFn,738.0,Y,180,2.5,133000
46.0,20544,NWAmes,2Story,7,1986,Plywood,123.0,TA,CBlock,Gd,TA,No,Unf,791.0,Gd,Y,SBrkr,1236,857,3,TA,1,Attchd,Fin,542.0,Y,427,2.5,215000
63.0,12680,NWAmes,1Story,7,1988,Plywood,102.0,Gd,CBlock,Gd,Gd,Mn,GLQ,1675.0,Ex,Y,SBrkr,1688,0,2,Ex,1,Attchd,RFn,528.0,Y,189,3.0,226500
78.0,12090,NWAmes,1Story,6,1981,MetalSd,210.0,TA,CBlock,Gd,TA,No,GLQ,1422.0,TA,Y,SBrkr,1422,0,3,Gd,1,Attchd,Fin,576.0,Y,276,2.0,175500
80.0,10825,NWAmes,1Story,7,1983,WdShing,174.0,Gd,CBlock,Gd,TA,Mn,GLQ,1260.0,TA,Y,SBrkr,1260,0,3,TA,0,Attchd,Unf,598.0,Y,152,3.0,181900
56.0,18559,NWAmes,1Story,7,1978,Plywood,383.0,Gd,CBlock,Gd,TA,No,GLQ,2048.0,TA,Y,SBrkr,2064,0,3,Gd,2,Attchd,Fin,550.0,Y,200,3.0,235000
85.0,14450,NWAmes,1Story,7,1979,Plywood,194.0,Gd,CBlock,Gd,Fa,No,ALQ,1782.0,TA,Y,SBrkr,1782,0,3,Gd,1,Attchd,Fin,551.0,Y,467,2.5,220000
80.0,12227,NWAmes,2Story,6,1977,HdBoard,424.0,TA,CBlock,Gd,Gd,No,ALQ,1330.0,TA,Y,SBrkr,1542,1330,4,TA,1,Attchd,Fin,619.0,Y,832,3.5,272000
90.0,13068,NWAmes,1Story,6,1976,HdBoard,621.0,TA,PConc,Gd,TA,No,ALQ,1211.0,TA,Y,SBrkr,1211,0,3,Gd,1,Attchd,Fin,461.0,Y,0,3.0,161000
80.0,15611,NWAmes,1Story,5,1977,VinylSd,0.0,TA,PConc,Gd,TA,Av,ALQ,1126.0,TA,Y,SBrkr,1126,0,3,Ex,0,Attchd,RFn,540.0,Y,180,2.5,175000
80.0,10400,NWAmes,2Story,7,1980,HdBoard,280.0,TA,CBlock,Gd,TA,Mn,Unf,738.0,TA,Y,SBrkr,1277,767,3,TA,1,Attchd,Unf,489.0,Y,101,2.5,185000
75.0,9743,NWAmes,2Story,5,1969,VinylSd,0.0,TA,CBlock,TA,Fa,No,BLQ,720.0,Gd,Y,SBrkr,720,588,3,TA,0,Detchd,Unf,484.0,Y,0,1.5,146900
80.0,12511,NWAmes,2Story,7,1978,Plywood,168.0,Gd,PConc,Gd,TA,No,ALQ,1420.0,Ex,Y,SBrkr,1420,1420,4,Gd,2,Attchd,Fin,1314.0,Y,224,3.0,292500
104.0,11361,NWAmes,1Story,6,1976,Plywood,160.0,TA,CBlock,Gd,TA,No,ALQ,1193.0,TA,Y,SBrkr,1523,0,3,TA,1,Attchd,Fin,478.0,Y,189,2.5,180000
80.0,10400,NWAmes,1Story,6,1976,HdBoard,120.0,TA,CBlock,TA,TA,No,Unf,1444.0,TA,Y,SBrkr,1444,0,2,TA,1,Attchd,Unf,473.0,Y,24,2.0,159900
80.0,10480,NWAmes,2Story,7,1976,Plywood,660.0,TA,CBlock,TA,TA,No,ALQ,803.0,TA,Y,SBrkr,1098,866,4,TA,1,Attchd,RFn,483.0,Y,69,2.5,205000
80.0,10000,NWAmes,1Story,5,1973,HdBoard,0.0,TA,CBlock,Gd,TA,No,BLQ,1176.0,Gd,Y,SBrkr,1178,0,3,Gd,1,Attchd,Unf,439.0,Y,224,2.0,157000
80.0,14311,NWAmes,2Story,8,1996,VinylSd,402.0,Gd,PConc,Gd,TA,No,GLQ,1236.0,Ex,Y,SBrkr,1236,1104,4,Gd,1,Attchd,RFn,787.0,Y,590,3.5,306000
60.0,9000,NAmes,2Story,5,1974,VinylSd,0.0,TA,CBlock,Gd,TA,Mn,Unf,896.0,TA,Y,SBrkr,896,896,4,TA,0,Detchd,Unf,480.0,Y,45,3.0,133000
65.0,9750,NAmes,1Story,6,1969,HdBoard,0.0,TA,CBlock,Gd,TA,No,ALQ,1054.0,Gd,Y,SBrkr,1054,0,3,TA,0,Attchd,Unf,460.0,Y,260,2.5,151000
68.0,10295,NAmes,1Story,4,1969,HdBoard,72.0,TA,CBlock,Gd,TA,Mn,Rec,936.0,TA,Y,SBrkr,936,0,2,TA,0,Attchd,Unf,288.0,Y,16,1.0,111900
63.0,7560,NAmes,1Story,5,1971,MetalSd,0.0,TA,CBlock,Gd,TA,No,Rec,864.0,TA,Y,SBrkr,864,0,3,TA,0,Detchd,Unf,576.0,Y,0,2.0,123000
73.0,12735,NAmes,1Story,4,1972,MetalSd,0.0,TA,CBlock,TA,TA,No,BLQ,864.0,TA,Y,SBrkr,864,0,3,TA,0,Detchd,Unf,576.0,Y,216,1.0,111250
34.0,4060,NAmes,1Story,6,1998,MetalSd,0.0,Gd,PConc,Gd,TA,No,GLQ,1405.0,Ex,Y,SBrkr,1337,0,2,Gd,0,Attchd,Fin,511.0,Y,212,3.0,181000
21.0,1680,BrDale,2Story,6,1973,HdBoard,359.0,TA,CBlock,TA,TA,No,LwQ,483.0,TA,Y,SBrkr,483,504,2,TA,0,Detchd,Unf,264.0,Y,52,2.0,103400
21.0,1680,BrDale,2Story,6,1973,HdBoard,158.0,TA,CBlock,TA,TA,No,BLQ,483.0,TA,Y,SBrkr,483,504,2,TA,0,Detchd,Unf,264.0,Y,0,2.5,100000
21.0,1890,BrDale,2Story,6,1972,HdBoard,422.0,TA,CBlock,TA,TA,No,LwQ,483.0,Gd,Y,SBrkr,483,504,2,TA,0,Detchd,Unf,352.0,Y,411,1.5,100500
21.0,1869,BrDale,2Story,6,1970,HdBoard,127.0,TA,CBlock,TA,TA,No,Rec,483.0,TA,Y,SBrkr,483,504,2,TA,0,Detchd,Unf,280.0,Y,0,1.5,106000
21.0,1680,BrDale,2Story,6,1971,HdBoard,232.0,TA,CBlock,TA,TA,No,ALQ,483.0,TA,Y,SBrkr,483,504,2,TA,0,Detchd,Unf,264.0,Y,0,1.5,85400
21.0,1680,BrDale,2Story,6,1971,HdBoard,604.0,TA,CBlock,TA,TA,No,ALQ,483.0,TA,Y,SBrkr,483,504,2,TA,0,Detchd,Unf,264.0,Y,0,1.5,89500
21.0,1680,BrDale,2Story,5,1972,HdBoard,356.0,TA,CBlock,TA,TA,No,Rec,630.0,TA,Y,SBrkr,630,672,3,TA,0,Detchd,Unf,264.0,Y,0,2.5,111750
53.0,4043,NPkVill,1Story,6,1977,Plywood,0.0,TA,CBlock,Gd,TA,No,ALQ,1069.0,TA,Y,SBrkr,1069,0,2,TA,0,Attchd,RFn,440.0,Y,255,2.0,140000
24.0,2308,NPkVill,2Story,6,1975,Plywood,0.0,TA,CBlock,Gd,TA,No,ALQ,855.0,Gd,Y,SBrkr,855,601,4,TA,0,Attchd,RFn,460.0,Y,0,2.5,143000
24.0,2529,NPkVill,1Story,7,1977,Plywood,0.0,TA,CBlock,Gd,TA,No,ALQ,1055.0,Fa,Y,SBrkr,1055,0,2,TA,0,Attchd,Unf,440.0,Y,38,2.0,148500
73.0,9477,NAmes,1Story,5,1966,HdBoard,65.0,TA,CBlock,TA,TA,No,Rec,864.0,TA,Y,SBrkr,892,0,3,TA,0,Attchd,RFn,264.0,Y,0,1.0,110000
96.0,12444,NridgHt,1Story,8,2008,VinylSd,426.0,Ex,PConc,Ex,TA,Av,GLQ,1932.0,Ex,Y,SBrkr,1932,0,2,Ex,1,Attchd,Fin,774.0,Y,66,3.0,394617
96.0,12474,NridgHt,2Story,10,2007,VinylSd,272.0,Ex,PConc,Ex,TA,Av,GLQ,1682.0,Ex,Y,SBrkr,1742,590,3,Ex,1,BuiltIn,Fin,846.0,Y,330,3.5,426000
114.0,14803,NridgHt,1Story,10,2007,CemntBd,816.0,Ex,PConc,Ex,TA,Av,GLQ,2078.0,Ex,Y,SBrkr,2084,0,2,Ex,1,Attchd,Fin,1220.0,Y,233,3.0,385000
67.0,14948,NridgHt,2Story,9,2008,VinylSd,268.0,Ex,PConc,Ex,TA,Av,GLQ,1452.0,Ex,Y,SBrkr,1476,1237,3,Ex,1,Attchd,Fin,858.0,Y,192,3.5,446261
98.0,12704,NridgHt,1Story,8,2007,VinylSd,302.0,Gd,PConc,Ex,TA,No,GLQ,1582.0,Ex,Y,SBrkr,1582,0,3,Gd,0,Attchd,Fin,905.0,Y,304,3.0,317500
107.0,13891,NridgHt,1Story,8,2007,VinylSd,436.0,Gd,PConc,Ex,TA,Gd,GLQ,1710.0,Ex,Y,SBrkr,1710,0,2,Gd,1,Attchd,RFn,866.0,Y,102,3.0,372402
105.0,13693,NridgHt,1Story,8,2007,VinylSd,554.0,Gd,PConc,Ex,TA,Gd,GLQ,2418.0,Ex,Y,SBrkr,2464,0,4,Ex,1,Attchd,Fin,650.0,Y,436,3.5,417500
104.0,14418,NridgHt,1Story,9,2007,VinylSd,480.0,Ex,PConc,Ex,TA,Gd,GLQ,1950.0,Ex,Y,SBrkr,1950,0,2,Ex,1,Attchd,Fin,706.0,Y,363,3.0,383000
108.0,13418,NridgHt,2Story,9,2006,VinylSd,270.0,Gd,PConc,Ex,TA,Gd,GLQ,1850.0,Ex,Y,SBrkr,1850,898,4,Ex,1,BuiltIn,Fin,850.0,Y,394,3.5,390000
96.0,12539,NridgHt,2Story,10,2005,CemntBd,468.0,Ex,PConc,Ex,TA,Gd,GLQ,1620.0,Ex,Y,SBrkr,1632,1158,4,Ex,1,BuiltIn,Fin,1150.0,Y,422,3.5,460000
102.0,12151,NridgHt,2Story,9,2005,CemntBd,368.0,Gd,PConc,Ex,TA,Av,GLQ,1414.0,Ex,Y,SBrkr,1414,917,3,Ex,1,BuiltIn,Fin,1003.0,Y,255,3.5,379000
74.0,8899,NridgHt,2Story,8,2007,VinylSd,108.0,Ex,PConc,Gd,TA,Av,GLQ,948.0,Ex,Y,SBrkr,948,1140,4,Gd,1,BuiltIn,Fin,656.0,Y,124,2.5,250000
85.0,10574,NridgHt,2Story,8,2004,VinylSd,126.0,Gd,PConc,Ex,TA,No,GLQ,1148.0,Ex,Y,SBrkr,1170,1162,4,Ex,1,BuiltIn,Fin,756.0,Y,366,3.5,316000
106.0,12720,NridgHt,1Story,10,2003,MetalSd,680.0,Ex,PConc,Ex,TA,Gd,GLQ,2535.0,Ex,Y,SBrkr,2470,0,1,Ex,2,Attchd,Fin,789.0,Y,435,3.5,615000
110.0,13688,NridgHt,2Story,9,2003,VinylSd,664.0,Gd,PConc,Ex,TA,Av,GLQ,1572.0,Ex,Y,SBrkr,1572,1096,3,Ex,2,BuiltIn,Fin,726.0,Y,400,3.5,412500
85.0,10625,NridgHt,2Story,7,2003,VinylSd,292.0,Gd,PConc,Gd,TA,No,GLQ,998.0,Ex,Y,SBrkr,1006,1040,3,Gd,1,BuiltIn,RFn,871.0,Y,382,3.5,284000
92.0,10845,NridgHt,1Story,8,2003,VinylSd,504.0,Gd,PConc,Gd,TA,Mn,GLQ,1603.0,Ex,Y,SBrkr,1575,0,2,Gd,1,Attchd,Fin,732.0,Y,244,3.0,284000
130.0,16900,NridgHt,2Story,8,2001,VinylSd,1110.0,Gd,PConc,Ex,TA,Mn,GLQ,1479.0,Ex,Y,SBrkr,1515,1134,4,Gd,1,Attchd,Fin,746.0,Y,60,3.5,421250
112.0,16451,NridgHt,2Story,8,2003,VinylSd,221.0,Gd,PConc,Ex,TA,Gd,Unf,1765.0,Ex,Y,SBrkr,1804,886,4,Gd,1,BuiltIn,Fin,795.0,Y,326,2.5,370000
58.0,10110,NridgHt,1Story,9,2008,MetalSd,492.0,Ex,PConc,Gd,TA,No,GLQ,1858.0,Ex,Y,SBrkr,1866,0,2,Ex,1,Attchd,Fin,870.0,Y,48,3.0,336860
65.0,8769,NridgHt,1Story,9,2008,MetalSd,766.0,Ex,PConc,Ex,TA,No,GLQ,1702.0,Ex,Y,SBrkr,1702,0,1,Ex,1,Attchd,Fin,1052.0,Y,296,2.5,367294
135.0,12304,NridgHt,1Story,7,2005,VinylSd,144.0,Gd,PConc,Gd,TA,No,GLQ,1367.0,Ex,Y,SBrkr,1367,0,2,Gd,1,Attchd,RFn,484.0,Y,33,2.0,192000
62.0,12677,NridgHt,1Story,8,2003,MetalSd,472.0,Ex,PConc,Ex,TA,Gd,GLQ,1518.0,Ex,Y,SBrkr,1518,0,1,Ex,1,Attchd,RFn,588.0,Y,325,1.5,274000
63.0,8849,NridgHt,1Story,9,2005,MetalSd,616.0,Ex,PConc,Ex,TA,No,GLQ,1684.0,Ex,Y,SBrkr,1684,0,2,Ex,1,Attchd,RFn,564.0,Y,567,2.0,266000
89.0,8232,NridgHt,1Story,9,2007,MetalSd,714.0,Ex,PConc,Ex,TA,No,GLQ,1800.0,Ex,Y,SBrkr,1800,0,2,Ex,1,Attchd,RFn,944.0,Y,210,3.0,370967
48.0,6240,NridgHt,1Story,8,2006,MetalSd,176.0,Gd,PConc,Gd,TA,No,GLQ,1342.0,Ex,Y,SBrkr,1342,0,2,Gd,1,Attchd,Fin,550.0,Y,35,3.0,234250
48.0,6240,NridgHt,1Story,8,2006,MetalSd,196.0,Gd,PConc,Gd,TA,No,GLQ,1342.0,Ex,Y,SBrkr,1342,0,2,Gd,1,Attchd,RFn,550.0,Y,35,2.0,219500
36.0,2448,NridgHt,2Story,7,2003,VinylSd,106.0,Gd,PConc,Gd,TA,No,Unf,764.0,Ex,Y,SBrkr,764,862,2,Gd,0,BuiltIn,RFn,474.0,Y,27,2.5,155000
36.0,2448,NridgHt,2Story,7,2003,VinylSd,106.0,Gd,PConc,Gd,TA,No,GLQ,764.0,Ex,Y,SBrkr,764,862,2,Gd,0,BuiltIn,RFn,474.0,Y,27,3.5,154000
59.0,8198,NridgHt,1Story,7,2004,VinylSd,146.0,Gd,PConc,Gd,TA,Av,GLQ,1358.0,Ex,Y,SBrkr,1358,0,2,Gd,1,Attchd,RFn,484.0,Y,222,3.0,207000
43.0,3940,Blmngtn,1Story,7,2003,VinylSd,143.0,Gd,PConc,Gd,TA,Gd,GLQ,1415.0,Ex,Y,SBrkr,1455,0,2,Gd,1,Attchd,Fin,644.0,Y,320,3.0,195000
43.0,3940,Blmngtn,1Story,7,2004,VinylSd,24.0,Gd,PConc,Gd,TA,No,GLQ,1393.0,Ex,Y,SBrkr,1576,0,2,Gd,1,Attchd,RFn,668.0,Y,163,3.0,219990
43.0,3182,Blmngtn,1Story,7,2005,VinylSd,14.0,Gd,PConc,Gd,Gd,No,GLQ,1346.0,Ex,Y,SBrkr,1504,0,2,Gd,1,Attchd,Fin,437.0,Y,176,2.0,191000
43.0,3182,Blmngtn,1Story,7,2007,VinylSd,16.0,Gd,PConc,Gd,TA,Av,Unf,1266.0,Ex,Y,SBrkr,1266,0,2,Gd,1,Attchd,Fin,388.0,Y,116,2.0,159895
53.0,3710,Blmngtn,1Story,7,2007,WdShing,20.0,Gd,PConc,Gd,TA,Gd,Unf,1146.0,Ex,Y,SBrkr,1246,0,2,Gd,1,Attchd,Fin,428.0,Y,124,2.0,187687
80.0,9024,Gilbert,2Story,6,2004,VinylSd,0.0,Gd,PConc,Gd,TA,No,Unf,789.0,Ex,Y,SBrkr,813,702,3,Gd,1,Attchd,Fin,393.0,Y,75,2.5,179000
62.0,7415,Gilbert,2Story,6,2004,VinylSd,0.0,TA,PConc,TA,TA,No,GLQ,839.0,Ex,Y,SBrkr,864,729,3,TA,1,Attchd,Fin,398.0,Y,175,3.5,193000
59.0,9587,Gilbert,SLvl,7,2005,VinylSd,182.0,Gd,PConc,Gd,TA,Gd,GLQ,856.0,Ex,Y,SBrkr,1166,0,2,Gd,0,Attchd,Fin,400.0,Y,212,3.0,190000
51.0,8029,Gilbert,2Story,6,2005,VinylSd,0.0,TA,PConc,Gd,TA,No,Unf,728.0,Ex,Y,SBrkr,728,728,3,Gd,0,Attchd,Fin,400.0,Y,124,2.5,176000
64.0,8010,Gilbert,2Story,7,2002,VinylSd,0.0,Gd,PConc,Gd,TA,No,Unf,840.0,Ex,Y,SBrkr,840,880,3,Gd,1,BuiltIn,Fin,400.0,Y,186,2.5,188000
64.0,8396,Gilbert,2Story,7,2003,VinylSd,196.0,Gd,PConc,Gd,TA,No,Unf,847.0,Ex,Y,SBrkr,847,1139,4,Gd,1,BuiltIn,Fin,434.0,Y,168,2.5,213000
55.0,7301,NridgHt,1Story,7,2007,VinylSd,176.0,Gd,PConc,Gd,TA,No,GLQ,1350.0,Ex,Y,SBrkr,1358,0,2,Gd,1,Attchd,RFn,484.0,Y,218,3.0,217300
93.0,10261,Gilbert,2Story,6,2000,VinylSd,318.0,TA,PConc,Gd,TA,No,Unf,936.0,Ex,Y,SBrkr,962,830,3,TA,1,Attchd,Fin,451.0,Y,0,3.5,186500
71.0,8220,Gilbert,2Story,7,2000,VinylSd,647.0,Gd,PConc,Gd,TA,Av,GLQ,982.0,Ex,Y,SBrkr,1008,884,3,TA,1,Attchd,RFn,431.0,Y,108,2.5,226750
60.0,15384,Gilbert,2Story,7,2004,VinylSd,0.0,Gd,PConc,Gd,TA,Av,GLQ,788.0,Ex,Y,SBrkr,788,702,3,Gd,1,Attchd,Fin,388.0,Y,175,3.5,184000
64.0,7750,Gilbert,2Story,7,2002,VinylSd,0.0,Gd,PConc,Gd,TA,No,Unf,707.0,Ex,Y,SBrkr,707,707,3,Gd,1,Attchd,Fin,403.0,Y,135,2.5,176000
41.0,12460,Gilbert,2Story,7,1999,VinylSd,0.0,Gd,PConc,Gd,TA,No,GLQ,1037.0,Ex,Y,SBrkr,1037,1285,4,TA,1,BuiltIn,Fin,400.0,Y,188,2.5,225000
77.0,8390,Gilbert,2Story,7,1999,VinylSd,0.0,TA,PConc,Gd,TA,No,Unf,831.0,Ex,Y,SBrkr,873,778,3,TA,1,BuiltIn,Fin,450.0,Y,103,2.5,185900
84.0,9660,NoRidge,2.5Unf,8,1997,HdBoard,1290.0,Gd,PConc,Gd,TA,No,Unf,1173.0,Ex,Y,SBrkr,1182,1017,3,Gd,1,Attchd,Fin,516.0,Y,131,2.5,284500
80.0,9200,NoRidge,2Story,8,1998,VinylSd,473.0,Gd,PConc,Gd,TA,No,GLQ,1470.0,Gd,Y,SBrkr,1470,1160,4,Gd,1,Attchd,Fin,696.0,Y,66,3.5,315000
84.0,14260,NoRidge,2Story,8,2000,VinylSd,350.0,Gd,PConc,Gd,TA,Av,GLQ,1145.0,Ex,Y,SBrkr,1145,1053,4,Gd,1,Attchd,RFn,836.0,Y,276,3.5,250000
89.0,11000,NoRidge,2Story,9,2000,VinylSd,295.0,Gd,PConc,Ex,TA,Mn,Unf,1519.0,Ex,Y,SBrkr,1533,639,4,Ex,1,BuiltIn,RFn,687.0,Y,315,2.5,291000
136.0,11675,NoRidge,1Story,8,1998,VinylSd,495.0,Gd,PConc,Gd,TA,Av,GLQ,1982.0,Ex,Y,SBrkr,2006,0,2,Gd,1,Attchd,Fin,938.0,Y,177,3.0,350000
97.0,10990,NoRidge,2Story,7,1996,VinylSd,0.0,Gd,PConc,Ex,TA,No,GLQ,1064.0,Ex,Y,SBrkr,1064,1061,4,Gd,2,Attchd,RFn,576.0,Y,168,3.5,279500
89.0,11929,NoRidge,2Story,8,1995,VinylSd,466.0,Gd,PConc,Gd,TA,Av,Unf,1242.0,Ex,Y,SBrkr,1251,1250,4,Gd,1,Attchd,RFn,751.0,Y,279,2.5,290000
91.0,10437,NoRidge,1Story,8,1995,MetalSd,660.0,Gd,PConc,Gd,TA,Gd,GLQ,2109.0,Ex,Y,SBrkr,2113,0,2,Gd,1,Attchd,Fin,839.0,Y,282,3.5,350000
96.0,10542,NoRidge,2Story,7,1993,Wd Sdng,651.0,Gd,PConc,Gd,TA,Gd,GLQ,1311.0,Ex,Y,SBrkr,1325,1093,3,Gd,1,Attchd,RFn,983.0,Y,620,3.5,341000
91.0,10010,NoRidge,2Story,7,1993,VinylSd,320.0,Gd,PConc,Gd,TA,Av,BLQ,1080.0,Ex,Y,SBrkr,1108,1089,4,Gd,1,Attchd,Fin,783.0,Y,484,3.5,287500
81.0,10944,NoRidge,2Story,7,1994,VinylSd,448.0,Gd,PConc,Gd,TA,No,GLQ,1223.0,Ex,Y,SBrkr,1223,904,3,Gd,2,Attchd,RFn,525.0,Y,303,3.5,271000
91.0,14303,NoRidge,1Story,8,1994,HdBoard,554.0,Gd,PConc,Gd,TA,Gd,GLQ,1986.0,Ex,Y,SBrkr,1987,0,2,Gd,1,Attchd,Fin,691.0,Y,298,3.0,301500
92.0,11932,Somerst,1Story,8,2007,VinylSd,186.0,Gd,PConc,Gd,TA,No,Unf,1580.0,Ex,Y,SBrkr,1580,0,3,Gd,0,Attchd,RFn,830.0,Y,24,2.0,235128
86.0,14598,Somerst,2Story,6,2007,VinylSd,74.0,Gd,PConc,Gd,TA,Mn,Unf,894.0,Ex,Y,SBrkr,894,1039,4,Gd,1,BuiltIn,Fin,668.0,Y,118,2.5,214000
75.0,11957,Somerst,1Story,8,2006,VinylSd,53.0,Gd,PConc,Gd,TA,No,GLQ,1574.0,Ex,Y,SBrkr,1574,0,3,Gd,1,Attchd,RFn,824.0,Y,248,2.0,232000
74.0,13253,Somerst,1Story,7,2006,VinylSd,128.0,Gd,PConc,Ex,TA,No,GLQ,1578.0,Gd,Y,SBrkr,1578,0,3,Gd,1,Attchd,Unf,642.0,Y,26,3.0,240000
75.0,14587,Somerst,1Story,9,2008,VinylSd,284.0,Gd,PConc,Gd,TA,No,Unf,1498.0,Ex,Y,SBrkr,1506,0,2,Ex,1,Attchd,Fin,592.0,Y,174,2.0,264132
78.0,10206,Somerst,1Story,8,2007,VinylSd,468.0,TA,PConc,Gd,TA,No,GLQ,1563.0,Ex,Y,SBrkr,1563,0,3,Gd,1,Attchd,RFn,758.0,Y,243,2.0,245000
91.0,12274,Somerst,1Story,7,2008,VinylSd,256.0,Gd,PConc,Gd,TA,No,Unf,1417.0,Ex,Y,SBrkr,1428,0,3,Ex,0,Attchd,RFn,554.0,Y,60,2.0,227680
73.0,9801,Somerst,2Story,8,2007,VinylSd,156.0,Gd,PConc,Gd,TA,Av,Unf,1341.0,Ex,Y,SBrkr,1341,520,3,Gd,1,BuiltIn,RFn,851.0,Y,204,3.0,257000
80.0,9428,Somerst,2Story,8,2007,VinylSd,310.0,Gd,PConc,Gd,TA,Av,GLQ,955.0,Ex,Y,SBrkr,955,919,3,Gd,1,Attchd,Fin,880.0,Y,276,3.5,297900
87.0,10037,Somerst,1Story,8,2006,VinylSd,0.0,Gd,PConc,Ex,TA,No,GLQ,1460.0,Ex,Y,SBrkr,1460,0,3,Gd,1,Attchd,Fin,480.0,Y,20,2.0,247000
72.0,8640,Somerst,1Story,8,2007,VinylSd,0.0,Gd,PConc,Gd,TA,No,GLQ,1363.0,Ex,Y,SBrkr,1372,0,3,Gd,0,Attchd,RFn,588.0,Y,305,2.0,212700
72.0,8640,Somerst,1Story,7,2007,VinylSd,0.0,Gd,PConc,Ex,TA,No,Unf,1372.0,Ex,Y,SBrkr,1372,0,3,Gd,0,Attchd,Fin,529.0,Y,140,2.0,250580
95.0,11639,Somerst,1Story,7,2007,CemntBd,0.0,Gd,PConc,Gd,TA,No,Unf,1428.0,Ex,Y,SBrkr,1428,0,3,Gd,0,Attchd,Fin,480.0,Y,120,2.0,182000
75.0,9803,Somerst,2Story,7,2005,VinylSd,0.0,Gd,PConc,Gd,TA,No,GLQ,866.0,Gd,Y,SBrkr,866,902,3,Gd,0,Attchd,RFn,603.0,Y,108,2.5,226700
75.0,9375,Somerst,2Story,8,2003,VinylSd,768.0,Gd,PConc,Ex,TA,No,Unf,1053.0,Ex,Y,SBrkr,1053,939,3,Gd,1,Attchd,RFn,648.0,Y,185,2.5,250000
85.0,10625,Somerst,2Story,7,2005,CemntBd,0.0,Gd,PConc,Gd,TA,No,Unf,1026.0,Ex,Y,SBrkr,1026,932,3,Gd,1,Attchd,Fin,936.0,Y,364,2.5,250000
85.0,10800,Somerst,2Story,8,2007,VinylSd,100.0,Gd,PConc,Ex,TA,No,GLQ,1034.0,Ex,Y,SBrkr,1050,1028,3,Ex,1,Attchd,Fin,836.0,Y,102,3.5,339750
65.0,8125,Somerst,2Story,7,2007,CemntBd,0.0,Gd,PConc,Gd,TA,No,Unf,813.0,Ex,Y,SBrkr,822,843,3,Gd,0,Attchd,RFn,562.0,Y,0,2.5,205950
85.0,10625,Somerst,1Story,8,2007,VinylSd,292.0,Gd,PConc,Gd,TA,Av,Unf,1660.0,Ex,Y,SBrkr,1660,0,3,Gd,1,Attchd,Fin,660.0,Y,253,2.0,256000
62.0,7500,Somerst,1Story,7,2007,CemntBd,210.0,Gd,PConc,Gd,TA,No,GLQ,1218.0,Ex,Y,SBrkr,1218,0,2,Gd,0,Attchd,Fin,462.0,Y,336,3.0,230348
64.0,8791,Somerst,2Story,6,2003,VinylSd,0.0,Gd,PConc,Gd,TA,No,Rec,864.0,Ex,Y,SBrkr,864,864,3,Gd,0,Attchd,RFn,673.0,Y,272,2.5,207500
63.0,7500,SawyerW,1Story,7,2004,VinylSd,120.0,TA,PConc,Gd,TA,No,GLQ,1080.0,Ex,Y,SBrkr,1080,0,3,Gd,0,None,None,0.0,Y,0,2.0,141000
68.0,10110,SawyerW,2Story,6,2003,VinylSd,0.0,Gd,PConc,Gd,TA,Mn,GLQ,835.0,Ex,Y,SBrkr,835,861,3,Gd,0,Attchd,RFn,542.0,Y,209,3.5,188000
67.0,12774,SawyerW,2Story,7,2003,VinylSd,95.0,Gd,PConc,Gd,TA,Av,Unf,835.0,Ex,Y,SBrkr,835,828,3,Gd,0,Attchd,RFn,478.0,Y,236,2.5,192500
63.0,13072,SawyerW,1Story,6,2005,VinylSd,126.0,TA,PConc,Gd,Gd,No,GLQ,1175.0,Ex,Y,SBrkr,1175,0,3,Gd,0,None,None,0.0,Y,90,2.0,146000
66.0,13695,SawyerW,1Story,5,2004,VinylSd,0.0,TA,PConc,TA,TA,No,GLQ,1114.0,Ex,Y,SBrkr,1114,0,3,Gd,0,Detchd,Unf,576.0,Y,102,2.5,159000
66.0,13695,SawyerW,1Story,6,2003,VinylSd,0.0,TA,PConc,Gd,TA,No,GLQ,1114.0,Ex,Y,SBrkr,1114,0,3,Gd,0,Detchd,Unf,576.0,Y,78,2.0,155000
65.0,8366,SawyerW,2Story,6,2004,VinylSd,0.0,Gd,PConc,Gd,TA,No,Unf,798.0,Ex,Y,SBrkr,798,842,3,Gd,0,Attchd,RFn,520.0,Y,183,2.5,173000
81.0,9260,SawyerW,1Story,7,2007,VinylSd,0.0,Gd,PConc,Gd,TA,Mn,Unf,1162.0,Ex,Y,SBrkr,1162,0,3,Gd,0,Attchd,Fin,483.0,Y,32,2.0,170000
65.0,8453,SawyerW,2Story,6,1995,VinylSd,38.0,Gd,PConc,Gd,TA,No,GLQ,754.0,Ex,Y,SBrkr,754,855,3,Gd,0,Attchd,RFn,525.0,Y,70,2.5,182000
50.0,8480,SawyerW,2Story,6,1993,HdBoard,120.0,Gd,PConc,Gd,TA,No,GLQ,886.0,Ex,Y,SBrkr,886,794,3,Gd,0,Attchd,RFn,474.0,Y,240,3.0,163000
65.0,8125,SawyerW,1Story,6,1994,HdBoard,258.0,TA,PConc,Gd,TA,No,GLQ,1408.0,Ex,Y,SBrkr,1679,0,3,Gd,1,Attchd,RFn,575.0,Y,266,3.0,193500
43.0,14565,SawyerW,2Story,7,1994,VinylSd,145.0,Gd,PConc,Gd,TA,Av,GLQ,832.0,Ex,Y,SBrkr,832,825,3,Gd,0,Attchd,RFn,483.0,Y,218,2.5,189000
65.0,8450,SawyerW,2Story,6,2001,VinylSd,0.0,Gd,PConc,Gd,TA,No,GLQ,827.0,Ex,Y,SBrkr,827,850,3,Gd,0,Attchd,RFn,627.0,Y,68,3.5,190500
75.0,8285,SawyerW,2Story,7,1992,HdBoard,0.0,Gd,PConc,Gd,TA,No,GLQ,836.0,Gd,Y,SBrkr,844,893,3,Gd,0,Attchd,Fin,506.0,Y,277,3.0,175000
67.0,7153,SawyerW,1Story,6,1991,HdBoard,88.0,TA,CBlock,Gd,TA,No,GLQ,1278.0,Gd,Y,SBrkr,1294,0,3,Gd,0,Attchd,RFn,496.0,Y,163,3.0,179200
76.0,9291,SawyerW,2Story,6,1993,HdBoard,120.0,Gd,PConc,Gd,TA,No,GLQ,832.0,Ex,Y,SBrkr,832,878,3,Gd,0,Attchd,RFn,506.0,Y,214,2.5,187000
50.0,8012,SawyerW,1Story,6,1993,Plywood,0.0,Gd,PConc,Gd,TA,No,LwQ,1604.0,Ex,Y,SBrkr,1617,0,2,Gd,1,Attchd,RFn,533.0,Y,69,3.0,193000
55.0,7892,SawyerW,1Story,6,1993,Plywood,0.0,Gd,PConc,Gd,TA,No,GLQ,1199.0,Ex,Y,SBrkr,1199,0,2,Gd,0,Attchd,RFn,530.0,Y,63,2.0,153900
70.0,9100,Sawyer,1Story,5,1963,Wd Sdng,0.0,TA,PConc,TA,Gd,No,BLQ,984.0,TA,Y,SBrkr,984,0,3,TA,1,Attchd,RFn,384.0,Y,201,2.0,128000
72.0,12968,Sawyer,1Story,5,1962,HdBoard,0.0,TA,CBlock,TA,TA,No,ALQ,912.0,TA,Y,SBrkr,912,0,2,TA,0,Detchd,Unf,352.0,Y,316,2.0,144000
75.0,8100,Sawyer,1Story,5,1961,Wd Sdng,0.0,TA,CBlock,TA,TA,No,ALQ,864.0,Ex,Y,SBrkr,864,0,3,Gd,1,Detchd,Unf,420.0,Y,132,2.0,135000
65.0,8450,Sawyer,1Story,5,1968,HdBoard,0.0,TA,CBlock,TA,Fa,Mn,ALQ,890.0,Gd,N,SBrkr,890,0,3,TA,0,Detchd,Unf,308.0,Y,0,2.0,115000
60.0,6360,Sawyer,1Story,5,1963,Wd Sdng,0.0,TA,CBlock,Gd,Gd,No,ALQ,864.0,TA,Y,SBrkr,864,0,3,TA,0,Attchd,Unf,276.0,Y,0,1.0,119916
65.0,6768,Sawyer,1Story,6,1961,HdBoard,0.0,TA,CBlock,TA,TA,Mn,GLQ,912.0,Gd,Y,SBrkr,912,0,3,Gd,0,Detchd,Unf,288.0,Y,168,2.5,142000
95.0,19508,Veenker,1Story,6,1974,HdBoard,144.0,TA,CBlock,TA,TA,Av,ALQ,1430.0,TA,Y,SBrkr,1430,0,3,TA,2,Attchd,Unf,484.0,Y,390,2.5,192000
70.0,10759,Sawyer,1.5Fin,5,1972,HdBoard,0.0,TA,CBlock,Gd,TA,No,LwQ,1001.0,TA,Y,SBrkr,1001,640,4,TA,1,Detchd,Unf,490.0,Y,92,2.0,140000
89.0,9205,NoRidge,2Story,6,1990,HdBoard,304.0,Gd,PConc,Gd,TA,No,ALQ,930.0,Ex,Y,SBrkr,1364,1319,4,Gd,2,Attchd,RFn,473.0,Y,684,3.5,290000
105.0,11025,NoRidge,1.5Fin,9,1993,Wd Sdng,568.0,Gd,PConc,Gd,TA,Gd,BLQ,1848.0,Ex,Y,SBrkr,1827,959,4,Gd,1,Attchd,Fin,636.0,Y,343,3.5,372500
59.0,4282,Somerst,1Story,7,2004,MetalSd,0.0,Gd,PConc,Gd,TA,Mn,GLQ,1391.0,Ex,Y,SBrkr,1391,0,2,Gd,0,Attchd,RFn,530.0,Y,314,2.0,196000
35.0,4017,Somerst,2Story,7,2006,MetalSd,0.0,Gd,PConc,Gd,TA,No,Unf,625.0,Ex,Y,SBrkr,625,625,2,Gd,0,Detchd,Fin,625.0,Y,54,2.5,171900
37.0,3435,Somerst,1Story,7,2004,MetalSd,0.0,Gd,PConc,Gd,TA,No,GLQ,1235.0,Ex,Y,SBrkr,1245,0,1,Gd,0,Attchd,RFn,495.0,Y,100,2.0,178000
30.0,3180,Somerst,2Story,6,2005,MetalSd,0.0,Gd,PConc,Gd,TA,No,GLQ,600.0,Ex,Y,SBrkr,600,600,2,Gd,0,Detchd,RFn,480.0,Y,166,3.5,165000
30.0,3180,Somerst,2Story,7,2007,VinylSd,0.0,Gd,PConc,Gd,TA,No,Unf,689.0,Ex,Y,SBrkr,703,689,2,Gd,0,Detchd,Unf,540.0,Y,102,2.0,146000
34.0,3604,Somerst,2Story,7,2007,VinylSd,0.0,Gd,PConc,Gd,TA,No,Unf,689.0,Ex,Y,SBrkr,703,689,2,Gd,0,Detchd,Unf,540.0,Y,102,2.0,146000
24.0,2280,Somerst,2Story,7,1999,MetalSd,360.0,TA,PConc,Gd,TA,No,ALQ,744.0,Gd,Y,SBrkr,757,744,3,TA,0,Detchd,Unf,440.0,Y,0,2.5,179400
24.0,2280,Somerst,2Story,6,1999,MetalSd,216.0,TA,PConc,Gd,TA,No,GLQ,744.0,Gd,Y,SBrkr,757,792,3,TA,0,Detchd,Unf,440.0,Y,32,3.5,172900
72.5,4765,Somerst,1Story,9,2000,MetalSd,260.0,Gd,PConc,Gd,TA,Av,GLQ,1614.0,Ex,Y,SBrkr,1638,0,2,Ex,1,Attchd,Fin,495.0,Y,298,3.0,300000
72.5,4538,Somerst,1Story,9,2001,VinylSd,179.0,Gd,PConc,Ex,TA,Av,GLQ,1310.0,Ex,Y,SBrkr,1310,0,1,Gd,1,Attchd,RFn,545.0,Y,322,2.5,285000
42.0,4385,Somerst,1Story,9,2001,VinylSd,0.0,Gd,PConc,Ex,TA,Av,GLQ,1419.0,Ex,Y,SBrkr,1419,0,2,Ex,1,Attchd,Fin,588.0,Y,213,2.5,290000
35.0,4109,Somerst,1Story,9,1999,VinylSd,260.0,Gd,PConc,Gd,TA,Av,GLQ,1557.0,Ex,Y,SBrkr,1557,0,2,Ex,1,Attchd,RFn,484.0,Y,237,3.0,305000
50.0,5119,Somerst,1Story,9,1999,MetalSd,60.0,Gd,PConc,Ex,TA,Av,GLQ,1698.0,Ex,Y,SBrkr,1709,0,2,Gd,1,Attchd,Fin,506.0,Y,162,3.0,328900
24.0,2160,Somerst,2Story,7,1999,MetalSd,212.0,Gd,PConc,Gd,TA,No,BLQ,600.0,Ex,Y,SBrkr,624,628,2,Gd,0,Detchd,Unf,462.0,Y,48,3.5,160000
24.0,2160,Somerst,SLvl,7,1999,VinylSd,216.0,Gd,PConc,Gd,TA,No,GLQ,672.0,Ex,Y,SBrkr,684,720,3,Gd,0,Detchd,Unf,462.0,Y,20,3.5,170000
79.0,10646,Somerst,2Story,7,2001,VinylSd,513.0,TA,PConc,TA,TA,No,GLQ,858.0,Ex,Y,SBrkr,872,917,3,TA,1,Attchd,Fin,546.0,Y,0,3.5,223000
24.0,2645,Somerst,2Story,8,1999,MetalSd,466.0,Gd,PConc,Gd,TA,No,GLQ,960.0,Ex,Y,SBrkr,962,624,3,Gd,0,Detchd,Unf,480.0,Y,169,3.5,170000
24.0,2645,Somerst,2Story,8,1999,MetalSd,456.0,Gd,PConc,Gd,TA,No,GLQ,960.0,Ex,Y,SBrkr,962,645,3,Gd,0,Detchd,Unf,480.0,Y,169,3.5,200000
36.0,3951,Somerst,2Story,10,1998,BrkFace,0.0,Ex,PConc,Gd,TA,Mn,BLQ,970.0,Ex,Y,SBrkr,1469,924,2,Ex,1,Attchd,Fin,846.0,Y,184,3.5,345000
38.0,14963,Veenker,1Story,8,1996,BrkFace,0.0,Gd,PConc,Gd,TA,No,GLQ,1260.0,Ex,Y,SBrkr,1288,0,1,Ex,2,Attchd,Fin,500.0,Y,374,2.5,245500
22.0,11064,Veenker,1Story,8,1995,BrkFace,0.0,Gd,PConc,Gd,TA,Gd,LwQ,1230.0,Ex,Y,SBrkr,1239,0,1,Gd,1,Attchd,Fin,477.0,Y,196,2.5,217500
32.0,10846,Veenker,1Story,8,1993,BrkFace,0.0,Gd,PConc,Gd,TA,Gd,GLQ,1719.0,Ex,Y,SBrkr,1719,0,1,Gd,2,Attchd,Fin,473.0,Y,152,3.5,324000
80.0,11120,Veenker,1Story,6,1984,Plywood,0.0,TA,PConc,Gd,TA,No,BLQ,1232.0,TA,Y,SBrkr,1232,0,3,TA,0,Attchd,Unf,516.0,Y,0,2.0,162500
80.0,24572,Veenker,2Story,9,1977,Wd Sdng,1050.0,Gd,CBlock,Gd,TA,No,GLQ,994.0,TA,Y,SBrkr,1599,1345,3,Gd,1,Attchd,RFn,864.0,Y,226,3.0,150000
103.0,16280,Veenker,1Story,8,1976,VinylSd,0.0,Ex,CBlock,Gd,Ex,Mn,GLQ,1426.0,Ex,Y,SBrkr,1671,0,3,Ex,1,Attchd,RFn,550.0,Y,370,4.0,290000
72.5,7500,Somerst,2Story,7,2002,VinylSd,0.0,Gd,PConc,Gd,TA,No,Unf,952.0,Ex,Y,SBrkr,952,860,3,TA,1,Attchd,RFn,469.0,Y,256,2.5,205000
80.0,10400,NWAmes,1Story,7,1970,Plywood,288.0,TA,PConc,TA,TA,No,Unf,1304.0,Gd,Y,SBrkr,1682,0,3,TA,1,Attchd,Unf,530.0,Y,98,2.0,174000
80.0,11104,NWAmes,SLvl,6,1969,MetalSd,0.0,TA,CBlock,TA,TA,Av,GLQ,1427.0,Gd,Y,SBrkr,1427,0,4,TA,0,Attchd,RFn,516.0,Y,216,2.5,183000
85.0,11050,NWAmes,1Story,6,1968,HdBoard,0.0,TA,CBlock,TA,TA,No,Rec,1740.0,Fa,Y,SBrkr,1740,0,4,TA,1,Attchd,RFn,512.0,Y,217,1.5,150000
80.0,11040,NWAmes,1Story,6,1971,VinylSd,144.0,Gd,CBlock,TA,TA,No,ALQ,1258.0,Ex,Y,SBrkr,1258,0,3,Gd,0,Attchd,RFn,528.0,Y,55,2.5,145000
80.0,15387,NWAmes,1Story,7,1967,Plywood,0.0,TA,CBlock,TA,TA,No,ALQ,1620.0,Ex,Y,SBrkr,1620,0,4,Gd,1,Attchd,Unf,578.0,Y,254,2.0,215000
75.0,9750,NWAmes,1Story,5,1965,MetalSd,0.0,TA,CBlock,TA,TA,No,Unf,1625.0,Ex,Y,SBrkr,1625,0,4,TA,0,Detchd,Unf,484.0,Y,0,2.0,140500
90.0,10800,NWAmes,2Story,6,1974,HdBoard,0.0,TA,CBlock,TA,TA,No,ALQ,1522.0,TA,Y,SBrkr,1548,1066,4,TA,1,Attchd,RFn,624.0,Y,281,2.5,240000
73.0,8814,NAmes,2Story,5,1968,MetalSd,0.0,TA,CBlock,TA,TA,No,LwQ,732.0,Ex,Y,SBrkr,732,732,4,TA,0,Attchd,Unf,470.0,Y,40,1.5,141000
72.0,8872,NAmes,1Story,5,1965,VinylSd,300.0,TA,CBlock,TA,TA,No,ALQ,912.0,Ex,Y,SBrkr,912,0,2,Gd,0,Detchd,Unf,576.0,Y,240,2.0,147000
65.0,8125,NAmes,1Story,5,1965,HdBoard,0.0,Gd,CBlock,TA,TA,No,ALQ,912.0,Ex,Y,SBrkr,925,0,3,TA,0,Detchd,Unf,576.0,Y,233,2.0,135000
72.0,11072,NAmes,1Story,5,1965,HdBoard,0.0,TA,CBlock,TA,TA,No,Unf,1728.0,TA,Y,SBrkr,1728,0,6,TA,0,Detchd,Unf,576.0,Y,0,2.0,145000
74.0,13101,NAmes,1Story,5,1965,HdBoard,108.0,TA,CBlock,TA,TA,No,LwQ,1728.0,TA,Y,SBrkr,1728,0,6,TA,0,Detchd,Unf,576.0,Y,0,2.0,142600
87.0,9246,NWAmes,1Story,5,1973,Plywood,564.0,TA,CBlock,TA,TA,No,Unf,1656.0,TA,Y,SBrkr,1656,0,4,TA,0,Detchd,Unf,506.0,Y,211,2.0,135000
80.0,13355,NWAmes,2Story,7,1971,HdBoard,0.0,TA,CBlock,Gd,Gd,No,ALQ,825.0,TA,Y,SBrkr,845,825,4,TA,0,Attchd,Fin,464.0,Y,0,1.5,170000
80.0,8963,NWAmes,2Story,8,1976,VinylSd,289.0,Ex,CBlock,TA,Gd,No,GLQ,1142.0,Ex,Y,SBrkr,1175,1540,4,Gd,2,BuiltIn,Fin,831.0,Y,204,4.0,299800
76.0,9120,NWAmes,2Story,6,1974,HdBoard,270.0,Gd,CBlock,TA,TA,No,ALQ,901.0,TA,Y,SBrkr,943,933,4,Gd,1,Attchd,RFn,540.0,Y,69,2.5,185000
80.0,9130,NWAmes,2Story,6,1966,HdBoard,252.0,TA,CBlock,TA,TA,No,GLQ,800.0,Gd,Y,SBrkr,800,832,4,Gd,0,Attchd,Unf,484.0,Y,40,2.0,173000
73.0,12122,NAmes,SFoyer,7,1961,CemntBd,210.0,Ex,CBlock,TA,TA,Av,ALQ,944.0,Gd,Y,SBrkr,999,0,3,Ex,0,Attchd,RFn,588.0,Y,220,2.0,178400
80.0,9900,NWAmes,2Story,7,1968,MetalSd,342.0,TA,CBlock,TA,TA,No,BLQ,832.0,Gd,Y,SBrkr,1098,880,4,TA,1,Attchd,RFn,486.0,Y,43,2.5,176000
74.0,7785,NAmes,1Story,5,1956,HdBoard,0.0,TA,Slab,None,None,None,None,0.0,TA,Y,SBrkr,1014,0,2,TA,0,Attchd,RFn,267.0,Y,240,1.0,98000
77.0,8593,NAmes,1Story,4,1957,MetalSd,0.0,TA,CBlock,TA,TA,No,Rec,907.0,Ex,Y,SBrkr,907,0,3,TA,0,Detchd,Unf,352.0,Y,0,1.0,109008
73.0,8475,NAmes,1Story,4,1956,VinylSd,0.0,TA,CBlock,TA,TA,No,ALQ,952.0,Ex,Y,FuseA,952,0,2,TA,0,Detchd,Unf,283.0,Y,0,1.0,135750
80.0,8700,NAmes,1Story,5,1963,MetalSd,148.0,TA,CBlock,TA,TA,Mn,ALQ,1120.0,Gd,Y,SBrkr,1128,0,3,TA,0,Attchd,RFn,525.0,Y,335,3.0,155000
100.0,10175,NAmes,1Story,6,1964,HdBoard,272.0,TA,CBlock,TA,TA,No,BLQ,1425.0,Gd,Y,SBrkr,1425,0,3,TA,1,Attchd,RFn,576.0,Y,0,2.0,180500
82.0,9020,NAmes,SLvl,6,1966,HdBoard,183.0,TA,CBlock,TA,TA,Gd,Rec,1127.0,TA,Y,SBrkr,1165,0,3,TA,0,Attchd,RFn,490.0,Y,129,2.5,174900
80.0,9200,NAmes,1Story,6,1965,HdBoard,0.0,TA,CBlock,TA,TA,No,Rec,1136.0,TA,Y,SBrkr,1136,0,3,TA,1,Attchd,RFn,384.0,Y,426,2.0,140000
75.0,8250,NAmes,1Story,6,1964,HdBoard,260.0,TA,CBlock,Gd,TA,No,Rec,1092.0,Ex,Y,SBrkr,1092,0,3,TA,0,Attchd,RFn,504.0,Y,0,2.0,145000
85.0,9350,NAmes,SLvl,5,1965,BrkFace,0.0,TA,PConc,TA,TA,Gd,ALQ,1219.0,Gd,Y,SBrkr,1265,0,3,Gd,1,Attchd,RFn,502.0,Y,92,2.5,179900
82.0,9020,NAmes,SLvl,6,1964,Plywood,259.0,TA,CBlock,TA,TA,Gd,GLQ,1248.0,TA,Y,SBrkr,1350,0,3,TA,0,Attchd,RFn,520.0,Y,176,2.5,168500
90.0,9900,NAmes,1Story,5,1961,Plywood,0.0,TA,CBlock,TA,TA,No,Unf,1114.0,TA,Y,SBrkr,1114,0,3,TA,0,Attchd,RFn,451.0,Y,164,2.0,140000
72.0,10007,NAmes,1Story,5,1959,HdBoard,54.0,Gd,CBlock,TA,TA,No,ALQ,1053.0,Ex,Y,SBrkr,1053,0,3,Gd,0,Attchd,RFn,312.0,Y,0,2.5,145500
80.0,10721,NAmes,1Story,6,1959,HdBoard,243.0,Gd,CBlock,TA,TA,No,Unf,1252.0,Ex,Y,SBrkr,1252,0,3,Gd,0,Detchd,Unf,528.0,Y,39,1.0,142000
73.0,12493,NAmes,1Story,4,1960,Wd Sdng,0.0,TA,PConc,TA,TA,No,ALQ,1100.0,TA,Y,SBrkr,1100,0,3,TA,1,Attchd,RFn,312.0,Y,355,2.0,141000
73.0,11332,NAmes,1Story,5,1960,Wd Sdng,0.0,TA,CBlock,TA,TA,No,BLQ,1118.0,Ex,Y,SBrkr,1118,0,3,Gd,0,Attchd,RFn,264.0,Y,290,2.0,153000
51.0,6627,BrkSide,1Story,3,1949,VinylSd,0.0,TA,CBlock,None,None,None,None,0.0,TA,N,SBrkr,720,0,2,TA,0,Detchd,Unf,287.0,Y,0,1.0,72500
56.0,4130,BrkSide,1Story,3,1935,VinylSd,0.0,Gd,CBlock,TA,TA,No,Unf,270.0,Gd,Y,SBrkr,729,0,2,TA,0,None,None,0.0,N,0,1.0,52000
50.0,7420,BrkSide,1.5Unf,5,1939,MetalSd,0.0,TA,BrkTil,TA,TA,No,GLQ,991.0,Ex,Y,SBrkr,1077,0,2,TA,2,Attchd,RFn,205.0,Y,4,2.0,118000
50.0,4882,BrkSide,2Story,4,1937,MetalSd,0.0,TA,PConc,TA,TA,No,Rec,348.0,TA,Y,SBrkr,453,453,2,TA,0,Basment,Unf,231.0,Y,0,1.0,87000
80.0,9600,NAmes,1Story,5,1960,MetalSd,203.0,Fa,CBlock,TA,TA,No,Rec,1296.0,TA,Y,SBrkr,1496,0,3,Gd,0,Attchd,RFn,450.0,Y,22,2.0,141500
80.0,9600,NAmes,1.5Fin,6,1950,VinylSd,0.0,TA,CBlock,TA,TA,No,BLQ,1032.0,TA,Y,FuseA,1032,220,3,TA,0,Attchd,Unf,288.0,Y,96,1.0,119000
80.0,9600,NAmes,1Story,5,1950,HdBoard,0.0,TA,CBlock,TA,TA,No,BLQ,572.0,Gd,Y,SBrkr,1337,0,3,Gd,1,Attchd,RFn,264.0,Y,192,2.0,141500
80.0,9600,NAmes,SLvl,6,1955,AsbShng,0.0,TA,CBlock,TA,TA,Av,BLQ,992.0,Gd,Y,SBrkr,1661,0,3,Gd,1,BuiltIn,RFn,377.0,Y,206,2.0,165500
63.0,7584,NAmes,1Story,5,1953,Wd Sdng,88.0,TA,CBlock,TA,TA,No,LwQ,1036.0,Ex,Y,SBrkr,1036,0,3,TA,0,Attchd,RFn,312.0,Y,144,1.0,112900
73.0,13700,NAmes,2Story,7,1965,VinylSd,288.0,TA,CBlock,TA,TA,Gd,ALQ,864.0,TA,Y,SBrkr,902,918,4,Gd,2,Attchd,Unf,492.0,Y,417,2.0,201800
80.0,10197,NAmes,1Story,6,1961,WdShing,491.0,TA,CBlock,TA,TA,No,ALQ,1362.0,TA,Y,SBrkr,1362,0,3,TA,1,Attchd,Unf,504.0,Y,20,2.5,163000
75.0,7875,NAmes,1Story,5,1961,VinylSd,136.0,TA,CBlock,TA,TA,No,Rec,1144.0,Gd,Y,SBrkr,1144,0,3,TA,0,Attchd,Unf,456.0,Y,0,2.0,139950
80.0,8400,NAmes,1Story,6,1962,Wd Sdng,237.0,Gd,CBlock,TA,TA,No,Unf,1319.0,TA,Y,SBrkr,1537,0,3,Gd,1,Attchd,RFn,462.0,Y,36,2.5,174000
101.0,9150,NAmes,SLvl,6,1962,Plywood,305.0,TA,CBlock,Gd,TA,Gd,GLQ,1099.0,Gd,Y,SBrkr,1431,0,3,TA,1,Basment,RFn,296.0,Y,174,1.5,165000
90.0,14670,NAmes,2Story,6,1966,VinylSd,410.0,Gd,CBlock,TA,TA,No,BLQ,1104.0,Ex,Y,SBrkr,1104,884,4,Gd,1,Attchd,RFn,480.0,Y,230,2.5,227000
73.0,7390,NAmes,1Story,5,1955,Wd Sdng,151.0,TA,CBlock,TA,TA,No,ALQ,1098.0,TA,Y,SBrkr,1098,0,3,TA,0,Attchd,Unf,260.0,Y,0,2.0,135000
71.0,9204,NAmes,1Story,5,1963,HdBoard,0.0,TA,CBlock,TA,TA,No,BLQ,1144.0,TA,Y,SBrkr,1144,0,3,TA,0,Detchd,Unf,336.0,Y,88,2.5,124000
70.0,7763,NAmes,1Story,5,1962,MetalSd,0.0,TA,CBlock,TA,TA,No,Rec,931.0,TA,Y,SBrkr,1283,0,3,TA,0,Detchd,Unf,506.0,Y,0,2.0,140000
74.0,8856,NAmes,1Story,5,1957,Wd Sdng,143.0,TA,CBlock,TA,TA,No,ALQ,1176.0,TA,Y,SBrkr,1176,0,3,TA,2,Attchd,RFn,292.0,Y,183,2.0,136500
82.0,9840,NAmes,1Story,5,1959,HdBoard,0.0,TA,CBlock,TA,TA,No,ALQ,1248.0,TA,Y,SBrkr,1440,0,2,Gd,0,Attchd,RFn,480.0,Y,406,3.0,185000
76.0,9120,NAmes,1Story,6,1958,MetalSd,0.0,TA,CBlock,TA,TA,No,ALQ,1261.0,Ex,Y,SBrkr,1261,0,3,TA,1,Attchd,RFn,433.0,Y,288,2.0,163000
90.0,13200,NAmes,1Story,6,1958,Wd Sdng,187.0,TA,CBlock,TA,TA,No,LwQ,1395.0,Ex,Y,SBrkr,1570,0,3,TA,1,Attchd,RFn,441.0,Y,490,2.0,166800
72.0,9000,NAmes,1Story,6,1956,Wd Sdng,74.0,TA,CBlock,Gd,TA,No,LwQ,1196.0,Gd,Y,FuseA,1196,0,2,TA,1,Attchd,RFn,297.0,Y,44,2.0,139000
80.0,11900,NAmes,1Story,6,1957,HdBoard,387.0,TA,CBlock,TA,TA,No,Rec,1392.0,TA,Y,FuseA,1392,0,3,TA,2,Attchd,RFn,458.0,Y,192,2.5,166000
75.0,9464,NAmes,1Story,6,1958,MetalSd,135.0,TA,CBlock,TA,TA,No,BLQ,1080.0,Gd,Y,SBrkr,1080,0,3,TA,0,Attchd,Unf,288.0,Y,130,1.0,136000
75.0,10425,NAmes,1Story,5,1956,MetalSd,0.0,TA,CBlock,TA,TA,No,Rec,1104.0,Gd,Y,SBrkr,1104,0,3,TA,0,Attchd,RFn,384.0,Y,0,2.0,133000
60.0,11556,NAmes,1Story,5,1952,MetalSd,52.0,TA,CBlock,TA,TA,No,Rec,720.0,Ex,Y,FuseA,882,0,2,Gd,0,Attchd,Unf,240.0,Y,0,2.0,116000
102.0,9373,NAmes,1Story,5,1953,MetalSd,84.0,TA,CBlock,TA,TA,No,Rec,1152.0,TA,Y,SBrkr,1152,0,3,TA,0,Detchd,Unf,636.0,Y,0,1.5,137500
73.0,12774,NAmes,1Story,5,1953,MetalSd,0.0,TA,PConc,TA,TA,No,BLQ,984.0,TA,N,SBrkr,950,0,2,TA,0,Detchd,Unf,400.0,Y,32,1.0,130000
95.0,14250,NAmes,1Story,6,1957,Plywood,360.0,TA,CBlock,TA,TA,No,Unf,998.0,TA,Y,SBrkr,1790,0,3,TA,2,Attchd,Fin,540.0,Y,40,2.0,180000
60.0,7350,NAmes,1Story,5,1951,HdBoard,0.0,TA,CBlock,TA,TA,Mn,ALQ,952.0,TA,Y,SBrkr,952,0,2,TA,0,Detchd,Unf,840.0,Y,0,2.0,139000
57.0,7677,NAmes,1Story,5,1953,VinylSd,0.0,TA,CBlock,TA,TA,No,BLQ,773.0,Gd,Y,SBrkr,773,0,2,TA,0,Attchd,Unf,240.0,Y,0,1.0,110000
71.0,8838,NAmes,1Story,5,1957,MetalSd,0.0,TA,BrkTil,None,None,None,None,0.0,Gd,Y,SBrkr,1764,0,4,TA,1,Attchd,Fin,301.0,Y,72,2.5,100000
80.0,8480,NAmes,1.5Fin,5,1947,MetalSd,0.0,TA,CBlock,TA,TA,No,Rec,832.0,TA,Y,SBrkr,832,384,2,TA,0,Detchd,Unf,336.0,Y,260,1.0,118500
76.0,12436,NAmes,1Story,5,1957,Wd Sdng,0.0,TA,CBlock,TA,TA,No,Unf,1824.0,Fa,Y,FuseA,1824,0,5,TA,0,Detchd,Unf,484.0,Y,0,2.0,146000
60.0,10122,OldTown,1Story,4,1948,MetalSd,0.0,TA,Slab,None,None,None,None,0.0,TA,N,SBrkr,869,0,1,TA,0,Detchd,Unf,390.0,N,66,1.0,89900
45.0,7506,OldTown,1.5Fin,5,1925,VinylSd,0.0,TA,PConc,TA,TA,No,Unf,747.0,TA,Y,SBrkr,747,412,3,TA,0,Detchd,Unf,288.0,N,180,1.0,114000
60.0,10930,NAmes,1.5Fin,5,1945,MetalSd,0.0,TA,CBlock,TA,TA,No,BLQ,913.0,TA,Y,FuseA,1048,510,3,TA,1,Attchd,Unf,288.0,Y,0,2.5,140000
60.0,5400,OldTown,1Story,4,1940,VinylSd,0.0,Gd,PConc,TA,TA,No,Unf,672.0,Gd,Y,SBrkr,672,0,2,TA,0,Detchd,Unf,308.0,N,196,1.0,86900
60.0,10836,OldTown,1.5Fin,5,1922,Wd Sdng,0.0,TA,BrkTil,TA,TA,No,Unf,892.0,Ex,Y,SBrkr,1254,182,3,TA,1,Detchd,Unf,1488.0,N,100,1.5,139000
60.0,10800,OldTown,2Story,4,1900,MetalSd,0.0,TA,BrkTil,None,None,None,None,0.0,TA,N,FuseA,694,600,3,TA,0,None,None,0.0,N,544,2.0,106250
70.0,9247,NAmes,2Story,6,1962,HdBoard,318.0,TA,CBlock,TA,TA,No,Rec,858.0,Ex,Y,SBrkr,858,858,4,TA,1,Attchd,Fin,490.0,Y,204,1.5,171000
78.0,10180,NAmes,1Story,5,1968,HdBoard,0.0,TA,CBlock,TA,TA,No,Rec,912.0,TA,Y,SBrkr,1044,0,3,TA,1,Attchd,Fin,372.0,Y,248,2.0,139000
76.0,11355,NAmes,1Story,7,1958,HdBoard,125.0,TA,CBlock,TA,TA,No,BLQ,1312.0,Ex,Y,SBrkr,1312,0,3,TA,1,Attchd,RFn,495.0,Y,448,1.5,186000
73.0,10920,NAmes,1Story,6,1960,MetalSd,212.0,TA,CBlock,TA,TA,No,BLQ,1253.0,TA,Y,SBrkr,1253,0,2,TA,1,Attchd,RFn,352.0,Y,389,2.5,157000
73.0,12929,NAmes,1Story,6,1960,Wd Sdng,276.0,TA,CBlock,TA,TA,Gd,GLQ,1081.0,TA,Y,SBrkr,1081,0,3,TA,0,CarPort,Unf,401.0,Y,118,2.0,148000
313.0,27650,NAmes,1Story,7,1960,Wd Sdng,0.0,TA,CBlock,Gd,TA,Gd,GLQ,585.0,Ex,Y,SBrkr,2069,0,4,Gd,1,Attchd,RFn,505.0,Y,0,3.0,242000
74.0,8892,NAmes,1Story,5,1953,WdShing,0.0,Gd,Stone,TA,TA,Av,Unf,105.0,Gd,Y,SBrkr,910,0,3,Gd,0,Attchd,Unf,414.0,Y,346,1.0,116000
60.0,7200,NAmes,1Story,5,1951,MetalSd,0.0,TA,CBlock,Fa,TA,No,LwQ,876.0,TA,Y,SBrkr,876,0,2,TA,1,Detchd,Unf,576.0,Y,0,1.0,94000
60.0,7200,NAmes,1Story,5,1950,MetalSd,0.0,TA,CBlock,None,None,None,None,0.0,Gd,Y,SBrkr,1048,0,3,TA,0,Detchd,Unf,420.0,Y,27,1.0,98300
70.0,7910,NAmes,SLvl,5,1960,BrkFace,0.0,TA,CBlock,TA,TA,No,ALQ,1075.0,Gd,Y,SBrkr,1507,0,4,TA,0,Basment,Unf,404.0,Y,0,2.0,127000
80.0,8000,NAmes,1Story,5,1959,BrkFace,0.0,TA,PConc,TA,TA,No,BLQ,1256.0,Gd,Y,FuseA,1256,0,3,Gd,0,Attchd,RFn,311.0,Y,240,2.5,159000
80.0,8000,NAmes,1Story,5,1962,BrkFace,0.0,TA,CBlock,TA,TA,No,BLQ,1027.0,TA,Y,SBrkr,1027,0,3,TA,0,Attchd,Unf,299.0,Y,0,1.5,125900
70.0,7931,NAmes,1Story,5,1960,BrkFace,0.0,TA,CBlock,TA,TA,No,BLQ,1269.0,TA,Y,FuseA,1269,0,3,TA,1,Detchd,Unf,308.0,Y,0,1.5,155000
60.0,8064,NAmes,1.5Fin,6,1948,Wd Sdng,0.0,TA,CBlock,TA,TA,No,ALQ,768.0,Ex,Y,SBrkr,819,501,3,TA,0,Detchd,Unf,576.0,Y,108,2.0,138000
64.0,6390,NAmes,1.5Unf,6,1954,MetalSd,0.0,TA,CBlock,TA,TA,No,Unf,936.0,TA,Y,FuseA,984,0,2,TA,0,Detchd,Unf,280.0,Y,0,2.0,112500
59.0,7227,NAmes,1.5Unf,6,1954,MetalSd,0.0,TA,CBlock,TA,TA,No,Unf,832.0,Gd,Y,SBrkr,832,0,2,Gd,0,Detchd,Unf,528.0,Y,0,1.0,105500
60.0,7200,NAmes,1.5Fin,6,1954,MetalSd,0.0,TA,CBlock,TA,TA,No,Rec,854.0,Fa,Y,FuseA,854,424,4,TA,0,Attchd,Unf,240.0,Y,0,1.0,127500
113.0,8513,NAmes,1Story,5,1961,BrkFace,0.0,TA,CBlock,TA,TA,Av,Unf,1800.0,TA,N,SBrkr,1800,0,6,TA,0,None,None,0.0,N,0,2.0,130000
60.0,7200,NAmes,1.5Fin,5,1955,MetalSd,0.0,TA,CBlock,TA,TA,Mn,GLQ,768.0,Gd,Y,SBrkr,1024,564,3,TA,0,Detchd,Unf,480.0,Y,0,1.5,150000
60.0,7200,NAmes,1Story,5,1954,MetalSd,0.0,TA,CBlock,TA,TA,No,Unf,825.0,TA,Y,FuseA,825,0,2,TA,0,Attchd,Unf,350.0,Y,0,1.5,109500
71.0,7056,NAmes,2Story,6,1963,HdBoard,415.0,TA,CBlock,TA,TA,No,BLQ,780.0,TA,Y,SBrkr,983,813,4,TA,1,Attchd,RFn,483.0,Y,50,2.5,140000
80.0,9760,NAmes,2Story,6,1964,HdBoard,360.0,TA,CBlock,TA,TA,Gd,GLQ,780.0,TA,Y,SBrkr,798,813,4,TA,0,Attchd,RFn,442.0,Y,645,2.5,167900
69.0,7590,NAmes,1Story,5,1963,Wd Sdng,0.0,TA,CBlock,TA,TA,No,Unf,1117.0,Ex,Y,SBrkr,1117,0,3,TA,0,Attchd,Unf,264.0,Y,0,1.0,136870
56.0,9836,OldTown,1Story,6,2008,VinylSd,0.0,TA,PConc,TA,TA,No,GLQ,192.0,Gd,N,SBrkr,1133,0,3,TA,0,Detchd,Unf,308.0,Y,175,2.0,143000
30.0,5232,OldTown,1Story,5,1925,Wd Sdng,0.0,TA,BrkTil,Fa,TA,No,Unf,680.0,Gd,N,FuseP,764,0,2,TA,0,Detchd,Unf,504.0,N,0,1.0,73000
60.0,10440,OldTown,2Story,5,1904,MetalSd,0.0,TA,PConc,TA,TA,No,Unf,650.0,Gd,Y,SBrkr,958,581,3,Gd,1,Detchd,Unf,686.0,P,216,2.0,157500
57.0,9184,OldTown,1.5Fin,5,1948,WdShing,0.0,TA,BrkTil,TA,TA,No,Unf,780.0,Ex,Y,SBrkr,948,375,3,TA,0,Detchd,Unf,400.0,Y,0,1.0,122600
80.0,4800,OldTown,2Story,5,1910,AsbShng,0.0,TA,BrkTil,TA,Fa,No,Unf,680.0,Fa,N,SBrkr,680,680,2,TA,0,Attchd,Unf,330.0,Y,242,1.0,111000
60.0,10440,OldTown,1.5Fin,6,1920,BrkFace,0.0,Gd,BrkTil,Gd,TA,No,LwQ,1510.0,Ex,Y,SBrkr,1584,1208,5,TA,2,Detchd,Unf,520.0,Y,1027,2.0,256000
60.0,4800,OldTown,1Story,5,1940,MetalSd,0.0,TA,CBlock,Fa,TA,No,Unf,672.0,TA,Y,SBrkr,672,0,2,TA,0,Detchd,Unf,256.0,Y,0,1.0,64000
60.0,6000,OldTown,2.5Unf,6,1915,Wd Sdng,0.0,Gd,BrkTil,TA,TA,No,Unf,728.0,Gd,Y,SBrkr,728,728,4,Gd,0,Detchd,Unf,308.0,N,248,1.5,139500
63.0,11426,OldTown,1.5Fin,4,1910,Wd Sdng,0.0,TA,Stone,TA,TA,No,Unf,828.0,Gd,Y,FuseA,828,658,3,TA,0,None,None,0.0,N,281,2.0,118000
63.0,11426,OldTown,1.5Fin,7,2003,VinylSd,0.0,TA,PConc,Gd,TA,No,Unf,1362.0,Ex,Y,SBrkr,1362,720,3,Gd,0,Detchd,Unf,484.0,N,518,2.5,200000
63.0,7628,OldTown,1.5Fin,4,1940,MetalSd,0.0,TA,BrkTil,TA,TA,No,Unf,801.0,Gd,Y,FuseA,1095,561,2,TA,0,Detchd,Unf,440.0,Y,187,2.0,119164
81.0,7308,OldTown,1.5Fin,5,1920,WdShing,0.0,Fa,BrkTil,TA,TA,No,Rec,936.0,Gd,N,FuseA,960,780,2,Ex,1,Detchd,Unf,225.0,N,236,1.0,122250
60.0,5400,OldTown,1Story,7,1920,Stucco,0.0,Gd,CBlock,TA,TA,No,Unf,931.0,TA,Y,SBrkr,1027,0,2,Gd,1,None,None,0.0,N,28,1.5,120000
60.0,10800,OldTown,1.5Fin,6,1940,Wd Sdng,0.0,TA,CBlock,TA,TA,No,BLQ,884.0,TA,Y,SBrkr,884,552,3,TA,2,Detchd,Unf,828.0,Y,126,2.0,155000
60.0,6756,OldTown,1Story,5,1910,MetalSd,0.0,TA,BrkTil,TA,Gd,No,Unf,481.0,TA,N,FuseA,899,0,2,TA,0,Detchd,Unf,200.0,P,96,1.0,78000
44.0,5914,OldTown,1.5Fin,5,1890,Wd Sdng,0.0,TA,BrkTil,Fa,TA,No,Unf,684.0,Gd,Y,SBrkr,684,396,3,Gd,0,None,None,0.0,N,195,1.0,95000
50.0,6000,OldTown,1Story,5,1948,VinylSd,0.0,TA,CBlock,TA,TA,No,ALQ,789.0,Ex,Y,SBrkr,789,0,2,TA,0,Detchd,Unf,250.0,Y,0,1.0,115000
100.0,12000,OldTown,1Story,5,1948,MetalSd,0.0,TA,CBlock,TA,TA,No,GLQ,924.0,Ex,Y,SBrkr,1122,0,2,Gd,0,Attchd,Unf,528.0,Y,36,2.0,147000
75.0,9000,OldTown,1.5Fin,5,1946,MetalSd,0.0,TA,CBlock,TA,TA,No,Rec,904.0,Ex,Y,FuseA,904,595,3,TA,1,Detchd,Unf,869.0,Y,20,1.0,140000
62.0,7311,OldTown,1Story,2,1946,VinylSd,0.0,TA,BrkTil,TA,TA,No,Unf,407.0,TA,N,FuseA,407,0,1,TA,0,Detchd,Unf,297.0,Y,196,1.0,46500
50.0,6000,OldTown,1Story,5,1957,BrkFace,0.0,TA,CBlock,TA,TA,No,Rec,928.0,Gd,Y,FuseA,928,0,3,TA,0,Attchd,Fin,288.0,Y,0,1.0,112500
50.0,6000,OldTown,1Story,4,1954,MetalSd,0.0,TA,CBlock,TA,TA,No,Unf,901.0,Ex,Y,SBrkr,901,0,2,TA,0,Detchd,Unf,281.0,Y,0,1.0,107900
103.0,12205,OldTown,1Story,3,1949,MetalSd,0.0,TA,BrkTil,Fa,Fa,No,Unf,448.0,Gd,Y,SBrkr,1588,0,5,TA,0,None,None,0.0,N,0,2.0,65000
87.0,18386,OldTown,2.5Fin,7,1880,CemntBd,0.0,TA,BrkTil,TA,TA,No,Unf,1470.0,Ex,Y,SBrkr,1675,1818,3,Gd,1,Attchd,Unf,870.0,Y,302,3.0,295000
69.0,9142,OldTown,2Story,5,1900,MetalSd,0.0,TA,BrkTil,Fa,TA,No,Unf,797.0,TA,N,FuseA,830,797,4,TA,0,Detchd,Unf,420.0,N,252,2.0,139500
100.0,12665,OldTown,1.5Fin,5,1915,Wd Sdng,0.0,TA,BrkTil,TA,TA,Mn,Unf,876.0,Gd,Y,SBrkr,876,540,4,TA,1,Detchd,Unf,720.0,Y,612,1.5,153900
53.0,5350,OldTown,2Story,7,1920,Wd Sdng,0.0,TA,BrkTil,TA,TA,No,BLQ,624.0,Ex,Y,SBrkr,730,720,3,TA,0,Detchd,Unf,288.0,Y,192,1.0,132000
34.0,4571,OldTown,2Story,5,1916,AsbShng,0.0,TA,BrkTil,TA,TA,No,Unf,624.0,Fa,N,SBrkr,624,720,4,TA,0,Detchd,Unf,513.0,Y,96,1.0,98000
69.0,9143,OldTown,1.5Fin,5,1900,VinylSd,0.0,TA,CBlock,TA,TA,No,Unf,346.0,Ex,Y,SBrkr,709,308,2,TA,0,Detchd,Unf,308.0,N,139,1.0,114000
60.0,9600,OldTown,2Story,5,1920,AsbShng,0.0,TA,BrkTil,TA,TA,No,Rec,973.0,TA,Y,FuseP,1377,973,4,TA,0,2Types,Unf,393.0,Y,219,2.0,130000
60.0,9600,OldTown,2.5Unf,6,1917,AsbShng,0.0,TA,BrkTil,Gd,TA,No,Rec,735.0,Fa,N,SBrkr,1134,924,3,TA,1,Detchd,Unf,396.0,P,259,1.5,129500
60.0,6000,OldTown,2Story,5,1905,MetalSd,0.0,Gd,BrkTil,Fa,TA,No,Unf,572.0,Ex,Y,SBrkr,884,656,3,Gd,0,None,None,0.0,N,317,1.5,129400
60.0,9600,OldTown,2Story,7,1928,MetalSd,0.0,TA,BrkTil,TA,TA,No,Rec,689.0,Ex,Y,SBrkr,689,689,3,Gd,1,Detchd,Unf,360.0,N,116,2.0,161000
60.0,10800,OldTown,1.5Fin,6,1905,Wd Sdng,0.0,TA,BrkTil,Fa,TA,No,Unf,482.0,Ex,N,SBrkr,1221,691,3,TA,1,Detchd,Unf,672.0,Y,237,2.0,163000
35.0,6300,OldTown,2.5Unf,6,1914,Wd Sdng,0.0,TA,CBlock,TA,TA,No,Unf,742.0,Ex,Y,SBrkr,742,742,3,TA,1,None,None,0.0,Y,425,2.0,128000
50.0,5250,OldTown,2Story,8,1872,MetalSd,0.0,TA,BrkTil,TA,Fa,No,LwQ,684.0,Fa,N,SBrkr,938,1215,4,TA,0,None,None,0.0,Y,74,2.0,122000
60.0,5700,OldTown,1.5Fin,7,1926,Wd Sdng,0.0,TA,PConc,TA,TA,No,Unf,572.0,TA,Y,SBrkr,572,539,2,TA,1,Detchd,Unf,288.0,Y,176,1.0,116900
75.0,13500,OldTown,2.5Unf,10,1893,Wd Sdng,0.0,Ex,BrkTil,TA,TA,No,Unf,1237.0,Gd,Y,SBrkr,1521,1254,3,Gd,1,Detchd,Unf,880.0,Y,607,3.5,325000
60.0,11340,OldTown,2Story,2,1920,AsbShng,0.0,Fa,BrkTil,Fa,Fa,No,Unf,723.0,TA,N,SBrkr,723,363,2,TA,0,Detchd,Unf,400.0,N,168,1.0,55000
60.0,10800,OldTown,2Story,7,1890,Wd Sdng,0.0,TA,BrkTil,TA,TA,Mn,Unf,1313.0,Gd,Y,SBrkr,1313,1182,5,TA,1,Detchd,Unf,342.0,Y,299,2.0,184000
65.0,9750,OldTown,1Story,5,1959,MetalSd,164.0,TA,CBlock,TA,TA,No,Rec,984.0,Gd,Y,SBrkr,984,0,2,Fa,0,Detchd,Unf,308.0,N,0,2.0,110000
81.0,12150,OldTown,1.5Fin,5,1954,MetalSd,335.0,TA,BrkTil,TA,TA,No,Unf,1050.0,Ex,N,FuseF,1050,745,4,TA,0,Attchd,Unf,352.0,Y,0,2.0,131500
70.0,12702,OldTown,1Story,5,1956,BrkFace,0.0,TA,PConc,None,None,None,None,0.0,Gd,Y,FuseA,882,0,2,TA,0,Detchd,Unf,308.0,Y,45,1.0,97000
52.0,8516,OldTown,1Story,4,1958,MetalSd,0.0,TA,CBlock,TA,TA,No,Unf,869.0,TA,Y,SBrkr,1093,0,2,TA,0,Detchd,Unf,308.0,Y,0,1.0,115500
55.0,7111,BrkSide,1Story,5,1928,WdShing,0.0,Gd,BrkTil,TA,TA,No,LwQ,1008.0,TA,Y,SBrkr,1143,0,2,TA,1,Detchd,Unf,288.0,Y,265,1.0,138000
51.0,7425,BrkSide,1.5Fin,7,1945,Wd Sdng,0.0,TA,CBlock,TA,Fa,No,Unf,672.0,Gd,Y,SBrkr,1195,473,3,Gd,0,Attchd,Unf,252.0,Y,210,1.5,108000
50.0,9100,BrkSide,1Story,5,1930,VinylSd,0.0,TA,BrkTil,TA,TA,No,Unf,742.0,TA,Y,FuseA,779,0,2,TA,0,Detchd,Unf,308.0,P,0,1.0,79500
51.0,7010,BrkSide,1.5Fin,5,1935,Wd Sdng,0.0,TA,BrkTil,TA,TA,No,Rec,1024.0,TA,Y,SBrkr,1144,594,3,TA,1,Detchd,Unf,240.0,P,30,2.0,153000
50.0,6130,BrkSide,1.5Unf,5,1924,MetalSd,0.0,TA,BrkTil,TA,TA,No,ALQ,784.0,Gd,Y,SBrkr,784,0,2,Gd,0,None,None,0.0,Y,116,2.0,109500
50.0,5000,BrkSide,1.5Fin,5,1941,Wd Sdng,0.0,TA,CBlock,TA,TA,No,ALQ,672.0,Ex,Y,SBrkr,832,378,3,Gd,0,Detchd,Unf,240.0,P,0,1.0,124000
59.0,5870,BrkSide,2Story,6,1900,HdBoard,0.0,TA,BrkTil,TA,TA,No,Unf,554.0,Ex,Y,SBrkr,736,554,3,TA,0,Detchd,Unf,200.0,Y,150,1.5,106900
50.0,6000,BrkSide,1.5Fin,6,1940,Wd Sdng,0.0,TA,CBlock,TA,TA,No,ALQ,981.0,Ex,Y,SBrkr,1014,658,3,Gd,1,Detchd,Unf,240.0,Y,11,1.5,164900
50.0,6000,BrkSide,1Story,5,1924,Wd Sdng,0.0,TA,BrkTil,TA,Fa,No,Unf,949.0,Ex,Y,SBrkr,949,0,2,TA,1,Detchd,Unf,370.0,Y,48,1.0,119000
50.0,6000,BrkSide,1.5Fin,6,1929,WdShing,0.0,TA,BrkTil,TA,TA,No,Unf,862.0,TA,Y,SBrkr,950,208,3,TA,1,BuiltIn,RFn,208.0,Y,112,1.0,120000
50.0,6000,BrkSide,1.5Fin,6,1937,Wd Sdng,0.0,TA,BrkTil,TA,TA,No,Rec,825.0,Ex,Y,SBrkr,825,672,3,TA,0,Detchd,Unf,672.0,Y,272,2.0,157000
50.0,6000,BrkSide,1.5Fin,6,1939,Wd Sdng,0.0,TA,CBlock,TA,TA,No,LwQ,739.0,Ex,Y,SBrkr,874,468,2,TA,1,Detchd,Unf,240.0,Y,0,2.0,105000
50.0,5000,BrkSide,1.5Unf,6,1926,MetalSd,0.0,TA,BrkTil,TA,TA,No,Unf,992.0,Ex,Y,SBrkr,1013,0,3,TA,0,Detchd,Unf,160.0,Y,101,1.0,113000
60.0,5520,BrkSide,1.5Fin,5,1920,AsbShng,0.0,TA,BrkTil,TA,TA,No,ALQ,565.0,TA,Y,SBrkr,565,651,3,TA,1,BuiltIn,RFn,355.0,Y,180,2.0,115000
99.0,5940,BrkSide,1Story,4,1946,MetalSd,0.0,TA,PConc,None,None,None,None,0.0,TA,Y,FuseA,896,0,2,TA,0,Detchd,Unf,280.0,Y,0,2.215726495726496,79000
52.0,6240,BrkSide,1.5Fin,4,1929,MetalSd,0.0,TA,PConc,TA,TA,No,BLQ,704.0,Ex,Y,SBrkr,624,512,2,TA,0,Detchd,Unf,336.0,Y,445,1.5,123000
51.0,6120,BrkSide,1Story,5,1945,Plywood,0.0,TA,CBlock,None,None,None,None,0.0,Gd,N,SBrkr,808,0,1,TA,0,Attchd,Unf,164.0,P,48,1.0,81300
52.0,6240,BrkSide,1.5Fin,5,1930,MetalSd,0.0,TA,PConc,TA,TA,No,Unf,1078.0,TA,Y,SBrkr,1128,445,3,TA,1,Detchd,Unf,360.0,P,0,2.0,162900
52.0,6240,BrkSide,1.5Fin,7,1939,Wd Sdng,0.0,TA,BrkTil,TA,TA,Mn,Rec,989.0,TA,Y,SBrkr,1245,764,4,TA,1,Detchd,Unf,400.0,Y,20,2.0,150000
51.0,6120,OldTown,2Story,5,1923,Wd Sdng,0.0,TA,BrkTil,TA,TA,No,LwQ,1100.0,TA,Y,SBrkr,1226,676,4,TA,0,Detchd,Unf,576.0,Y,194,2.0,123500
51.0,6120,OldTown,1.5Fin,7,1931,BrkFace,0.0,TA,BrkTil,TA,TA,No,Unf,952.0,Gd,Y,FuseF,1022,752,2,TA,2,Detchd,Unf,468.0,Y,295,2.0,129900
60.0,6155,BrkSide,2Story,6,1920,Wd Sdng,0.0,TA,BrkTil,Fa,Fa,Mn,Unf,611.0,Ex,Y,SBrkr,751,611,3,TA,0,Detchd,Fin,502.0,Y,84,2.0,128000
60.0,6324,BrkSide,1Story,4,1927,MetalSd,0.0,TA,BrkTil,TA,TA,No,Unf,520.0,Fa,N,SBrkr,520,0,1,Fa,0,Detchd,Unf,240.0,Y,136,1.0,68500
50.0,8635,BrkSide,1.5Fin,5,1948,Wd Sdng,0.0,TA,CBlock,TA,TA,No,BLQ,672.0,TA,Y,SBrkr,1072,213,2,TA,0,Detchd,Unf,240.0,Y,0,2.0,127000
64.0,13053,BrkSide,1.5Fin,6,1923,Wd Sdng,0.0,TA,BrkTil,TA,TA,No,Unf,833.0,Gd,Y,SBrkr,1053,795,4,Gd,1,Detchd,Unf,370.0,N,220,1.5,207000
60.0,9120,BrkSide,1.5Fin,7,1925,Wd Sdng,0.0,TA,PConc,TA,TA,No,Rec,1026.0,Ex,Y,SBrkr,1133,687,4,TA,0,Detchd,Unf,240.0,N,100,3.0,184000
60.0,9144,BrkSide,1.5Fin,6,1915,VinylSd,0.0,TA,BrkTil,TA,TA,No,Unf,810.0,Ex,Y,SBrkr,1170,546,4,Gd,0,Detchd,Unf,672.0,Y,195,2.0,162500
51.0,9144,BrkSide,1.5Fin,5,1940,MetalSd,0.0,TA,CBlock,TA,TA,No,Rec,883.0,Gd,Y,SBrkr,988,517,3,TA,0,Detchd,Unf,240.0,N,0,2.0,145000
55.0,10267,BrkSide,1Story,6,1918,Stucco,0.0,TA,BrkTil,TA,Gd,Mn,Rec,816.0,Ex,Y,SBrkr,838,0,2,Fa,0,Detchd,Fin,275.0,N,112,2.0,130000
57.0,8094,OldTown,2.5Unf,6,1910,Wd Sdng,0.0,TA,PConc,TA,TA,Mn,Rec,1242.0,Gd,Y,SBrkr,1242,742,5,TA,0,Detchd,None,360.0,Y,244,2.0,160000
60.0,5100,OldTown,2Story,8,1925,Stucco,0.0,TA,PConc,TA,TA,No,Unf,588.0,Fa,Y,SBrkr,833,833,3,Gd,1,Detchd,Unf,228.0,Y,255,1.0,161000
63.0,4347,OldTown,1.5Fin,6,1910,MetalSd,0.0,Gd,BrkTil,Gd,Gd,No,Unf,796.0,Ex,Y,SBrkr,825,784,3,TA,0,Detchd,Unf,228.0,N,182,1.0,127500
60.0,6291,IDOTRR,1Story,6,1930,Stucco,0.0,Gd,BrkTil,TA,TA,No,Unf,768.0,TA,Y,SBrkr,768,0,1,TA,0,Detchd,Unf,440.0,N,84,1.0,93850
60.0,10266,IDOTRR,2Story,6,1952,MetalSd,0.0,TA,CBlock,TA,TA,No,Rec,768.0,TA,Y,FuseA,768,768,4,TA,0,Detchd,Unf,308.0,Y,296,1.5,136000
60.0,6876,IDOTRR,1.5Fin,6,1938,Wd Sdng,0.0,TA,BrkTil,TA,TA,No,Unf,1272.0,TA,Y,SBrkr,1272,0,4,TA,1,Detchd,Unf,400.0,Y,34,2.0,141000
60.0,10320,IDOTRR,1.5Fin,5,1915,HdBoard,0.0,TA,BrkTil,TA,Fa,No,Unf,880.0,Gd,Y,SBrkr,880,428,2,TA,0,Detchd,Unf,400.0,Y,117,2.0,120000
60.0,7200,IDOTRR,1Story,6,1925,VinylSd,0.0,TA,CBlock,TA,TA,No,Unf,1040.0,Gd,Y,SBrkr,1040,0,2,TA,0,Detchd,Unf,320.0,Y,132,1.0,127500
62.0,7006,IDOTRR,1.5Fin,6,1925,Stucco,0.0,TA,PConc,TA,TA,No,Rec,768.0,TA,Y,SBrkr,788,448,3,TA,1,Detchd,Unf,384.0,Y,0,3.0,127000
60.0,7920,IDOTRR,1.5Fin,6,1920,MetalSd,0.0,TA,CBlock,TA,TA,No,Unf,319.0,TA,Y,FuseA,1035,371,3,Fa,0,None,None,0.0,N,144,1.0,89500
49.0,8235,OldTown,1Story,5,1955,MetalSd,0.0,TA,CBlock,TA,TA,No,LwQ,825.0,TA,Y,SBrkr,825,0,2,TA,0,Detchd,RFn,720.0,Y,190,2.0,125000
60.0,5586,OldTown,1.5Fin,6,1920,MetalSd,0.0,TA,BrkTil,TA,TA,No,Unf,901.0,Gd,Y,SBrkr,1088,110,4,TA,0,None,None,0.0,N,98,1.0,79900
60.0,10320,IDOTRR,1Story,5,1912,Wd Sdng,0.0,TA,BrkTil,Fa,TA,No,Unf,451.0,TA,Y,SBrkr,759,0,1,TA,0,Detchd,Unf,576.0,N,40,1.0,85000
60.0,10320,IDOTRR,2Story,3,1915,AsphShn,0.0,Fa,PConc,TA,Fa,No,Unf,536.0,Ex,N,FuseF,808,536,3,TA,0,None,None,0.0,N,246,2.0,82375
60.0,10320,IDOTRR,1.5Fin,6,1906,MetalSd,0.0,TA,CBlock,TA,TA,No,Unf,756.0,Ex,Y,SBrkr,756,713,3,TA,0,Detchd,Unf,216.0,Y,296,1.0,135000
82.0,9488,Sawyer,1Story,5,1947,VinylSd,0.0,Gd,CBlock,TA,TA,No,Unf,1046.0,Gd,N,SBrkr,1054,0,3,TA,0,Detchd,Unf,240.0,Y,182,1.0,124000
55.0,8250,Sawyer,1Story,5,1968,HdBoard,0.0,TA,CBlock,TA,TA,No,BLQ,952.0,Ex,Y,SBrkr,1211,0,3,TA,1,Attchd,Unf,322.0,Y,63,1.0,134000
115.0,21286,Sawyer,1.5Fin,5,1948,Wd Sdng,0.0,TA,CBlock,TA,TA,No,Unf,720.0,TA,Y,SBrkr,720,551,4,TA,1,Attchd,Unf,312.0,Y,108,2.0,135000
80.0,17120,ClearCr,1.5Fin,4,1959,WdShing,0.0,TA,CBlock,None,None,None,None,0.0,TA,Y,SBrkr,1120,468,4,TA,1,Detchd,Fin,680.0,N,59,2.0,134432
62.0,10106,Edwards,1.5Fin,5,1940,Wd Sdng,0.0,TA,BrkTil,TA,TA,No,ALQ,644.0,Gd,Y,SBrkr,808,547,4,TA,0,None,None,0.0,Y,140,3.0,127500
72.0,11235,Sawyer,SFoyer,5,1963,HdBoard,0.0,TA,CBlock,Gd,TA,Av,ALQ,981.0,TA,Y,SBrkr,1075,0,3,Gd,0,Detchd,Unf,440.0,Y,128,2.0,148000
70.0,11200,Sawyer,1Story,5,1965,HdBoard,0.0,TA,CBlock,TA,TA,No,Rec,1040.0,Ex,Y,SBrkr,1040,0,3,TA,0,Detchd,Unf,384.0,Y,0,2.0,129500
80.0,13014,Sawyer,SLvl,6,1978,HdBoard,39.0,TA,CBlock,TA,TA,Av,ALQ,1008.0,TA,Y,SBrkr,1096,0,3,TA,1,Attchd,Unf,484.0,Y,168,2.0,157500
72.0,7162,Sawyer,1Story,5,1966,HdBoard,41.0,TA,PConc,TA,TA,No,Unf,876.0,TA,Y,SBrkr,904,0,3,TA,0,Attchd,Unf,408.0,Y,0,1.0,109900
68.0,10265,Sawyer,1Story,5,1967,HdBoard,0.0,TA,CBlock,TA,TA,No,ALQ,992.0,Ex,Y,SBrkr,992,0,3,Gd,0,Attchd,RFn,294.0,Y,204,2.0,145000
57.0,9764,Sawyer,1Story,5,1967,VinylSd,0.0,TA,CBlock,TA,TA,No,BLQ,894.0,Ex,Y,SBrkr,894,0,3,Gd,0,Attchd,RFn,450.0,Y,0,2.0,130000
72.0,7703,Sawyer,SFoyer,6,1978,HdBoard,40.0,TA,CBlock,Gd,TA,Gd,ALQ,450.0,Ex,Y,SBrkr,1034,0,3,TA,1,Basment,Fin,504.0,Y,311,1.5,153000
72.0,9981,Sawyer,1Story,5,1967,MetalSd,340.0,TA,CBlock,TA,TA,Mn,BLQ,1073.0,Gd,Y,SBrkr,1073,0,3,TA,0,Attchd,RFn,270.0,Y,90,1.0,120000
72.0,7400,Sawyer,SFoyer,5,1984,VinylSd,0.0,TA,PConc,Gd,TA,Av,LwQ,1060.0,TA,Y,SBrkr,1126,0,2,TA,0,Attchd,Unf,506.0,Y,178,2.0,152000
60.0,12900,Sawyer,SFoyer,4,1969,Plywood,0.0,TA,CBlock,Gd,TA,Av,GLQ,1198.0,TA,Y,SBrkr,1258,0,0,TA,0,CarPort,Unf,400.0,Y,120,3.0,108959
60.0,12900,Sawyer,1Story,5,1920,BrkFace,0.0,TA,PConc,TA,Fa,No,BLQ,1300.0,Fa,Y,SBrkr,1140,0,3,TA,0,CarPort,Unf,400.0,Y,190,2.0,95541
72.0,9000,Sawyer,1Story,5,1959,Wd Sdng,0.0,TA,CBlock,TA,TA,No,GLQ,1006.0,TA,Y,SBrkr,1006,0,3,TA,0,None,None,0.0,Y,24,1.0,80000
72.0,8544,Sawyer,1Story,5,1966,HdBoard,0.0,TA,CBlock,TA,TA,No,Unf,1228.0,Gd,Y,SBrkr,1228,0,3,Gd,0,Attchd,Unf,271.0,Y,65,1.5,149350
94.0,9239,Sawyer,1Story,5,1963,VinylSd,0.0,TA,CBlock,TA,TA,No,GLQ,960.0,Ex,Y,SBrkr,960,0,3,Gd,0,Attchd,Fin,300.0,Y,168,2.0,144900
88.0,14175,Sawyer,1Story,6,1956,HdBoard,0.0,TA,CBlock,TA,Gd,Gd,GLQ,988.0,TA,Y,FuseA,1188,0,1,TA,1,Attchd,Unf,621.0,Y,422,2.0,185000
72.0,13284,Sawyer,1Story,5,1954,Wd Sdng,0.0,TA,PConc,Gd,TA,Mn,BLQ,1383.0,TA,Y,SBrkr,1383,0,3,TA,1,Attchd,Unf,354.0,Y,627,2.0,165000
80.5,13500,ClearCr,1Story,6,1960,BrkFace,0.0,TA,CBlock,Gd,TA,Gd,BLQ,1602.0,Gd,Y,SBrkr,1252,0,1,TA,1,Attchd,RFn,564.0,Y,409,2.0,235000
85.0,13825,Sawyer,SLvl,5,1958,MetalSd,0.0,TA,CBlock,TA,TA,No,Unf,533.0,TA,Y,SBrkr,1021,580,3,TA,0,BuiltIn,RFn,300.0,Y,314,1.5,140000
60.0,10200,Sawyer,1Story,5,1940,Wd Sdng,0.0,TA,PConc,TA,TA,No,Unf,672.0,Ex,Y,SBrkr,672,0,2,TA,0,Detchd,Unf,240.0,N,168,1.0,108000
80.5,10532,ClearCr,1Story,5,1960,Plywood,275.0,TA,CBlock,TA,TA,Mn,Rec,988.0,Gd,Y,SBrkr,1721,0,3,TA,2,Basment,Unf,626.0,Y,134,3.0,145000
63.0,8375,Sawyer,1.5Fin,5,1941,Wd Sdng,0.0,TA,BrkTil,TA,TA,No,ALQ,576.0,Gd,Y,SBrkr,864,486,2,Gd,0,2Types,Unf,627.0,N,0,2.5,152400
72.0,10200,Sawyer,SLvl,5,1970,HdBoard,0.0,TA,PConc,Gd,TA,Av,ALQ,864.0,Ex,Y,SBrkr,904,0,3,Gd,0,2Types,Unf,912.0,Y,143,1.0,144000
80.5,2887,ClearCr,1Story,6,1996,Wd Sdng,0.0,TA,PConc,Gd,TA,Mn,GLQ,1291.0,Ex,Y,SBrkr,1291,0,2,Gd,1,Attchd,Unf,431.0,Y,307,2.0,173000
83.0,10005,ClearCr,2Story,7,1977,Plywood,299.0,TA,CBlock,Gd,TA,No,BLQ,1160.0,Ex,Y,SBrkr,1156,866,4,TA,1,Attchd,Fin,505.0,Y,405,2.5,192000
82.0,20270,ClearCr,1Story,7,1979,Plywood,0.0,TA,CBlock,Gd,TA,Gd,GLQ,1524.0,TA,Y,SBrkr,1524,0,3,TA,2,Attchd,Fin,478.0,Y,140,3.0,245000
73.0,39104,ClearCr,1Story,7,1954,Plywood,0.0,TA,CBlock,Gd,TA,Gd,LwQ,1385.0,Ex,Y,SBrkr,1363,0,2,TA,2,Attchd,Unf,439.0,Y,81,2.0,241500
80.5,53227,ClearCr,1Story,4,1954,Plywood,0.0,TA,CBlock,Gd,TA,Gd,BLQ,1364.0,Ex,Y,SBrkr,1663,0,2,Gd,2,Attchd,Fin,529.0,Y,361,2.0,256000
124.0,11512,Edwards,SLvl,6,1959,Plywood,84.0,TA,CBlock,TA,TA,Av,ALQ,1019.0,Gd,Y,SBrkr,1357,0,2,Ex,1,Basment,RFn,312.0,Y,163,2.0,177000
50.0,5190,Edwards,1.5Fin,7,1948,BrkFace,0.0,TA,CBlock,TA,TA,No,Unf,570.0,TA,Y,SBrkr,617,462,2,TA,1,Attchd,Unf,249.0,Y,135,1.0,125600
85.0,10452,Edwards,1Story,6,1953,Wd Sdng,216.0,TA,CBlock,TA,TA,Mn,Rec,1094.0,Ex,Y,SBrkr,1094,0,3,TA,2,Attchd,RFn,495.0,Y,287,1.0,155000
75.0,45600,ClearCr,1.5Fin,6,1908,Wd Sdng,0.0,TA,BrkTil,TA,TA,No,Unf,907.0,TA,Y,SBrkr,1307,1051,5,TA,1,Detchd,Unf,360.0,Y,701,3.0,240000
85.0,19550,Edwards,1Story,5,1940,PreCast,0.0,TA,PConc,TA,TA,Gd,ALQ,1580.0,Ex,Y,SBrkr,1518,0,2,Fa,2,None,None,0.0,Y,39,2.0,260000
66.0,21780,Edwards,1.5Fin,6,1918,Wd Sdng,0.0,TA,BrkTil,Gd,TA,Mn,Unf,1163.0,Ex,Y,SBrkr,1163,511,4,TA,1,Detchd,Fin,396.0,N,252,2.0,185000
120.0,13728,Edwards,2Story,6,1935,Stucco,0.0,TA,CBlock,TA,TA,No,Rec,1127.0,Ex,Y,SBrkr,1236,872,4,Gd,2,Basment,Unf,540.0,Y,90,2.0,235000
68.0,9571,Edwards,1Story,5,1956,Wd Sdng,0.0,TA,CBlock,TA,TA,Av,Rec,1509.0,TA,Y,FuseA,1509,0,3,Gd,1,Attchd,Unf,322.0,Y,734,2.0,159900
50.0,9350,Edwards,SFoyer,5,1975,HdBoard,0.0,TA,PConc,Gd,TA,Av,GLQ,864.0,Fa,N,SBrkr,864,0,2,TA,0,None,None,0.0,Y,0,2.0,99600
50.0,9360,Edwards,2Story,6,1962,VinylSd,216.0,Gd,CBlock,TA,TA,No,Rec,621.0,TA,Y,SBrkr,621,648,3,TA,0,Detchd,Unf,280.0,Y,236,1.5,134500
50.0,8405,Edwards,1.5Fin,5,1900,MetalSd,0.0,TA,BrkTil,TA,Gd,No,Rec,861.0,Ex,Y,SBrkr,961,406,4,TA,0,Detchd,Unf,384.0,Y,242,2.0,119000
70.0,7000,Edwards,2Story,5,1910,MetalSd,0.0,TA,CBlock,Gd,TA,Gd,GLQ,1117.0,TA,Y,SBrkr,820,527,3,TA,0,None,None,0.0,N,233,2.0,107500
68.0,10880,Edwards,1Story,5,1950,MetalSd,0.0,TA,CBlock,TA,TA,No,ALQ,1164.0,TA,N,SBrkr,1164,0,3,TA,0,Detchd,Unf,240.0,Y,48,2.0,125000
60.0,9600,Edwards,1.5Fin,6,1924,Wd Sdng,0.0,TA,BrkTil,TA,TA,No,Unf,572.0,Fa,N,FuseF,572,524,2,TA,0,None,None,0.0,N,136,1.0,79000
60.0,9084,Edwards,1.5Fin,5,1941,VinylSd,0.0,TA,CBlock,TA,Fa,Mn,LwQ,616.0,TA,N,SBrkr,616,495,3,TA,0,Detchd,Unf,200.0,Y,48,1.5,95000
86.0,11839,SawyerW,2Story,7,1990,HdBoard,99.0,TA,PConc,Gd,TA,No,GLQ,1475.0,Ex,Y,SBrkr,1532,797,4,Gd,1,Attchd,Unf,514.0,Y,313,3.5,262280
67.0,9771,SawyerW,2Story,6,1995,HdBoard,190.0,Gd,PConc,Gd,TA,No,LwQ,1077.0,Ex,Y,SBrkr,1093,1721,4,Gd,1,BuiltIn,Fin,614.0,Y,296,3.0,260000
80.0,9938,SawyerW,1Story,7,1994,HdBoard,251.0,Gd,PConc,Gd,TA,No,GLQ,1602.0,Ex,Y,SBrkr,1626,0,3,Gd,1,Attchd,RFn,534.0,Y,464,3.5,226500
67.0,14171,SawyerW,2Story,7,1993,VinylSd,0.0,Gd,PConc,Gd,TA,No,GLQ,812.0,Ex,Y,SBrkr,1101,1099,4,Gd,1,Attchd,RFn,453.0,Y,266,2.5,225000
85.0,10541,SawyerW,SLvl,7,1996,VinylSd,0.0,Gd,PConc,Gd,TA,Av,Unf,672.0,Ex,Y,SBrkr,1302,735,3,Gd,1,Attchd,Fin,472.0,Y,133,2.5,229000
65.0,10616,CollgCr,2Story,7,2007,VinylSd,0.0,Gd,PConc,Gd,TA,No,Unf,628.0,Ex,Y,SBrkr,628,728,3,Gd,1,BuiltIn,Fin,484.0,Y,124,2.5,177439
65.0,9345,CollgCr,1Story,8,2007,VinylSd,156.0,Gd,PConc,Gd,TA,Av,Unf,1615.0,Ex,Y,SBrkr,1615,0,3,Gd,1,Attchd,RFn,864.0,Y,198,2.0,248500
91.0,11778,CollgCr,1Story,9,2008,VinylSd,554.0,Gd,PConc,Gd,TA,Gd,GLQ,2271.0,Ex,Y,SBrkr,2276,0,3,Ex,2,Attchd,RFn,1348.0,Y,325,3.0,475000
91.0,11778,CollgCr,1Story,9,2008,VinylSd,402.0,Ex,PConc,Ex,TA,Av,GLQ,1751.0,Ex,Y,SBrkr,1766,0,3,Ex,2,Attchd,Fin,874.0,Y,252,3.5,395039
59.0,11228,SawyerW,2Story,7,1993,VinylSd,0.0,Gd,PConc,Gd,TA,No,BLQ,1080.0,Ex,Y,SBrkr,1080,1017,3,Gd,1,Attchd,Unf,678.0,Y,383,3.0,228000
67.0,11454,SawyerW,SLvl,8,1995,VinylSd,302.0,Gd,PConc,Gd,TA,Gd,GLQ,1401.0,Ex,Y,SBrkr,1511,0,3,Gd,1,Attchd,Fin,811.0,Y,210,3.0,225000
80.5,11500,ClearCr,1Story,6,1966,Plywood,0.0,TA,CBlock,Gd,Gd,Gd,LwQ,1182.0,Ex,Y,SBrkr,1643,0,2,TA,1,Attchd,Unf,438.0,Y,339,3.0,195000
79.0,12798,ClearCr,2Story,6,1997,VinylSd,0.0,TA,PConc,Gd,TA,Gd,GLQ,616.0,Gd,Y,SBrkr,616,1072,4,Gd,0,Attchd,RFn,603.0,Y,702,3.5,200000
65.0,9750,CollgCr,1Story,5,1994,VinylSd,0.0,TA,PConc,Gd,TA,No,GLQ,990.0,Ex,Y,SBrkr,990,0,3,TA,0,Detchd,Unf,528.0,Y,168,2.0,155000
75.0,9525,CollgCr,1Story,5,1995,VinylSd,0.0,TA,PConc,Gd,TA,No,Unf,1099.0,Ex,Y,SBrkr,1099,0,3,Gd,0,Attchd,Unf,352.0,Y,278,1.5,144000
57.0,9245,CollgCr,1Story,5,1994,VinylSd,0.0,TA,PConc,Gd,TA,No,GLQ,990.0,Ex,Y,SBrkr,990,0,3,TA,0,Detchd,Unf,672.0,Y,0,1.5,145000
70.0,8696,CollgCr,1Story,7,1997,VinylSd,150.0,TA,PConc,Gd,TA,Gd,GLQ,1418.0,Ex,Y,SBrkr,1418,0,3,Gd,1,Attchd,RFn,558.0,Y,318,3.0,226001
70.0,13142,CollgCr,2Story,6,1997,VinylSd,128.0,TA,PConc,Gd,TA,No,GLQ,864.0,Ex,Y,SBrkr,872,899,3,Gd,0,Attchd,RFn,600.0,Y,96,3.5,215700
68.0,8998,CollgCr,2Story,7,2000,VinylSd,120.0,Gd,PConc,Gd,TA,Mn,GLQ,782.0,Ex,Y,SBrkr,782,870,3,Gd,0,Attchd,RFn,532.0,Y,70,2.5,207500
68.0,9179,CollgCr,2Story,7,1999,VinylSd,158.0,Gd,PConc,Gd,TA,No,GLQ,873.0,Ex,Y,SBrkr,882,908,3,Gd,0,Attchd,RFn,588.0,Y,88,3.5,193000
57.0,8924,CollgCr,2Story,7,1998,VinylSd,0.0,TA,PConc,Gd,TA,Av,Unf,880.0,Ex,Y,SBrkr,880,844,3,Gd,0,Attchd,Fin,527.0,Y,275,2.5,188000
93.0,9382,CollgCr,1Story,7,1999,VinylSd,125.0,Gd,PConc,Gd,TA,No,Unf,1468.0,Ex,Y,SBrkr,1479,0,3,Gd,0,Attchd,RFn,577.0,Y,145,2.0,191000
88.0,12803,CollgCr,1Story,7,2002,VinylSd,99.0,Gd,PConc,Gd,TA,Mn,GLQ,1494.0,Ex,Y,SBrkr,1494,0,3,Gd,1,Attchd,RFn,530.0,Y,228,3.0,221000
80.0,12435,CollgCr,2Story,7,2001,VinylSd,172.0,Gd,PConc,Gd,TA,No,GLQ,963.0,Ex,Y,SBrkr,963,829,3,Gd,1,Attchd,RFn,564.0,Y,96,2.5,231500
75.0,12192,CollgCr,2Story,7,2000,VinylSd,0.0,Gd,PConc,Gd,TA,No,GLQ,928.0,Ex,Y,SBrkr,928,895,3,Gd,0,Attchd,RFn,626.0,Y,228,3.5,235000
68.0,11250,CollgCr,2Story,7,2001,VinylSd,162.0,Gd,PConc,Gd,TA,Mn,GLQ,920.0,Ex,Y,SBrkr,920,866,3,Gd,1,Attchd,RFn,608.0,Y,42,3.5,223500
70.0,9200,CollgCr,1Story,5,1975,VinylSd,0.0,TA,CBlock,Gd,TA,Av,LwQ,938.0,TA,Y,SBrkr,938,0,3,TA,0,Detchd,Unf,308.0,Y,145,2.0,130250
65.0,8385,CollgCr,SLvl,5,1977,HdBoard,220.0,Gd,CBlock,Gd,Gd,Av,GLQ,985.0,TA,Y,SBrkr,985,0,3,TA,0,Attchd,Unf,328.0,Y,210,2.0,149900
70.0,12250,CollgCr,1Story,5,1978,HdBoard,180.0,TA,CBlock,Gd,TA,Mn,ALQ,864.0,Ex,Y,SBrkr,1174,0,3,TA,0,Attchd,Unf,528.0,Y,491,2.0,158000
70.0,10970,CollgCr,SLvl,6,1978,Plywood,0.0,TA,CBlock,Gd,Gd,Gd,GLQ,940.0,TA,Y,SBrkr,1026,0,3,TA,0,Detchd,Unf,576.0,Y,34,2.0,147000
70.0,9216,CollgCr,1Story,5,1975,HdBoard,176.0,TA,CBlock,TA,TA,Av,ALQ,1076.0,TA,Y,SBrkr,1076,0,3,TA,1,Detchd,Unf,576.0,Y,0,1.5,143195
40.0,14330,CollgCr,1Story,5,1975,Plywood,0.0,TA,CBlock,TA,TA,No,Rec,864.0,TA,Y,SBrkr,1558,0,2,TA,0,Attchd,Fin,440.0,Y,606,3.0,163000
88.0,7990,CollgCr,1Story,5,1975,HdBoard,0.0,TA,CBlock,Gd,TA,No,Unf,924.0,TA,Y,SBrkr,924,0,3,TA,0,Detchd,Unf,280.0,Y,0,1.0,110000
60.0,7180,CollgCr,1Story,5,1972,HdBoard,0.0,TA,CBlock,TA,TA,Av,ALQ,864.0,TA,Y,SBrkr,864,0,3,TA,0,Detchd,Unf,352.0,Y,0,1.0,127000
60.0,7200,CollgCr,1Story,5,1972,HdBoard,0.0,TA,CBlock,TA,TA,Av,ALQ,780.0,Ex,Y,SBrkr,780,0,2,TA,0,Detchd,Unf,352.0,Y,196,1.0,124900
75.0,9742,CollgCr,1Story,8,2002,VinylSd,281.0,Gd,PConc,Gd,TA,No,Unf,1777.0,Ex,Y,SBrkr,1795,0,3,Gd,1,Attchd,RFn,534.0,Y,330,2.0,230000
75.0,9473,CollgCr,2Story,8,2002,VinylSd,0.0,Gd,PConc,Gd,TA,No,GLQ,1128.0,Ex,Y,SBrkr,1128,903,3,Gd,1,Attchd,RFn,577.0,Y,211,3.5,237000
70.0,10316,CollgCr,2Story,7,2000,VinylSd,0.0,Gd,PConc,Gd,TA,No,GLQ,992.0,Ex,Y,SBrkr,992,873,3,Gd,1,Attchd,RFn,839.0,Y,184,3.5,235000
70.0,10400,CollgCr,2Story,7,2001,VinylSd,227.0,Gd,PConc,Gd,TA,No,Unf,1257.0,Ex,Y,SBrkr,1290,871,3,Gd,1,Attchd,RFn,570.0,Y,84,2.5,230500
73.0,9066,CollgCr,2Story,8,1999,VinylSd,320.0,Gd,PConc,Gd,TA,Mn,GLQ,1004.0,Ex,Y,SBrkr,1004,848,3,Gd,2,Attchd,Fin,660.0,Y,330,2.5,230000
75.0,11404,CollgCr,2Story,7,1998,VinylSd,202.0,Gd,PConc,Gd,TA,Av,ALQ,1153.0,Ex,Y,SBrkr,1153,878,3,Gd,1,Attchd,Fin,541.0,Y,276,2.5,222500
70.0,9240,CollgCr,2Story,8,2001,VinylSd,396.0,Gd,PConc,Gd,TA,No,Unf,1055.0,Ex,Y,SBrkr,1055,1208,3,Gd,1,BuiltIn,Fin,905.0,Y,234,2.5,287000
70.0,9720,CollgCr,2Story,9,2001,VinylSd,134.0,Gd,PConc,Gd,TA,Mn,GLQ,1357.0,Ex,Y,SBrkr,1366,581,3,Gd,1,BuiltIn,Fin,725.0,Y,284,3.5,274000
70.0,14860,CollgCr,1Story,8,2002,VinylSd,240.0,Gd,PConc,Ex,TA,Gd,GLQ,1778.0,Ex,Y,SBrkr,1786,0,3,Gd,1,Attchd,RFn,715.0,Y,217,3.0,300000
70.0,11250,CollgCr,2Story,8,2002,CemntBd,0.0,Gd,PConc,Gd,TA,Mn,Unf,1128.0,Ex,Y,SBrkr,1149,1141,4,Gd,1,Attchd,Unf,779.0,Y,0,2.5,255900
65.0,8158,CollgCr,2Story,7,2003,VinylSd,252.0,Gd,PConc,Gd,TA,No,GLQ,884.0,Ex,Y,SBrkr,884,884,3,Gd,0,Attchd,RFn,543.0,Y,63,3.5,224900
41.0,10905,CollgCr,2Story,7,2003,VinylSd,0.0,Gd,PConc,Gd,TA,No,Unf,1129.0,Ex,Y,SBrkr,1129,1198,4,Gd,1,BuiltIn,RFn,596.0,Y,57,2.5,240000
72.0,7226,CollgCr,2Story,7,2003,VinylSd,0.0,Gd,PConc,Gd,TA,No,Unf,798.0,Ex,Y,SBrkr,798,842,3,Gd,0,Attchd,RFn,595.0,Y,45,2.5,183000
96.0,11690,CollgCr,2Story,8,1999,VinylSd,192.0,Gd,PConc,Gd,TA,Av,Unf,850.0,Ex,Y,SBrkr,886,878,3,Gd,1,Attchd,Unf,560.0,Y,149,2.5,207000
70.0,8750,CollgCr,2Story,7,1994,VinylSd,0.0,Gd,PConc,Gd,TA,No,GLQ,915.0,Ex,Y,SBrkr,933,975,4,Gd,1,Attchd,Unf,493.0,Y,277,3.5,210000
37.0,4435,CollgCr,1Story,6,2003,VinylSd,170.0,Gd,PConc,Gd,TA,Av,GLQ,848.0,Ex,Y,SBrkr,848,0,1,Gd,0,Attchd,Fin,420.0,Y,140,2.0,136500
70.0,4426,CollgCr,1Story,6,2004,VinylSd,205.0,Gd,PConc,Gd,TA,Mn,GLQ,848.0,Ex,Y,SBrkr,848,0,1,Gd,0,Attchd,RFn,420.0,Y,140,2.0,145000
75.0,13125,CollgCr,1Story,6,1997,VinylSd,215.0,TA,PConc,Gd,TA,Gd,GLQ,1478.0,Ex,Y,SBrkr,1493,0,3,Gd,1,Attchd,Fin,508.0,Y,179,3.0,208900
83.0,10126,CollgCr,SFoyer,6,1997,VinylSd,0.0,TA,PConc,Gd,TA,Gd,GLQ,1838.0,Ex,Y,SBrkr,1838,0,2,TA,0,Attchd,Unf,721.0,Y,227,4.0,185000
70.0,9135,CollgCr,1Story,7,2002,VinylSd,113.0,Gd,PConc,Gd,TA,Av,GLQ,1536.0,Ex,Y,SBrkr,1536,0,3,Gd,0,Attchd,RFn,532.0,Y,266,3.0,214000
65.0,8450,CollgCr,2Story,7,2003,VinylSd,196.0,Gd,PConc,Gd,TA,No,GLQ,856.0,Ex,Y,SBrkr,856,854,3,Gd,0,Attchd,RFn,548.0,Y,61,3.5,208500
75.0,9750,CollgCr,1Story,7,2004,VinylSd,50.0,Gd,PConc,Gd,TA,Mn,GLQ,1445.0,Ex,Y,SBrkr,1445,0,3,Gd,0,Attchd,Unf,470.0,Y,35,2.0,186500
65.0,8450,CollgCr,1Story,7,2004,VinylSd,266.0,Gd,PConc,Gd,TA,Mn,GLQ,1436.0,Ex,Y,SBrkr,1436,0,3,Gd,0,Attchd,Unf,484.0,Y,237,3.0,210000
64.0,8320,CollgCr,2Story,7,2004,VinylSd,0.0,Gd,PConc,Gd,TA,No,GLQ,770.0,Ex,Y,SBrkr,770,812,3,Gd,0,Attchd,RFn,520.0,Y,45,2.5,185900
85.0,11049,CollgCr,1Story,8,2007,VinylSd,0.0,Gd,PConc,Ex,TA,Av,Unf,1234.0,Ex,Y,SBrkr,1234,0,3,Gd,0,Attchd,RFn,484.0,Y,30,2.0,179900
85.0,11058,CollgCr,1Story,7,2007,VinylSd,212.0,Gd,PConc,Gd,TA,No,GLQ,1564.0,Ex,Y,SBrkr,1564,0,3,Gd,0,Attchd,RFn,814.0,Y,24,2.0,218836
74.0,9627,CollgCr,1Story,7,2007,VinylSd,0.0,Gd,PConc,Gd,TA,Av,GLQ,1351.0,Ex,Y,SBrkr,1361,0,3,Gd,0,Attchd,RFn,610.0,Y,50,2.0,193000
63.0,8199,CollgCr,2Story,7,2005,WdShing,0.0,Gd,PConc,Gd,TA,Av,GLQ,728.0,Ex,Y,SBrkr,728,728,3,Gd,1,Attchd,Fin,410.0,Y,54,3.5,189000
70.0,4426,CollgCr,1Story,6,2004,VinylSd,147.0,Gd,PConc,Gd,TA,Av,GLQ,848.0,Ex,Y,SBrkr,848,0,1,Gd,1,Attchd,RFn,420.0,Y,149,2.0,149300
70.0,4426,CollgCr,1Story,6,2004,VinylSd,147.0,Gd,PConc,Gd,TA,Gd,GLQ,848.0,Ex,Y,SBrkr,848,0,1,Gd,1,Attchd,RFn,420.0,Y,149,2.0,141000
70.0,4438,CollgCr,1Story,6,2004,VinylSd,205.0,Gd,PConc,Gd,TA,Av,GLQ,848.0,Ex,Y,SBrkr,848,0,1,Gd,1,Attchd,RFn,420.0,Y,149,2.0,149000
70.0,4438,CollgCr,1Story,6,2004,VinylSd,169.0,Gd,PConc,Gd,TA,Gd,GLQ,848.0,Ex,Y,SBrkr,848,0,1,Gd,1,Attchd,Fin,420.0,Y,140,2.0,144500
67.0,8777,Edwards,1Story,5,1910,MetalSd,0.0,TA,CBlock,Fa,TA,No,Unf,796.0,Gd,Y,FuseA,796,0,2,TA,0,None,None,0.0,P,492,1.0,85000
67.0,8777,Edwards,1.5Fin,5,1900,MetalSd,0.0,TA,CBlock,TA,TA,No,ALQ,1272.0,Gd,Y,SBrkr,1272,928,4,TA,0,None,None,0.0,N,70,5.0,145900
75.0,9825,Edwards,1Story,5,1966,HdBoard,0.0,TA,CBlock,TA,TA,No,Rec,1092.0,TA,Y,SBrkr,1092,0,3,TA,0,Attchd,Unf,264.0,Y,420,1.0,123000
75.0,9937,Edwards,1Story,5,1965,HdBoard,0.0,Gd,CBlock,TA,TA,No,BLQ,1256.0,Gd,Y,SBrkr,1256,0,3,TA,0,Attchd,Fin,276.0,Y,804,2.5,147500
64.0,12102,Edwards,SFoyer,5,1976,HdBoard,222.0,TA,CBlock,Gd,Gd,Gd,ALQ,456.0,Ex,Y,SBrkr,1033,0,3,TA,0,BuiltIn,RFn,504.0,Y,224,1.5,165000
65.0,6500,Edwards,1Story,6,1976,HdBoard,84.0,TA,CBlock,TA,Ex,No,BLQ,1127.0,TA,Y,SBrkr,1127,0,3,TA,1,Detchd,Unf,480.0,Y,138,2.0,135000
63.0,13907,Edwards,1Story,5,1940,WdShing,0.0,TA,CBlock,TA,TA,No,BLQ,996.0,Ex,Y,SBrkr,996,0,3,TA,1,None,None,0.0,Y,144,2.0,108000
90.0,10012,Edwards,SFoyer,4,1972,Plywood,0.0,TA,CBlock,Gd,TA,Av,BLQ,1138.0,TA,Y,SBrkr,1181,0,3,TA,0,Detchd,RFn,588.0,Y,180,3.0,137500
60.0,6931,Edwards,2Story,7,2003,VinylSd,92.0,Gd,PConc,Gd,TA,No,Unf,746.0,Ex,Y,SBrkr,760,896,3,Gd,1,BuiltIn,Fin,397.0,Y,306,2.5,165400
64.0,9638,Edwards,SLvl,6,1977,Plywood,0.0,TA,CBlock,TA,TA,Av,ALQ,1029.0,TA,Y,SBrkr,1117,0,3,TA,1,Attchd,RFn,542.0,Y,292,2.0,147000
72.0,7200,Edwards,2Story,6,1976,Plywood,0.0,TA,CBlock,TA,TA,Av,ALQ,684.0,TA,Y,SBrkr,684,714,3,TA,1,Attchd,Fin,440.0,Y,0,1.5,160500
60.0,7024,Edwards,1Story,4,2005,VinylSd,0.0,TA,PConc,Gd,TA,No,GLQ,1132.0,Ex,Y,SBrkr,1132,0,2,Gd,0,Attchd,Fin,451.0,Y,316,2.5,176000
123.0,47007,Edwards,1Story,5,1959,Plywood,0.0,TA,Slab,None,None,None,None,0.0,TA,Y,SBrkr,3820,0,5,Ex,2,Attchd,Unf,624.0,Y,372,2.215726495726496,284700
35.0,3675,Edwards,SLvl,6,2005,VinylSd,80.0,TA,PConc,Gd,TA,Gd,GLQ,547.0,Ex,Y,SBrkr,1072,0,2,TA,0,Basment,RFn,525.0,Y,28,2.0,148000
65.0,6040,Edwards,1Story,4,1955,AsbShng,0.0,TA,PConc,None,None,None,None,0.0,TA,N,FuseP,1152,0,2,Fa,0,None,None,0.0,N,0,2.0,82000
65.0,6012,Edwards,1Story,4,1955,AsbShng,0.0,TA,PConc,None,None,None,None,0.0,TA,N,SBrkr,1152,0,2,TA,0,None,None,0.0,N,0,2.0,82000
92.0,12108,Edwards,1Story,4,1955,VinylSd,270.0,TA,CBlock,TA,TA,No,ALQ,1440.0,TA,N,FuseF,1440,0,4,Fa,0,None,None,0.0,Y,0,2.0,118000
74.0,6845,Edwards,1Story,4,1955,WdShing,58.0,TA,Slab,None,None,None,None,0.0,TA,N,FuseF,1152,0,2,TA,0,None,None,0.0,N,0,2.0,82500
56.0,6931,Edwards,1Story,4,1955,Wd Sdng,0.0,TA,CBlock,TA,TA,Av,ALQ,784.0,TA,N,FuseP,784,0,2,TA,0,None,None,0.0,Y,112,2.0,91900
60.0,12180,Edwards,1.5Fin,5,1938,Wd Sdng,0.0,TA,PConc,TA,TA,No,Unf,585.0,Gd,Y,FuseF,585,468,2,Ex,0,None,None,0.0,N,42,1.5,120000
57.0,8050,Edwards,1.5Fin,5,1947,MetalSd,0.0,TA,Slab,None,None,None,None,0.0,Gd,Y,SBrkr,929,208,4,TA,0,None,None,0.0,Y,0,1.5,96000
68.0,9520,Edwards,1Story,4,1953,MetalSd,115.0,TA,CBlock,Gd,TA,No,Rec,911.0,TA,Y,SBrkr,930,0,2,TA,0,Attchd,RFn,286.0,Y,134,1.0,99000
70.0,11767,Edwards,1.5Fin,5,1946,MetalSd,0.0,TA,CBlock,TA,TA,No,BLQ,768.0,Ex,Y,SBrkr,768,432,3,TA,0,Detchd,Unf,240.0,Y,0,1.0,130500
60.0,8172,Edwards,1.5Fin,4,1954,MetalSd,0.0,TA,PConc,TA,TA,No,Unf,941.0,Ex,Y,SBrkr,997,473,4,TA,0,Detchd,Unf,548.0,Y,156,2.0,135000
59.0,16466,Edwards,1.5Fin,5,1955,MetalSd,0.0,TA,PConc,TA,TA,No,Unf,816.0,TA,Y,SBrkr,872,521,3,TA,0,Attchd,Unf,300.0,Y,386,1.5,135500
62.0,7692,Edwards,SLvl,4,1954,Wd Sdng,0.0,TA,CBlock,Ex,TA,Av,Unf,416.0,Gd,Y,FuseA,1204,0,3,TA,0,Basment,Unf,312.0,Y,0,1.0,100000
67.0,5142,Edwards,1.5Fin,4,1923,Wd Sdng,0.0,TA,PConc,TA,TA,No,ALQ,949.0,TA,Y,SBrkr,949,343,3,Gd,0,Detchd,Unf,205.0,N,183,1.5,108000
67.0,5604,Edwards,1Story,5,1925,Stucco,0.0,TA,CBlock,TA,TA,No,Rec,864.0,TA,N,FuseA,864,0,2,TA,0,None,None,0.0,Y,96,2.0,98000
45.0,8248,Edwards,1Story,3,1914,Stucco,0.0,TA,BrkTil,TA,TA,No,BLQ,864.0,TA,N,FuseF,864,0,2,TA,0,None,None,0.0,N,100,2.0,67000
55.0,5687,SWISU,2Story,5,1912,VinylSd,0.0,TA,PConc,TA,Fa,No,Rec,780.0,Ex,N,SBrkr,936,780,6,Fa,0,None,None,0.0,N,184,3.0,135900
60.0,12155,SWISU,2Story,6,1925,Wd Sdng,0.0,TA,BrkTil,TA,TA,No,BLQ,672.0,TA,N,SBrkr,810,672,4,Fa,0,Detchd,Unf,400.0,P,254,2.0,140000
60.0,8400,SWISU,2.5Fin,5,1939,Wd Sdng,0.0,TA,PConc,TA,TA,No,LwQ,720.0,Ex,Y,SBrkr,1052,720,4,Gd,1,Detchd,Unf,240.0,Y,286,2.5,179500
60.0,8400,SWISU,1.5Fin,6,1925,MetalSd,0.0,TA,PConc,TA,TA,No,Rec,1181.0,Fa,Y,SBrkr,1390,304,4,TA,1,Detchd,Unf,576.0,Y,470,2.0,136500
60.0,7290,SWISU,1Story,7,1921,WdShing,174.0,TA,BrkTil,TA,TA,No,Unf,1228.0,Ex,Y,SBrkr,1424,0,2,TA,1,Attchd,Unf,312.0,Y,90,2.0,168000
55.0,8525,SWISU,2Story,5,1911,MetalSd,0.0,TA,PConc,TA,TA,Av,Unf,940.0,TA,N,FuseA,1024,940,4,TA,0,None,None,0.0,N,192,1.5,130000
51.0,9842,SWISU,2Story,5,1921,MetalSd,0.0,TA,BrkTil,TA,Fa,No,Unf,612.0,Ex,Y,SBrkr,990,1611,4,TA,0,BuiltIn,RFn,621.0,Y,484,3.5,189000
64.0,7804,SWISU,2.5Unf,6,1930,Stucco,0.0,TA,BrkTil,TA,TA,No,ALQ,960.0,Ex,Y,SBrkr,960,960,4,TA,2,Detchd,Unf,480.0,Y,369,5.0,161900
66.0,8969,Crawfor,2Story,6,1926,Wd Sdng,0.0,TA,BrkTil,TA,TA,No,BLQ,644.0,Ex,Y,SBrkr,672,644,2,TA,1,Detchd,Unf,369.0,P,192,2.0,145000
79.0,11526,Crawfor,2.5Fin,6,1922,MetalSd,0.0,TA,BrkTil,Ex,TA,No,Unf,588.0,Fa,Y,SBrkr,1423,748,3,TA,1,Detchd,Fin,672.0,Y,431,2.0,191000
63.0,15576,Crawfor,2Story,6,1915,Wd Sdng,0.0,TA,BrkTil,Gd,TA,No,Unf,840.0,Ex,Y,SBrkr,840,840,4,TA,0,Attchd,Unf,308.0,Y,160,2.0,177000
63.0,15564,Crawfor,1.5Fin,6,1914,Wd Sdng,0.0,TA,BrkTil,Gd,TA,No,Unf,676.0,Ex,Y,SBrkr,676,588,3,TA,0,Detchd,Unf,400.0,Y,424,1.0,147500
52.0,6292,SWISU,1Story,6,1930,Wd Sdng,0.0,TA,BrkTil,Gd,TA,Mn,Rec,768.0,TA,N,SBrkr,790,0,2,TA,0,Detchd,Unf,160.0,Y,141,1.0,91000
54.0,7609,Crawfor,2Story,8,1925,Stucco,0.0,Gd,PConc,Fa,TA,No,ALQ,798.0,Ex,Y,SBrkr,798,714,3,Gd,1,Detchd,Unf,180.0,P,142,3.0,231000
51.0,10480,SWISU,1.5Fin,6,1936,MetalSd,0.0,TA,BrkTil,TA,TA,No,Unf,1064.0,Ex,Y,FuseA,1166,0,3,TA,0,Detchd,Unf,240.0,Y,0,1.0,115000
70.0,9650,Crawfor,2Story,6,1923,Wd Sdng,0.0,TA,BrkTil,TA,TA,No,Unf,784.0,TA,Y,SBrkr,819,784,4,TA,1,Attchd,Unf,599.0,Y,217,1.0,138000
60.0,7200,Crawfor,2Story,7,1931,Stucco,0.0,TA,BrkTil,Gd,TA,No,Unf,776.0,TA,Y,SBrkr,851,651,3,TA,1,Attchd,RFn,270.0,P,112,1.5,149000
74.0,11988,Crawfor,2Story,6,1934,Stucco,0.0,TA,CBlock,TA,TA,No,LwQ,715.0,Fa,Y,FuseA,849,811,3,TA,1,Detchd,Unf,240.0,Y,0,1.5,188700
70.0,11700,Crawfor,1.5Fin,5,1937,WdShing,0.0,TA,CBlock,TA,TA,No,BLQ,942.0,Ex,Y,SBrkr,1265,673,4,Gd,1,Detchd,Unf,240.0,Y,40,2.0,198000
70.0,9260,Crawfor,1.5Fin,5,1938,Wd Sdng,0.0,TA,BrkTil,TA,TA,No,Unf,884.0,TA,Y,FuseF,932,442,3,TA,0,Detchd,Unf,225.0,Y,164,1.0,110000
79.0,7801,Crawfor,1Story,6,1951,WdShing,88.0,TA,PConc,TA,TA,No,Rec,1091.0,Fa,N,FuseA,1091,0,2,TA,1,Attchd,Fin,344.0,Y,392,1.5,104000
100.0,9670,Crawfor,2Story,8,1935,BrkFace,40.0,TA,PConc,TA,Fa,No,LwQ,608.0,TA,Y,SBrkr,983,890,4,TA,2,Detchd,Fin,786.0,Y,207,1.5,257076
70.0,14100,Crawfor,1.5Fin,8,1935,Stucco,632.0,TA,CBlock,TA,TA,Mn,Rec,728.0,Ex,Y,SBrkr,1968,1479,4,Gd,2,BuiltIn,Unf,1014.0,Y,326,3.5,381000
70.0,15660,Crawfor,1.5Fin,7,1939,VinylSd,312.0,Gd,CBlock,TA,TA,No,BLQ,798.0,Ex,Y,SBrkr,1137,817,3,Gd,2,Attchd,Unf,431.0,Y,269,2.0,311500
70.0,12392,Crawfor,1.5Fin,7,1950,VinylSd,0.0,TA,CBlock,TA,Gd,No,GLQ,832.0,Ex,Y,SBrkr,1218,943,3,Gd,2,Attchd,Fin,506.0,Y,96,3.5,263400
56.0,26073,Crawfor,1Story,5,1956,BrkFace,0.0,TA,PConc,TA,TA,No,Rec,1898.0,Ex,Y,FuseA,1898,0,3,TA,2,Attchd,Unf,484.0,Y,275,2.5,236500
70.0,14778,Crawfor,1Story,6,1954,HdBoard,72.0,Gd,CBlock,TA,TA,No,BLQ,1296.0,Ex,Y,SBrkr,1640,0,3,Gd,1,Detchd,Unf,924.0,Y,108,2.0,224000
24.0,1879,Blueste,2Story,6,1980,MetalSd,0.0,TA,CBlock,Gd,TA,No,GLQ,516.0,TA,Y,SBrkr,516,516,2,TA,1,Detchd,Unf,462.0,Y,213,1.0,116500
24.0,1950,Blueste,2Story,6,1980,MetalSd,0.0,TA,CBlock,Gd,TA,No,LwQ,716.0,TA,Y,SBrkr,716,840,3,TA,1,Attchd,Fin,452.0,Y,161,3.5,151000
50.0,7000,IDOTRR,1Story,6,1926,VinylSd,0.0,TA,BrkTil,TA,TA,No,Rec,894.0,TA,Y,SBrkr,919,0,2,TA,0,Detchd,Unf,195.0,P,116,2.0,126000
60.0,6000,IDOTRR,1.5Fin,6,1940,VinylSd,0.0,TA,CBlock,Fa,TA,No,Unf,720.0,Gd,Y,SBrkr,760,330,3,TA,0,Detchd,Unf,240.0,Y,0,1.0,120000
40.0,3636,IDOTRR,1Story,4,1922,AsbShng,0.0,TA,BrkTil,TA,Fa,No,Unf,796.0,Fa,N,SBrkr,796,0,2,TA,0,None,None,0.0,N,100,1.0,55000
60.0,5890,IDOTRR,1Story,6,1930,Wd Sdng,0.0,Gd,BrkTil,TA,TA,Av,ALQ,816.0,Ex,Y,SBrkr,816,0,2,TA,0,Detchd,Unf,432.0,Y,96,1.0,120500
71.0,6900,IDOTRR,1Story,5,1940,VinylSd,0.0,TA,CBlock,TA,TA,No,ALQ,740.0,Ex,Y,SBrkr,778,0,2,TA,1,Detchd,Fin,924.0,Y,25,1.0,120500
58.0,8155,IDOTRR,1.5Fin,5,1930,Wd Sdng,0.0,TA,CBlock,Gd,TA,No,Unf,780.0,Gd,Y,FuseA,780,420,4,TA,0,None,None,0.0,Y,96,1.0,119000
75.0,6000,IDOTRR,SLvl,5,1967,HdBoard,0.0,Fa,CBlock,Gd,TA,Mn,Rec,624.0,Ex,Y,SBrkr,1092,564,3,TA,1,Attchd,Unf,288.0,Y,280,1.5,126000
60.0,7392,IDOTRR,1Story,5,1930,Wd Sdng,0.0,TA,BrkTil,TA,TA,No,Unf,520.0,TA,Y,FuseA,912,0,2,TA,0,Detchd,RFn,360.0,Y,90,1.0,99500
75.0,9000,IDOTRR,1.5Fin,5,1958,WdShing,162.0,TA,CBlock,TA,TA,No,ALQ,1151.0,Gd,Y,FuseA,1151,804,4,TA,0,Attchd,Fin,356.0,Y,0,2.0,165500
80.0,14584,IDOTRR,1Story,1,1952,AsbShng,0.0,Fa,Slab,None,None,None,None,0.0,Po,N,FuseA,733,0,2,Fa,0,Attchd,Unf,487.0,N,0,1.0,13100
60.0,5280,IDOTRR,2Story,4,1895,Wd Sdng,0.0,TA,Stone,Po,Fa,No,Unf,173.0,Ex,N,SBrkr,825,536,2,TA,0,Detchd,Unf,185.0,Y,123,1.0,89000
50.0,8500,IDOTRR,2Story,4,1920,BrkFace,0.0,TA,BrkTil,TA,TA,No,Unf,649.0,TA,N,SBrkr,649,668,3,TA,0,Detchd,Unf,250.0,N,226,1.0,40000
52.0,5150,IDOTRR,1.5Fin,4,1910,Plywood,0.0,TA,PConc,Po,TA,No,Unf,356.0,TA,N,FuseA,671,378,2,TA,0,Detchd,Unf,195.0,N,0,1.0,80900
120.0,18000,IDOTRR,1Story,3,1935,MetalSd,0.0,Fa,CBlock,TA,TA,No,Unf,894.0,TA,Y,SBrkr,894,0,2,TA,0,Detchd,RFn,1248.0,Y,20,1.0,81000
60.0,9000,IDOTRR,2Story,4,1920,MetalSd,0.0,TA,Stone,Fa,Fa,Mn,Unf,592.0,Ex,Y,SBrkr,432,432,3,Fa,0,Detchd,Unf,216.0,N,190,1.5,65000
64.0,5587,Crawfor,1Story,8,2008,CemntBd,186.0,Ex,PConc,Ex,TA,Gd,GLQ,1600.0,Ex,Y,SBrkr,1652,0,2,Gd,1,Attchd,Fin,482.0,Y,215,3.5,392500
44.0,3843,Crawfor,1Story,8,2007,CemntBd,186.0,Ex,PConc,Ex,TA,Gd,GLQ,1596.0,Ex,Y,SBrkr,1648,0,2,Ex,1,Attchd,Fin,525.0,Y,215,3.5,294464
44.0,3811,Crawfor,1Story,7,2004,CemntBd,174.0,Gd,PConc,Ex,TA,Gd,GLQ,1594.0,Ex,Y,SBrkr,1646,0,2,Ex,1,Attchd,Fin,482.0,Y,336,3.5,250000
44.0,3842,Crawfor,1Story,8,2004,CemntBd,174.0,Gd,PConc,Ex,TA,Gd,GLQ,1594.0,Ex,Y,SBrkr,1646,0,2,Gd,1,Attchd,Fin,482.0,Y,336,3.5,275000
74.0,23730,Mitchel,1Story,7,1996,MetalSd,668.0,Gd,PConc,Ex,TA,Mn,GLQ,1840.0,Ex,Y,SBrkr,2032,0,3,Gd,0,Attchd,Fin,786.0,Y,238,4.0,300000
74.0,13265,Mitchel,1Story,8,2002,CemntBd,148.0,Gd,PConc,Gd,TA,No,GLQ,1568.0,Ex,Y,SBrkr,1689,0,3,Gd,2,Attchd,RFn,857.0,Y,209,3.0,271000
74.0,11050,Mitchel,2Story,7,1996,VinylSd,0.0,TA,PConc,Gd,TA,Mn,Unf,910.0,Ex,Y,SBrkr,910,910,3,Gd,1,Attchd,Unf,816.0,Y,350,2.5,213000
76.0,9880,Mitchel,SLvl,6,1977,Plywood,0.0,TA,CBlock,TA,TA,Av,ALQ,1096.0,TA,Y,SBrkr,1118,0,3,TA,1,Attchd,Fin,358.0,Y,203,2.0,171000
75.0,10125,Mitchel,1Story,6,1977,Plywood,0.0,TA,CBlock,TA,TA,No,ALQ,1196.0,TA,Y,SBrkr,1279,0,3,TA,2,Detchd,Unf,473.0,Y,321,2.5,171500
76.0,10260,Mitchel,2Story,5,1976,Plywood,0.0,TA,CBlock,None,None,None,None,0.0,TA,Y,SBrkr,936,936,4,TA,0,Attchd,Unf,484.0,Y,0,3.0,100000
74.0,9990,Mitchel,1Story,4,1991,HdBoard,0.0,TA,PConc,Gd,TA,No,ALQ,1680.0,Gd,Y,SBrkr,1689,0,3,TA,1,Attchd,Unf,432.0,Y,548,3.0,228500
82.0,164660,Timber,1.5Fin,5,1965,Plywood,0.0,TA,CBlock,TA,TA,Gd,ALQ,1499.0,Ex,Y,SBrkr,1619,167,3,TA,2,Attchd,Fin,529.0,Y,670,4.0,228950
42.0,4084,Timber,1Story,7,1986,VinylSd,340.0,Gd,CBlock,Gd,TA,Av,GLQ,1277.0,Gd,Y,SBrkr,1501,0,2,Gd,1,Attchd,Fin,512.0,Y,240,3.0,241500
82.0,15498,Timber,1Story,8,1976,Stone,0.0,Gd,CBlock,Gd,TA,Av,ALQ,1565.0,TA,Y,SBrkr,2898,0,2,Gd,1,Attchd,Fin,665.0,Y,246,3.0,287000
74.0,11563,Timber,1Story,8,2006,VinylSd,258.0,Gd,PConc,Ex,TA,Gd,GLQ,1518.0,Ex,Y,SBrkr,1537,0,3,Gd,0,Attchd,Fin,788.0,Y,26,3.0,294000
71.0,9520,Timber,1Story,8,2007,VinylSd,338.0,Gd,PConc,Gd,TA,Gd,GLQ,1638.0,Ex,Y,SBrkr,1646,0,3,Gd,1,Attchd,RFn,800.0,Y,236,3.0,293077
107.0,12852,Timber,2Story,8,2007,VinylSd,0.0,Gd,PConc,Gd,TA,Av,GLQ,920.0,Ex,Y,SBrkr,920,860,3,Gd,1,Attchd,Fin,612.0,Y,192,3.5,264966
73.0,9802,Timber,SLvl,5,2006,VinylSd,0.0,TA,PConc,Gd,TA,No,Unf,352.0,Gd,Y,SBrkr,712,730,3,TA,0,BuiltIn,Fin,400.0,Y,100,2.5,172500
73.0,9735,Timber,SLvl,5,2006,VinylSd,0.0,TA,PConc,Gd,TA,No,Unf,384.0,Gd,Y,SBrkr,754,640,3,Gd,0,BuiltIn,Fin,400.0,Y,100,2.5,167500
81.0,12018,Timber,2Story,7,2008,VinylSd,60.0,Gd,PConc,Gd,TA,Av,Unf,796.0,Ex,Y,SBrkr,796,816,3,Gd,0,Attchd,Fin,666.0,Y,64,2.5,218689
75.0,12890,Timber,1Story,6,1989,Wd Sdng,128.0,TA,CBlock,Gd,TA,No,Unf,1495.0,Ex,Y,SBrkr,1495,0,3,TA,1,Attchd,Unf,438.0,Y,444,2.0,150000
47.0,12416,Timber,1Story,6,1986,VinylSd,132.0,TA,CBlock,Gd,Fa,No,ALQ,1606.0,TA,Y,SBrkr,1651,0,3,TA,1,Attchd,Fin,616.0,Y,192,3.0,184000
93.0,18265,Timber,1Story,6,1986,Plywood,228.0,Gd,CBlock,Gd,Gd,Av,GLQ,1256.0,Ex,Y,SBrkr,1256,0,3,Gd,1,Attchd,Unf,578.0,Y,282,2.0,180000
85.0,10200,Timber,SLvl,6,1988,HdBoard,219.0,Gd,CBlock,Gd,TA,Av,GLQ,1461.0,Ex,Y,SBrkr,1509,0,3,Gd,1,Attchd,RFn,600.0,Y,224,3.0,175000
82.0,11202,Timber,1Story,8,2003,VinylSd,206.0,Gd,PConc,Ex,TA,Av,GLQ,1432.0,Ex,Y,SBrkr,1440,0,3,Gd,1,Attchd,Fin,467.0,Y,280,3.0,232500
82.0,7915,Timber,1Story,6,1999,VinylSd,0.0,Gd,PConc,Ex,TA,Mn,GLQ,1666.0,Ex,Y,SBrkr,1675,0,3,Gd,0,Attchd,RFn,435.0,Y,217,3.0,195000
85.0,12244,Timber,2Story,8,2003,VinylSd,226.0,Gd,PConc,Gd,TA,Gd,GLQ,1482.0,Ex,Y,SBrkr,1482,780,4,Gd,2,Attchd,Fin,749.0,Y,168,3.5,305000
79.0,11449,Timber,1Story,8,2007,VinylSd,0.0,Gd,PConc,Gd,TA,Av,GLQ,1884.0,Ex,Y,SBrkr,1728,0,3,Gd,1,Attchd,Fin,520.0,Y,276,3.0,298751
85.0,11447,Timber,1Story,8,2005,VinylSd,674.0,Gd,PConc,Ex,TA,Av,GLQ,1964.0,Ex,Y,SBrkr,1964,0,3,Gd,1,Attchd,Fin,892.0,Y,265,3.5,370000
97.0,8940,Mitchel,SFoyer,7,1997,VinylSd,200.0,TA,PConc,Gd,Gd,Gd,GLQ,1344.0,Ex,Y,SBrkr,1344,0,2,TA,0,Attchd,Fin,784.0,Y,0,4.0,209200
78.0,7060,Mitchel,SFoyer,7,1997,VinylSd,200.0,TA,PConc,Gd,Gd,Gd,GLQ,1344.0,Ex,Y,SBrkr,1344,0,2,TA,0,Attchd,Fin,784.0,Y,0,4.0,206300
77.0,9278,Mitchel,1Story,5,2007,VinylSd,0.0,TA,PConc,Gd,TA,No,Unf,1092.0,Ex,Y,SBrkr,1092,0,2,TA,0,None,None,0.0,Y,52,1.0,146000
32.0,4500,Mitchel,1Story,6,1997,VinylSd,197.0,TA,PConc,Ex,TA,No,GLQ,1189.0,Ex,Y,SBrkr,1189,0,2,TA,0,Attchd,RFn,392.0,Y,122,3.0,160500
150.0,14137,Mitchel,SFoyer,4,1964,HdBoard,98.0,TA,CBlock,Gd,TA,Av,ALQ,1200.0,Gd,Y,SBrkr,1200,0,3,TA,0,2Types,Fin,850.0,Y,290,2.0,173000
21.0,4224,MeadowV,1Story,5,1975,CemntBd,0.0,TA,PConc,Gd,TA,No,GLQ,1040.0,Gd,Y,SBrkr,1040,0,3,TA,0,Attchd,Unf,499.0,Y,100,1.0,124000
21.0,2665,MeadowV,2Story,5,1976,CemntBd,0.0,TA,PConc,Gd,TA,Mn,Unf,264.0,TA,Y,SBrkr,616,688,3,TA,1,BuiltIn,Fin,336.0,Y,165,1.5,115000
41.0,2665,MeadowV,2Story,5,1976,CemntBd,0.0,TA,PConc,Gd,TA,No,ALQ,550.0,TA,Y,SBrkr,925,550,4,TA,1,Attchd,Unf,336.0,Y,118,2.0,129500
21.0,1974,MeadowV,SFoyer,4,1973,CemntBd,0.0,TA,CBlock,Gd,TA,Av,GLQ,526.0,Gd,Y,SBrkr,526,462,2,TA,0,BuiltIn,RFn,297.0,Y,221,2.0,105000
21.0,1596,MeadowV,SLvl,4,1973,CemntBd,0.0,TA,CBlock,Gd,TA,Gd,GLQ,462.0,TA,Y,SBrkr,526,462,1,TA,1,BuiltIn,RFn,297.0,Y,101,2.0,94900
74.0,17979,Mitchel,1Story,5,1968,Plywood,0.0,TA,CBlock,TA,TA,No,ALQ,1113.0,Ex,Y,SBrkr,1160,0,3,Gd,0,Attchd,Unf,257.0,Y,81,2.0,152500
21.0,1477,MeadowV,2Story,6,1970,CemntBd,0.0,TA,CBlock,TA,TA,No,GLQ,546.0,Ex,Y,SBrkr,546,546,3,TA,0,None,None,0.0,Y,187,2.5,98000
21.0,1890,MeadowV,SFoyer,4,1972,CemntBd,0.0,TA,CBlock,Gd,TA,Av,ALQ,630.0,Gd,Y,SBrkr,630,0,1,TA,0,None,None,0.0,Y,88,2.0,81000
100.0,21750,Mitchel,1Story,5,1954,HdBoard,0.0,TA,CBlock,TA,TA,No,Unf,988.0,Ex,Y,FuseA,988,0,2,TA,0,Attchd,RFn,520.0,N,0,1.0,113000
59.0,6490,Mitchel,1Story,5,1983,VinylSd,0.0,TA,CBlock,TA,TA,No,GLQ,816.0,Ex,Y,SBrkr,816,0,2,TA,0,Attchd,Unf,264.0,Y,315,1.5,128500
37.0,6951,Mitchel,1Story,5,1984,HdBoard,0.0,TA,CBlock,TA,TA,No,ALQ,876.0,TA,Y,SBrkr,923,0,3,TA,0,Attchd,Unf,264.0,Y,362,2.0,119500
60.0,6600,Mitchel,1Story,5,1982,VinylSd,0.0,Gd,CBlock,TA,TA,No,ALQ,816.0,Ex,Y,SBrkr,816,0,3,Gd,1,Attchd,Unf,264.0,Y,0,1.5,130500
60.0,6600,Mitchel,1Story,5,1982,HdBoard,0.0,TA,PConc,TA,Gd,No,GLQ,816.0,Ex,Y,SBrkr,816,0,2,TA,0,Detchd,Fin,816.0,Y,0,2.0,138000
60.0,6600,Mitchel,1Story,5,1982,HdBoard,0.0,TA,CBlock,TA,TA,No,GLQ,845.0,Gd,Y,SBrkr,845,0,3,Gd,0,Attchd,Unf,264.0,Y,0,1.0,134500
75.0,12508,Mitchel,1.5Fin,6,1940,VinylSd,0.0,TA,CBlock,Gd,TA,Mn,ALQ,983.0,Ex,Y,SBrkr,983,767,4,TA,0,Attchd,Unf,423.0,Y,401,3.0,160000
74.0,12395,Mitchel,1Story,5,1984,HdBoard,0.0,TA,CBlock,TA,TA,No,ALQ,864.0,TA,Y,SBrkr,889,0,3,TA,0,Attchd,Unf,484.0,Y,0,1.0,137500
74.0,11075,Mitchel,2Story,5,1969,HdBoard,232.0,TA,CBlock,TA,TA,Av,ALQ,784.0,Ex,Y,SBrkr,1168,800,4,TA,1,Attchd,RFn,530.0,Y,494,3.0,172000
60.0,56600,IDOTRR,2.5Unf,5,1900,Wd Sdng,0.0,TA,BrkTil,TA,TA,No,Unf,686.0,Ex,Y,SBrkr,1150,686,4,TA,0,Detchd,Unf,288.0,N,0,2.0,103000
85.0,10667,NAmes,1Story,6,1971,MetalSd,302.0,TA,CBlock,TA,TA,No,BLQ,1587.0,TA,Y,SBrkr,1587,0,3,TA,1,Attchd,Unf,525.0,Y,44,2.0,167300
85.0,10628,NAmes,1Story,7,1970,Plywood,0.0,TA,CBlock,TA,Gd,Gd,GLQ,1277.0,TA,Y,SBrkr,1277,0,2,TA,1,Attchd,Unf,526.0,Y,176,2.0,167000
95.0,13651,NAmes,1Story,7,1973,Plywood,1115.0,TA,CBlock,Gd,TA,Gd,ALQ,2223.0,Ex,Y,SBrkr,2223,0,3,TA,2,Attchd,Fin,516.0,Y,300,3.0,244000
95.0,15865,NAmes,1Story,8,1970,Wd Sdng,0.0,Gd,PConc,TA,Gd,Gd,ALQ,2217.0,Ex,Y,SBrkr,2217,0,4,Gd,1,Attchd,Unf,621.0,Y,512,3.0,268000
64.0,12394,Gilbert,2Story,7,2003,VinylSd,0.0,Gd,PConc,Gd,TA,Gd,Unf,847.0,Ex,Y,SBrkr,847,886,3,Gd,1,BuiltIn,Fin,433.0,Y,148,2.5,225000
64.0,10364,Gilbert,2Story,6,1995,MetalSd,0.0,TA,PConc,Gd,TA,No,Unf,806.0,Gd,Y,SBrkr,806,766,3,TA,1,BuiltIn,Fin,373.0,Y,40,2.5,168000
64.0,13869,Gilbert,2Story,6,1997,VinylSd,0.0,TA,PConc,Gd,TA,Av,GLQ,794.0,Gd,Y,SBrkr,794,676,3,TA,0,Attchd,Fin,388.0,Y,75,2.5,177000
57.0,8773,Gilbert,2Story,6,1997,VinylSd,0.0,TA,PConc,Gd,TA,Av,Unf,916.0,Gd,Y,SBrkr,916,684,3,TA,1,Attchd,Fin,460.0,Y,138,2.5,169000
56.0,8872,Gilbert,SLvl,6,1997,VinylSd,0.0,TA,PConc,Gd,TA,No,Unf,384.0,Gd,Y,SBrkr,754,630,3,TA,1,BuiltIn,Fin,390.0,Y,0,2.5,161500
41.0,5330,StoneBr,1Story,8,2000,CemntBd,0.0,Gd,PConc,Gd,TA,Av,GLQ,1494.0,Ex,Y,SBrkr,1652,0,2,Ex,0,Attchd,RFn,499.0,Y,144,3.0,251000
64.0,10147,Gilbert,SLvl,6,1994,HdBoard,32.0,TA,PConc,Gd,TA,No,LwQ,392.0,Gd,Y,SBrkr,924,770,3,TA,1,BuiltIn,Fin,398.0,Y,320,2.5,160000
64.0,8637,Gilbert,2Story,6,1999,VinylSd,0.0,TA,PConc,Gd,TA,No,ALQ,923.0,Gd,Y,SBrkr,947,767,3,TA,1,Attchd,Fin,451.0,Y,304,3.5,180000
63.0,7875,Gilbert,2Story,7,1996,HdBoard,0.0,Gd,PConc,Gd,TA,No,Rec,691.0,Gd,Y,SBrkr,691,862,3,Gd,0,Attchd,Fin,420.0,Y,44,2.5,178750
63.0,7875,Gilbert,1Story,7,1995,HdBoard,38.0,TA,PConc,Gd,Gd,No,Unf,1237.0,Gd,Y,SBrkr,1253,0,3,TA,1,Attchd,Fin,402.0,Y,241,2.0,176000
60.0,7500,Gilbert,2Story,6,1999,VinylSd,0.0,TA,PConc,Gd,TA,No,Unf,938.0,Ex,Y,SBrkr,957,1342,5,TA,1,Attchd,Fin,482.0,Y,218,3.5,204000
64.0,9556,Gilbert,1Story,7,1992,HdBoard,52.0,TA,PConc,Gd,TA,No,Unf,1168.0,Gd,Y,SBrkr,1187,0,3,Gd,0,Attchd,RFn,420.0,Y,21,2.0,160000
64.0,10784,Gilbert,SLvl,7,1991,HdBoard,76.0,Gd,PConc,Gd,TA,No,Unf,384.0,Gd,Y,SBrkr,802,670,3,Gd,1,Attchd,RFn,402.0,Y,164,2.5,160000
64.0,9125,Gilbert,SLvl,7,1992,HdBoard,170.0,TA,PConc,Gd,TA,No,Unf,384.0,Gd,Y,SBrkr,812,670,3,Gd,1,Attchd,Fin,392.0,Y,125,2.5,163900
64.0,7655,Gilbert,2Story,6,1993,HdBoard,0.0,TA,PConc,Gd,TA,No,Unf,903.0,Gd,Y,SBrkr,910,732,3,TA,1,Attchd,RFn,392.0,Y,374,2.5,168000
160.0,18160,Gilbert,1Story,6,1964,HdBoard,138.0,TA,CBlock,TA,TA,Av,BLQ,1302.0,Fa,Y,SBrkr,1128,0,3,TA,1,Attchd,Unf,480.0,P,354,2.0,154204
60.0,3696,StoneBr,1Story,8,1986,HdBoard,0.0,Gd,CBlock,Gd,TA,No,Unf,1074.0,Ex,Y,SBrkr,1088,0,2,Gd,0,Attchd,RFn,461.0,Y,211,1.5,170000
60.0,5062,StoneBr,2Story,7,1984,HdBoard,0.0,Gd,CBlock,Gd,TA,Mn,GLQ,1190.0,Gd,Y,SBrkr,1190,900,3,Gd,1,Attchd,Fin,577.0,Y,219,3.0,207500
38.0,4740,StoneBr,1Story,8,1988,CemntBd,0.0,Gd,CBlock,Gd,TA,Gd,GLQ,1166.0,Gd,Y,SBrkr,1179,0,2,TA,0,Attchd,RFn,480.0,Y,243,3.0,182000
35.0,5118,StoneBr,1Story,8,1990,CemntBd,0.0,Gd,PConc,Gd,TA,Gd,GLQ,1312.0,Gd,Y,SBrkr,1321,0,1,Gd,1,Attchd,RFn,484.0,Y,204,2.0,212000
86.0,14157,StoneBr,1Story,9,2005,VinylSd,200.0,Gd,PConc,Ex,TA,Gd,GLQ,1922.0,Ex,Y,SBrkr,1922,0,3,Gd,1,Attchd,Fin,676.0,Y,229,3.0,377426
98.0,12328,StoneBr,2Story,8,2005,VinylSd,146.0,Gd,PConc,Ex,TA,Mn,GLQ,1149.0,Ex,Y,SBrkr,1164,1377,4,Ex,1,BuiltIn,Fin,729.0,Y,152,4.5,349265
52.0,51974,StoneBr,1Story,9,2006,VinylSd,710.0,Ex,PConc,Ex,TA,Av,GLQ,2660.0,Ex,Y,SBrkr,2338,0,4,Gd,2,Attchd,Fin,1110.0,Y,457,3.5,591587
195.0,41600,Gilbert,1Story,5,1969,HdBoard,0.0,TA,CBlock,Gd,TA,Gd,ALQ,1100.0,TA,Y,SBrkr,1424,0,3,TA,0,2Types,Unf,828.0,N,144,2.5,155000
61.0,8035,StoneBr,1Story,9,2006,MetalSd,165.0,Gd,PConc,Ex,TA,Gd,GLQ,1612.0,Ex,Y,SBrkr,1612,0,2,Ex,1,Attchd,Fin,556.0,Y,164,3.0,319900
60.0,8089,StoneBr,1Story,8,2007,MetalSd,0.0,Gd,PConc,Gd,TA,Av,GLQ,1419.0,Ex,Y,SBrkr,1419,0,2,Gd,1,Attchd,RFn,567.0,Y,140,3.0,392000
85.0,14082,StoneBr,1Story,8,2006,VinylSd,945.0,Gd,PConc,Ex,Gd,Gd,GLQ,2220.0,Ex,Y,SBrkr,2234,0,1,Gd,1,Attchd,RFn,724.0,Y,470,2.5,441929
81.0,13870,StoneBr,1Story,10,2006,CemntBd,250.0,Ex,PConc,Ex,TA,Gd,GLQ,1742.0,Ex,Y,SBrkr,2042,0,3,Ex,1,Attchd,Fin,724.0,Y,466,3.0,455000
80.0,12546,NWAmes,1Story,6,1981,MetalSd,310.0,Gd,CBlock,Gd,TA,No,BLQ,1440.0,Ex,Y,SBrkr,1440,0,3,Gd,1,Attchd,Fin,467.0,Y,99,2.0,182900
80.0,10960,NWAmes,1Story,6,1984,HdBoard,0.0,TA,CBlock,Gd,TA,No,GLQ,1284.0,TA,Y,SBrkr,1284,0,3,TA,0,Attchd,Unf,480.0,Y,192,3.0,174000
78.0,12090,NWAmes,SLvl,6,1984,VinylSd,74.0,TA,CBlock,Gd,TA,No,Unf,585.0,Ex,Y,SBrkr,1140,728,3,TA,1,BuiltIn,Fin,477.0,Y,527,3.5,178000
78.0,12090,NWAmes,2Story,7,1981,MetalSd,306.0,Gd,CBlock,Gd,TA,No,ALQ,725.0,Ex,Y,SBrkr,725,754,3,Gd,1,Attchd,RFn,484.0,Y,239,2.5,176000
93.0,12299,NWAmes,1Story,7,1978,Plywood,67.0,TA,CBlock,Gd,TA,No,GLQ,1529.0,TA,Y,SBrkr,1664,0,3,Gd,1,Attchd,Fin,663.0,Y,0,3.0,213000
61.0,11339,NWAmes,2Story,7,1979,HdBoard,549.0,TA,CBlock,Gd,TA,No,ALQ,780.0,TA,Y,SBrkr,1085,845,4,Gd,1,Attchd,Fin,481.0,Y,264,3.5,192000
92.0,11952,NWAmes,2Story,7,1977,WdShing,0.0,TA,CBlock,Gd,TA,No,Unf,808.0,TA,Y,SBrkr,1161,808,3,TA,1,Attchd,RFn,534.0,Y,276,2.5,190000
80.0,12046,NWAmes,2Story,6,1976,Plywood,298.0,TA,CBlock,TA,TA,No,LwQ,848.0,TA,Y,SBrkr,1118,912,4,Gd,1,Attchd,Fin,551.0,Y,224,2.5,195000
80.0,10395,NWAmes,SLvl,6,1978,HdBoard,233.0,TA,CBlock,Gd,TA,Av,ALQ,1032.0,TA,Y,SBrkr,1032,0,3,TA,1,Attchd,Unf,564.0,Y,0,2.5,148000
79.0,11850,NWAmes,1Story,6,1984,Plywood,98.0,TA,CBlock,Gd,TA,No,ALQ,1153.0,TA,Y,SBrkr,1177,0,3,Gd,0,Attchd,Fin,495.0,Y,307,2.0,151500
80.0,11584,NWAmes,SLvl,7,1979,HdBoard,96.0,TA,CBlock,TA,TA,No,GLQ,539.0,TA,Y,SBrkr,1040,685,3,TA,1,Attchd,RFn,550.0,Y,304,2.5,197000
80.0,10400,NWAmes,1Story,6,1979,MetalSd,253.0,TA,CBlock,Gd,TA,No,GLQ,1259.0,Ex,Y,SBrkr,1353,0,2,TA,1,Attchd,RFn,478.0,Y,381,3.0,192350
80.0,10793,NWAmes,2Story,5,1969,WdShing,263.0,TA,CBlock,TA,TA,No,Rec,780.0,Ex,Y,SBrkr,780,840,4,TA,0,Attchd,Fin,462.0,Y,208,2.5,152000
128.0,13001,NWAmes,1Story,6,1971,HdBoard,176.0,TA,CBlock,TA,TA,Mn,ALQ,1625.0,TA,Y,SBrkr,1220,0,2,TA,1,Attchd,Unf,944.0,Y,249,2.5,170000
70.0,12243,NWAmes,1Story,5,1971,Plywood,0.0,TA,CBlock,Gd,TA,Av,ALQ,1484.0,Gd,Y,SBrkr,1484,0,3,TA,1,Attchd,Unf,487.0,Y,404,2.0,175000
90.0,11700,NWAmes,2Story,6,1968,HdBoard,365.0,Gd,CBlock,TA,TA,No,ALQ,702.0,Gd,Y,SBrkr,1041,702,3,TA,1,Attchd,Unf,539.0,Y,224,2.5,175000
80.0,12384,NWAmes,2Story,7,1976,Plywood,233.0,TA,CBlock,Gd,TA,No,Unf,793.0,TA,Y,SBrkr,1142,793,3,TA,1,Attchd,RFn,550.0,Y,365,2.5,197900
64.0,8991,NWAmes,SLvl,7,1976,Plywood,130.0,TA,CBlock,Gd,TA,Gd,GLQ,1228.0,TA,Y,SBrkr,1324,0,3,Gd,1,Attchd,Fin,585.0,Y,443,2.5,174000
80.0,8000,NWAmes,2Story,6,1974,HdBoard,0.0,TA,CBlock,TA,TA,No,ALQ,1084.0,TA,Y,SBrkr,1084,793,4,TA,1,Attchd,Unf,488.0,Y,96,3.5,178900
70.0,10500,NAmes,SLvl,5,1971,MetalSd,82.0,TA,CBlock,TA,TA,Av,ALQ,372.0,TA,Y,SBrkr,576,533,3,TA,0,BuiltIn,Unf,288.0,Y,35,1.5,139000
73.0,10530,NAmes,1Story,6,1971,Plywood,0.0,TA,CBlock,TA,TA,No,ALQ,981.0,TA,Y,SBrkr,981,0,3,TA,0,Detchd,Unf,576.0,Y,352,2.5,143250
73.0,7472,NAmes,2Story,7,1972,HdBoard,138.0,TA,CBlock,TA,TA,No,ALQ,725.0,Gd,Y,SBrkr,725,754,4,Gd,0,Attchd,Fin,484.0,Y,32,2.5,184000
63.0,9457,NAmes,1Story,5,1970,MetalSd,0.0,TA,CBlock,TA,TA,No,ALQ,925.0,TA,Y,SBrkr,1422,0,3,TA,0,Detchd,Unf,576.0,Y,252,2.0,155000
66.0,7920,NAmes,1Story,5,1970,HdBoard,32.0,TA,CBlock,TA,TA,No,ALQ,914.0,Ex,Y,SBrkr,914,0,3,Ex,0,Attchd,RFn,368.0,Y,120,1.0,133000
61.0,9758,NAmes,1Story,5,1971,HdBoard,0.0,TA,CBlock,TA,TA,No,BLQ,950.0,TA,Y,SBrkr,950,0,3,TA,0,Detchd,Unf,280.0,Y,0,1.0,119500
70.0,8294,NAmes,1Story,4,1971,MetalSd,0.0,TA,CBlock,TA,TA,No,Unf,858.0,TA,Y,SBrkr,872,0,3,TA,0,Detchd,Unf,480.0,Y,0,1.0,123000
73.0,7340,NAmes,1Story,4,1971,HdBoard,0.0,TA,CBlock,TA,TA,No,ALQ,858.0,TA,Y,SBrkr,858,0,2,TA,0,Detchd,Unf,684.0,Y,0,1.0,110000
73.0,17199,NAmes,1Story,4,1961,MetalSd,0.0,TA,BrkTil,TA,TA,No,ALQ,914.0,Ex,Y,SBrkr,914,0,2,TA,0,Basment,Unf,270.0,Y,140,1.0,128000
60.0,9000,NAmes,1Story,4,1971,HdBoard,0.0,TA,PConc,TA,TA,No,ALQ,864.0,TA,Y,SBrkr,864,0,3,TA,0,Detchd,Unf,528.0,Y,0,1.0,120500
34.0,4058,NAmes,SFoyer,7,1998,MetalSd,182.0,TA,PConc,Gd,TA,Av,GLQ,723.0,Ex,Y,SBrkr,767,0,1,TA,0,Attchd,Fin,367.0,Y,160,2.0,133000
33.0,4113,NAmes,1Story,6,2001,MetalSd,0.0,Gd,PConc,Gd,TA,Mn,Unf,1337.0,Ex,Y,SBrkr,1337,0,2,Gd,1,Attchd,Fin,511.0,Y,204,2.0,155000
26.0,10943,NAmes,1Story,6,1997,MetalSd,0.0,Gd,PConc,Gd,TA,No,GLQ,1405.0,Ex,Y,SBrkr,1337,0,2,Gd,1,Attchd,Fin,522.0,Y,68,3.0,177000
21.0,2205,BrDale,2Story,6,1973,HdBoard,567.0,TA,CBlock,TA,TA,No,ALQ,525.0,TA,Y,SBrkr,525,567,3,TA,0,Detchd,Unf,264.0,Y,144,1.5,113500
21.0,1890,BrDale,2Story,6,1973,HdBoard,285.0,TA,CBlock,TA,TA,No,BLQ,672.0,TA,Y,SBrkr,672,546,3,TA,0,Detchd,Unf,264.0,Y,172,1.5,113000
21.0,2058,BrDale,2Story,6,1973,HdBoard,265.0,TA,CBlock,TA,TA,No,Unf,672.0,Ex,Y,SBrkr,672,546,4,Ex,0,Detchd,Unf,264.0,Y,28,1.5,113700
24.0,2016,BrDale,2Story,5,1970,HdBoard,304.0,TA,CBlock,TA,TA,No,Unf,630.0,TA,Y,SBrkr,630,672,3,TA,0,Detchd,Unf,440.0,Y,0,2.5,106000
24.0,1920,BrDale,2Story,5,1971,HdBoard,376.0,TA,CBlock,TA,TA,No,ALQ,765.0,Ex,Y,SBrkr,765,600,2,TA,0,Detchd,Unf,440.0,Y,276,2.5,122500
24.0,4928,NPkVill,1Story,6,1976,Plywood,0.0,TA,CBlock,Gd,TA,No,ALQ,1078.0,TA,Y,SBrkr,958,0,2,TA,1,Attchd,RFn,440.0,Y,205,2.0,128000
24.0,2308,NPkVill,2Story,6,1976,Plywood,0.0,TA,CBlock,Gd,TA,No,ALQ,804.0,TA,Y,SBrkr,804,744,3,Gd,1,Detchd,Unf,440.0,Y,48,3.5,155000
24.0,2304,NPkVill,1Story,7,1978,Plywood,0.0,TA,CBlock,Gd,TA,No,GLQ,1061.0,TA,Y,SBrkr,1055,0,2,TA,0,Attchd,Unf,319.0,Y,140,2.0,142500
65.0,7150,NAmes,1Story,5,1966,HdBoard,52.0,TA,CBlock,TA,TA,No,BLQ,988.0,TA,Y,SBrkr,988,0,3,TA,0,Detchd,Unf,360.0,Y,0,2.0,129250
96.0,12469,NridgHt,1Story,9,2006,VinylSd,378.0,Ex,PConc,Ex,TA,Gd,GLQ,1790.0,Ex,Y,SBrkr,1816,0,3,Ex,1,Attchd,Fin,730.0,Y,222,3.0,356000
90.0,11694,NridgHt,1Story,9,2007,CemntBd,452.0,Ex,PConc,Ex,TA,Av,GLQ,1822.0,Ex,Y,SBrkr,1828,0,3,Gd,1,Attchd,Unf,774.0,Y,368,2.0,314813
93.0,12030,NridgHt,1Story,8,2007,VinylSd,254.0,Ex,PConc,Ex,TA,No,Unf,1694.0,Ex,Y,SBrkr,1694,0,3,Gd,0,Attchd,Fin,818.0,Y,396,2.0,318000
91.0,11825,NridgHt,1Story,8,2006,CemntBd,302.0,Gd,PConc,Ex,TA,Mn,Unf,1694.0,Ex,Y,SBrkr,1694,0,3,Gd,1,Attchd,RFn,856.0,Y,112,2.0,322400
93.0,12085,NridgHt,1Story,8,2007,VinylSd,328.0,Gd,PConc,Ex,TA,No,GLQ,1734.0,Ex,Y,SBrkr,1734,0,3,Ex,1,Attchd,RFn,928.0,Y,0,3.0,318000
110.0,14333,NridgHt,1Story,8,2007,VinylSd,0.0,Gd,PConc,Gd,TA,Gd,GLQ,2108.0,Ex,Y,SBrkr,2122,0,2,Gd,1,Attchd,Fin,938.0,Y,272,3.5,345474
107.0,14450,NridgHt,1Story,9,2006,CemntBd,315.0,Ex,PConc,Ex,TA,Gd,Unf,2121.0,Ex,Y,SBrkr,2121,0,3,Ex,1,Attchd,Fin,732.0,Y,364,2.5,415298
107.0,13641,NridgHt,2Story,9,2007,CemntBd,456.0,Ex,PConc,Ex,TA,Gd,GLQ,1934.0,Ex,Y,SBrkr,1943,713,3,Ex,1,Attchd,RFn,1040.0,Y,326,3.5,492000
110.0,13440,NridgHt,2Story,8,2006,VinylSd,190.0,Gd,PConc,Ex,TA,No,Unf,1108.0,Ex,Y,SBrkr,1148,1402,4,Ex,1,BuiltIn,Fin,670.0,Y,159,2.5,338931
105.0,15431,NridgHt,1Story,10,2005,VinylSd,400.0,Ex,PConc,Ex,TA,Gd,GLQ,1994.0,Ex,Y,SBrkr,2046,0,2,Ex,2,Attchd,Fin,878.0,Y,428,3.5,450000
109.0,14154,NridgHt,2Story,7,2006,VinylSd,350.0,Gd,PConc,Ex,Gd,No,Unf,1063.0,Ex,Y,SBrkr,1071,1101,3,Gd,1,Attchd,RFn,947.0,Y,254,2.5,280000
107.0,13891,NridgHt,1Story,9,2007,VinylSd,456.0,Ex,PConc,Ex,TA,Gd,GLQ,2552.0,Ex,Y,SBrkr,2552,0,3,Ex,2,Attchd,Fin,932.0,Y,158,3.0,479069
110.0,14226,NridgHt,1Story,8,2006,VinylSd,375.0,Gd,PConc,Gd,TA,Av,Unf,1935.0,Gd,Y,SBrkr,1973,0,3,Gd,1,Attchd,Fin,895.0,Y,360,2.0,395000
105.0,13693,NridgHt,2Story,9,2006,VinylSd,772.0,Ex,PConc,Gd,TA,Av,Unf,2153.0,Ex,Y,SBrkr,2069,574,3,Ex,1,BuiltIn,Fin,694.0,Y,498,2.5,380000
98.0,11428,NridgHt,1Story,8,2006,VinylSd,248.0,Gd,PConc,Gd,TA,No,Unf,1626.0,Ex,Y,SBrkr,1634,0,3,Gd,1,Attchd,RFn,866.0,Y,44,2.0,250000
110.0,14977,NridgHt,1Story,8,2006,VinylSd,304.0,Gd,PConc,Ex,TA,Gd,GLQ,1976.0,Ex,Y,SBrkr,1976,0,2,Gd,1,Attchd,RFn,908.0,Y,313,3.0,440000
118.0,13654,NridgHt,2Story,9,2005,MetalSd,365.0,Gd,PConc,Ex,TA,Gd,Unf,1704.0,Ex,Y,SBrkr,1722,1036,4,Ex,1,BuiltIn,Fin,814.0,Y,337,2.5,418000
59.0,17169,NridgHt,1Story,10,2007,CemntBd,970.0,Ex,PConc,Ex,TA,Av,GLQ,2320.0,Ex,Y,SBrkr,2290,0,2,Ex,1,Attchd,Fin,1174.0,Y,222,4.5,500067
134.0,16659,NridgHt,2Story,8,2007,VinylSd,0.0,Gd,PConc,Gd,TA,No,Unf,1582.0,Ex,Y,SBrkr,1582,570,3,Gd,1,Detchd,Unf,728.0,Y,368,2.5,260116
76.0,9591,NridgHt,2Story,8,2004,VinylSd,344.0,Gd,PConc,Ex,TA,Av,Unf,1143.0,Ex,Y,SBrkr,1143,1330,4,Gd,1,BuiltIn,RFn,852.0,Y,343,2.5,317000
82.0,9709,NridgHt,2Story,8,2007,VinylSd,120.0,Ex,PConc,Ex,TA,Gd,GLQ,918.0,Ex,Y,SBrkr,958,1142,3,Ex,2,BuiltIn,Fin,786.0,Y,276,3.5,319500
86.0,10562,NridgHt,2Story,8,2007,VinylSd,300.0,Gd,PConc,Ex,TA,No,GLQ,1582.0,Ex,Y,SBrkr,1610,551,3,Ex,1,Attchd,Fin,789.0,Y,298,2.5,325624
94.0,13615,NridgHt,1Story,9,2006,MetalSd,510.0,Ex,PConc,Ex,TA,Gd,Unf,1802.0,Ex,Y,SBrkr,1802,0,3,Ex,1,Attchd,Fin,843.0,Y,263,2.5,372000
99.0,13069,NridgHt,2Story,8,2004,VinylSd,502.0,Gd,PConc,Gd,TA,Av,Unf,1706.0,Ex,Y,SBrkr,1718,1238,5,Ex,1,BuiltIn,RFn,916.0,Y,244,2.5,342000
99.0,12099,NridgHt,2Story,8,2004,VinylSd,388.0,Gd,PConc,Ex,TA,Av,GLQ,1136.0,Ex,Y,SBrkr,1136,1332,4,Gd,1,BuiltIn,Fin,872.0,Y,338,3.5,354000
110.0,14277,NridgHt,2Story,8,2003,VinylSd,280.0,Gd,PConc,Ex,TA,Mn,GLQ,1317.0,Ex,Y,SBrkr,1217,1168,3,Gd,1,Attchd,Fin,818.0,Y,420,3.5,350000
93.0,11999,NridgHt,2Story,8,2003,VinylSd,340.0,Gd,PConc,Gd,TA,No,Unf,1181.0,Ex,Y,SBrkr,1234,1140,4,Ex,1,BuiltIn,Fin,656.0,Y,204,2.5,285000
92.0,12568,NridgHt,2Story,8,2007,VinylSd,246.0,Gd,PConc,Ex,TA,Av,GLQ,895.0,Ex,Y,SBrkr,895,923,3,Ex,1,Attchd,Fin,774.0,Y,300,3.5,281500
70.0,9926,NridgHt,1Story,7,2005,VinylSd,210.0,Gd,PConc,Gd,TA,Mn,GLQ,1614.0,Ex,Y,SBrkr,1614,0,3,Gd,0,Attchd,RFn,878.0,Y,138,3.0,245700
71.0,9254,NridgHt,1Story,8,2005,VinylSd,210.0,Gd,PConc,Gd,TA,No,GLQ,1721.0,Ex,Y,SBrkr,1721,0,3,Gd,0,Attchd,RFn,554.0,Y,195,3.0,232698
92.0,10732,NridgHt,2Story,8,2006,VinylSd,0.0,Gd,PConc,Gd,TA,No,Unf,1298.0,Ex,Y,SBrkr,1298,530,3,Gd,0,BuiltIn,RFn,876.0,Y,40,2.5,250000
61.0,7577,NridgHt,1Story,6,2005,VinylSd,256.0,Gd,PConc,Gd,TA,Av,ALQ,1362.0,Ex,Y,SBrkr,1362,0,2,Gd,1,Attchd,RFn,460.0,Y,220,2.0,194700
34.0,3901,NridgHt,1Story,6,2005,VinylSd,182.0,Gd,PConc,Gd,TA,Av,ALQ,1302.0,Ex,Y,SBrkr,1302,0,1,Gd,1,Attchd,RFn,631.0,Y,160,2.5,204000
34.0,3903,NridgHt,1Story,6,2005,VinylSd,182.0,Gd,PConc,Gd,TA,Av,ALQ,1302.0,Ex,Y,SBrkr,1302,0,1,Gd,1,Attchd,RFn,631.0,Y,160,2.5,200000
41.0,6289,NridgHt,1Story,6,2005,VinylSd,256.0,Gd,PConc,Gd,TA,Av,ALQ,1362.0,Ex,Y,SBrkr,1362,0,2,Gd,1,Attchd,RFn,460.0,Y,220,3.0,207000
34.0,4590,NridgHt,1Story,8,2006,VinylSd,108.0,Gd,PConc,Gd,Gd,Mn,GLQ,1554.0,Ex,Y,SBrkr,1554,0,2,Gd,1,Attchd,RFn,627.0,Y,229,2.0,209500
34.0,4590,NridgHt,1Story,8,2006,VinylSd,108.0,Gd,PConc,Gd,Gd,Mn,GLQ,1554.0,Ex,Y,SBrkr,1554,0,2,Gd,1,Attchd,RFn,627.0,Y,229,2.0,209500
44.0,6442,NridgHt,1Story,8,2006,VinylSd,178.0,Gd,PConc,Gd,Gd,Mn,GLQ,1370.0,Ex,Y,SBrkr,1370,0,2,Gd,1,Attchd,RFn,484.0,Y,169,2.0,202500
48.0,7841,NridgHt,1Story,9,2005,MetalSd,394.0,Ex,PConc,Ex,TA,No,GLQ,1577.0,Ex,Y,SBrkr,1577,0,2,Ex,1,Attchd,RFn,564.0,Y,242,3.0,280000
60.0,7313,NridgHt,1Story,9,2005,MetalSd,246.0,Ex,PConc,Ex,TA,No,GLQ,1561.0,Ex,Y,SBrkr,1561,0,2,Ex,1,Attchd,Fin,556.0,Y,250,3.0,277500
68.0,7820,NridgHt,1Story,9,2007,MetalSd,362.0,Ex,PConc,Ex,TA,No,Unf,1869.0,Ex,Y,SBrkr,1869,0,2,Ex,1,Attchd,RFn,617.0,Y,264,2.0,318061
48.0,6240,NridgHt,1Story,8,2006,MetalSd,176.0,Gd,PConc,Gd,TA,No,GLQ,1324.0,Ex,Y,SBrkr,1324,0,2,Gd,1,Attchd,Fin,550.0,Y,38,2.0,221370
48.0,3242,NridgHt,1Story,7,2003,VinylSd,235.0,Gd,PConc,Gd,TA,No,GLQ,1405.0,Ex,Y,SBrkr,1405,0,2,Gd,1,Attchd,RFn,478.0,Y,172,3.0,200000
59.0,15810,Gilbert,2Story,6,2007,VinylSd,0.0,Gd,CBlock,Gd,TA,No,Unf,768.0,Ex,Y,SBrkr,768,728,3,Gd,0,Attchd,Unf,572.0,Y,100,3.0,181755
65.0,10237,Gilbert,2Story,6,2005,VinylSd,0.0,Gd,PConc,Gd,TA,No,Unf,768.0,Ex,Y,SBrkr,768,768,3,Gd,1,Attchd,Fin,400.0,Y,138,2.5,176000
65.0,10237,Gilbert,2Story,6,2005,VinylSd,0.0,Gd,PConc,Gd,TA,No,Unf,783.0,Ex,Y,SBrkr,783,701,3,Gd,1,Attchd,Fin,393.0,Y,72,2.5,178900
58.0,13204,Gilbert,2Story,7,2006,VinylSd,44.0,TA,PConc,Gd,TA,No,Unf,608.0,Ex,Y,SBrkr,608,850,3,Gd,0,BuiltIn,Fin,454.0,Y,133,2.0,168165
62.0,8857,Gilbert,2Story,6,2006,VinylSd,0.0,Gd,PConc,Gd,TA,No,Unf,738.0,Ex,Y,SBrkr,738,757,3,Gd,1,Attchd,RFn,440.0,Y,130,2.5,171925
63.0,9729,Gilbert,2Story,6,2006,VinylSd,0.0,Gd,PConc,Gd,TA,No,Unf,698.0,Ex,Y,SBrkr,698,1048,3,Gd,1,BuiltIn,Unf,350.0,Y,34,3.5,198444
88.0,12216,Gilbert,1Story,6,2005,VinylSd,0.0,TA,PConc,Gd,TA,Av,GLQ,1326.0,Ex,Y,SBrkr,1326,0,3,Gd,0,Attchd,Fin,388.0,Y,143,3.0,203000
65.0,9018,Gilbert,2Story,7,2007,VinylSd,0.0,Gd,PConc,Gd,TA,Av,Unf,728.0,Ex,Y,SBrkr,728,728,3,Gd,1,Attchd,Fin,400.0,Y,124,2.5,179540
73.0,8993,Gilbert,1Story,7,2007,VinylSd,0.0,Gd,PConc,Gd,TA,Av,Unf,1302.0,Ex,Y,SBrkr,1302,0,3,Gd,0,Attchd,Fin,436.0,Y,22,2.0,176485
73.0,8899,Gilbert,1Story,7,2007,VinylSd,0.0,Gd,PConc,Gd,TA,Av,GLQ,1340.0,Ex,Y,SBrkr,1340,0,3,Gd,0,Attchd,Fin,396.0,Y,130,2.0,181134
73.0,8499,Gilbert,2Story,6,2006,VinylSd,0.0,TA,PConc,Gd,TA,No,Unf,616.0,Ex,Y,SBrkr,616,796,3,Gd,1,BuiltIn,Fin,432.0,Y,36,2.5,156932
72.0,8229,Gilbert,2Story,6,2007,VinylSd,22.0,Gd,PConc,Gd,TA,Av,Unf,752.0,Ex,Y,SBrkr,752,752,3,Gd,0,Attchd,Fin,440.0,Y,132,2.5,166000
64.0,7713,Gilbert,2Story,7,2007,VinylSd,16.0,Gd,PConc,Gd,TA,No,Unf,728.0,Ex,Y,SBrkr,728,728,3,Gd,0,Attchd,Fin,400.0,Y,124,2.5,177594
64.0,7697,Gilbert,1Story,7,2007,VinylSd,0.0,Gd,PConc,Gd,TA,No,Unf,1246.0,Ex,Y,SBrkr,1258,0,3,Gd,0,Attchd,RFn,462.0,Y,0,2.0,173500
53.0,3922,Blmngtn,1Story,7,2006,WdShing,72.0,Gd,PConc,Ex,TA,Av,Unf,1258.0,Ex,Y,SBrkr,1258,0,2,Gd,1,Attchd,Fin,648.0,Y,160,2.0,172500
53.0,3922,Blmngtn,1Story,7,2006,VinylSd,72.0,Gd,PConc,Ex,TA,Av,Unf,1258.0,Ex,Y,SBrkr,1402,0,2,Gd,1,Attchd,Fin,648.0,Y,136,2.0,194201
43.0,3621,Blmngtn,1Story,8,2003,VinylSd,72.0,Gd,PConc,Gd,TA,Gd,GLQ,1406.0,Ex,Y,SBrkr,1589,0,2,Gd,1,Attchd,Fin,630.0,Y,163,3.0,226500
53.0,3710,Blmngtn,1Story,7,2007,VinylSd,16.0,Gd,PConc,Gd,TA,Av,Unf,1266.0,Ex,Y,SBrkr,1266,0,2,Gd,1,Attchd,Fin,388.0,Y,116,2.0,185485
182.0,14572,Gilbert,1Story,7,2004,VinylSd,0.0,Gd,PConc,Gd,TA,Av,GLQ,1530.0,Ex,Y,SBrkr,1530,0,3,Gd,1,Attchd,Fin,630.0,Y,180,3.0,259000
65.0,16219,Gilbert,SLvl,7,2004,VinylSd,0.0,Gd,PConc,Gd,TA,Gd,GLQ,835.0,Ex,Y,SBrkr,1119,0,2,Gd,0,Attchd,Fin,437.0,Y,124,3.0,188500
87.0,11084,Gilbert,SLvl,7,2004,VinylSd,0.0,Gd,PConc,Gd,TA,No,GLQ,384.0,Ex,Y,SBrkr,744,630,3,Gd,1,BuiltIn,Fin,400.0,Y,100,3.5,175000
59.0,11796,Gilbert,2Story,7,2004,VinylSd,0.0,Gd,PConc,Gd,TA,Av,Unf,847.0,Ex,Y,SBrkr,847,1112,4,Gd,1,BuiltIn,Fin,434.0,Y,148,2.5,215000
59.0,10936,Gilbert,1Story,7,2006,VinylSd,0.0,Gd,PConc,Gd,TA,Av,Unf,1510.0,Ex,Y,SBrkr,1525,0,3,Gd,1,Attchd,RFn,534.0,Y,118,2.5,206580
62.0,8244,Gilbert,2Story,7,2004,VinylSd,0.0,Gd,PConc,Gd,TA,No,Unf,840.0,Ex,Y,SBrkr,840,880,3,Gd,1,Attchd,Fin,440.0,Y,148,2.5,183500
64.0,11950,Gilbert,SLvl,7,2003,VinylSd,0.0,Gd,PConc,Gd,TA,No,Unf,384.0,Ex,Y,SBrkr,754,640,3,Gd,1,BuiltIn,Fin,400.0,Y,100,2.5,165500
63.0,7875,Gilbert,2Story,7,2003,VinylSd,16.0,Gd,PConc,Gd,TA,No,Unf,847.0,Ex,Y,SBrkr,847,1101,4,Gd,1,BuiltIn,Fin,434.0,Y,48,2.5,211000
64.0,8063,Gilbert,2Story,6,2000,VinylSd,0.0,TA,PConc,Gd,TA,No,Unf,924.0,Ex,Y,SBrkr,948,742,3,TA,1,Attchd,RFn,463.0,Y,148,2.5,181000
64.0,8740,Gilbert,2Story,7,2002,VinylSd,0.0,Gd,PConc,Gd,TA,No,GLQ,854.0,Ex,Y,SBrkr,864,1131,4,Gd,1,BuiltIn,Fin,435.0,Y,312,2.5,219500
62.0,7917,Gilbert,2Story,6,1999,VinylSd,0.0,TA,PConc,Gd,TA,No,Unf,953.0,Ex,Y,SBrkr,953,694,3,TA,1,Attchd,RFn,460.0,Y,40,2.5,175000
76.0,9967,Gilbert,SLvl,7,2000,VinylSd,0.0,TA,PConc,Gd,TA,No,Unf,384.0,Ex,Y,SBrkr,774,656,3,TA,1,BuiltIn,RFn,400.0,Y,100,2.5,170000
64.0,7750,Gilbert,2Story,7,2003,VinylSd,0.0,Gd,PConc,Gd,TA,No,Unf,660.0,Ex,Y,SBrkr,660,660,3,Gd,0,Attchd,Fin,400.0,Y,48,2.5,162000
58.0,9487,Gilbert,2Story,6,2000,VinylSd,0.0,TA,PConc,Gd,TA,No,GLQ,915.0,Ex,Y,SBrkr,940,750,3,TA,1,Attchd,RFn,442.0,Y,50,3.5,187000
59.0,9649,Gilbert,2Story,6,1999,VinylSd,0.0,TA,PConc,Gd,TA,No,Unf,941.0,Ex,Y,SBrkr,961,683,3,TA,1,Attchd,RFn,460.0,Y,502,2.5,185000
160.0,15623,NoRidge,2Story,10,1996,Wd Sdng,0.0,Gd,PConc,Ex,TA,Av,GLQ,2396.0,Ex,Y,SBrkr,2411,2065,4,Ex,2,Attchd,Fin,813.0,Y,249,4.5,745000
100.0,12191,NoRidge,2Story,8,1997,VinylSd,515.0,Gd,PConc,Gd,TA,Av,GLQ,1779.0,Ex,Y,SBrkr,1779,772,4,Gd,2,Attchd,Fin,925.0,Y,137,3.5,384500
89.0,11000,NoRidge,2Story,8,2000,VinylSd,72.0,Gd,PConc,Gd,TA,No,Unf,969.0,Ex,Y,SBrkr,997,1288,4,Gd,1,BuiltIn,Fin,648.0,Y,56,2.5,248000
89.0,11400,NoRidge,1Story,10,2001,VinylSd,705.0,Ex,PConc,Ex,TA,Gd,GLQ,2633.0,Ex,Y,SBrkr,2633,0,2,Ex,2,Attchd,RFn,804.0,Y,454,3.5,466500
89.0,10557,NoRidge,2Story,9,1998,MetalSd,422.0,Gd,PConc,Ex,TA,Gd,GLQ,1408.0,Ex,Y,SBrkr,1671,1407,4,Gd,1,Attchd,Fin,806.0,Y,195,3.5,410000
74.0,11002,NoRidge,2Story,8,1998,VinylSd,0.0,Gd,PConc,Gd,TA,No,GLQ,1389.0,Ex,Y,SBrkr,1411,1171,4,Gd,1,Attchd,Fin,758.0,Y,346,3.5,322500
83.0,10790,NoRidge,2Story,7,1998,VinylSd,275.0,Gd,PConc,Gd,TA,No,Unf,1066.0,Ex,Y,SBrkr,1108,1277,4,Gd,1,BuiltIn,Fin,600.0,Y,158,2.5,252000
104.0,21535,NoRidge,2Story,10,1994,HdBoard,1170.0,Ex,PConc,Ex,TA,Gd,GLQ,2444.0,Ex,Y,SBrkr,2444,1872,4,Ex,2,Attchd,Fin,832.0,Y,432,4.0,755000
92.0,9920,NoRidge,2Story,7,1996,MetalSd,0.0,Gd,PConc,Gd,TA,Av,GLQ,1117.0,Ex,Y,SBrkr,1127,886,3,TA,1,Attchd,Unf,455.0,Y,310,3.5,269790
95.0,11787,NoRidge,2Story,7,1996,VinylSd,594.0,Gd,PConc,Gd,TA,No,GLQ,1379.0,Ex,Y,SBrkr,1383,1015,3,Gd,1,Attchd,Fin,834.0,Y,299,3.5,315750
82.0,9950,NoRidge,2Story,7,1995,VinylSd,290.0,Gd,PConc,Gd,TA,No,GLQ,1203.0,Ex,Y,SBrkr,1214,1306,4,Gd,1,Attchd,RFn,721.0,Y,338,2.5,290000
65.0,12257,NoRidge,2Story,8,1995,VinylSd,513.0,Gd,PConc,Gd,TA,Av,LwQ,1318.0,Ex,Y,SBrkr,1328,1203,4,Gd,1,Attchd,RFn,752.0,Y,320,2.5,290000
89.0,12692,NoRidge,1Story,8,1992,BrkFace,0.0,Gd,PConc,Gd,TA,No,GLQ,3200.0,Ex,Y,SBrkr,3228,0,4,Gd,1,Attchd,RFn,546.0,Y,630,4.0,430000
88.0,11762,NoRidge,2Story,8,1992,VinylSd,309.0,Gd,PConc,Ex,TA,No,GLQ,1105.0,Ex,Y,SBrkr,1105,1097,4,Gd,1,Attchd,RFn,517.0,Y,209,3.5,263000
82.0,9044,NoRidge,2Story,8,1996,VinylSd,526.0,Gd,PConc,Gd,TA,No,GLQ,1325.0,Ex,Y,SBrkr,1335,1203,4,Gd,1,Attchd,RFn,933.0,Y,290,2.5,330000
75.0,9910,Somerst,1Story,7,2007,VinylSd,0.0,Gd,PConc,Gd,TA,No,Unf,1369.0,Ex,Y,SBrkr,1369,0,3,Gd,0,Attchd,Unf,605.0,Y,203,2.0,213133
91.0,11830,Somerst,1Story,8,2007,VinylSd,164.0,Gd,PConc,Gd,TA,No,GLQ,1542.0,Ex,Y,SBrkr,1542,0,3,Gd,1,Attchd,Unf,852.0,Y,278,3.0,260261
84.0,11670,Somerst,1Story,9,2006,VinylSd,302.0,Ex,PConc,Ex,Gd,No,Unf,1905.0,Ex,Y,SBrkr,1905,0,3,Ex,1,Attchd,Fin,788.0,Y,191,2.0,320000
49.0,15256,Somerst,1Story,8,2007,VinylSd,84.0,Gd,PConc,Gd,TA,Gd,GLQ,1485.0,Ex,Y,SBrkr,1464,0,3,Gd,0,Attchd,Unf,754.0,Y,328,3.0,282922
76.0,10612,Somerst,1Story,8,2006,VinylSd,248.0,Gd,PConc,Gd,TA,Mn,GLQ,1524.0,Gd,Y,SBrkr,1534,0,3,Gd,1,Attchd,Fin,484.0,Y,214,2.0,215000
98.0,12291,Somerst,1Story,10,2007,CemntBd,754.0,Ex,PConc,Ex,TA,Av,GLQ,1966.0,Ex,Y,SBrkr,1966,0,1,Ex,1,Attchd,Fin,1092.0,Y,128,3.0,419005
116.0,13501,Somerst,1Story,8,2006,VinylSd,208.0,Gd,PConc,Gd,TA,No,GLQ,1623.0,Ex,Y,SBrkr,1636,0,3,Gd,1,Attchd,RFn,865.0,Y,60,3.0,255000
75.0,9986,Somerst,1Story,8,2006,VinylSd,428.0,Gd,PConc,Ex,TA,Av,Unf,1795.0,Ex,Y,SBrkr,1795,0,2,Gd,1,Attchd,RFn,895.0,Y,49,2.0,147000
85.0,9965,Somerst,1Story,7,2007,VinylSd,0.0,Gd,PConc,Gd,TA,No,Unf,1528.0,Ex,Y,SBrkr,1528,0,3,Gd,1,Attchd,Unf,480.0,Y,228,4.0,235876
79.0,9416,Somerst,1Story,7,2007,CemntBd,205.0,Ex,PConc,Ex,TA,No,GLQ,1726.0,Ex,Y,SBrkr,1726,0,3,Ex,1,Attchd,Fin,786.0,Y,575,3.0,311872
83.0,9849,Somerst,1Story,7,2007,VinylSd,0.0,Gd,PConc,Gd,TA,Av,Unf,1689.0,Ex,Y,SBrkr,1689,0,3,Gd,0,Attchd,RFn,954.0,Y,56,2.0,248328
85.0,10000,Somerst,1Story,8,2006,VinylSd,410.0,Gd,PConc,Gd,Gd,Av,Unf,1588.0,Ex,Y,SBrkr,1588,0,3,Gd,1,Attchd,RFn,825.0,Y,189,2.0,227000
74.0,8847,Somerst,1Story,8,2005,VinylSd,148.0,Gd,PConc,Gd,TA,Av,GLQ,1538.0,Ex,Y,SBrkr,1538,0,3,Gd,0,Attchd,RFn,484.0,Y,186,3.0,260000
76.0,9158,Somerst,1Story,8,2007,CemntBd,140.0,Gd,PConc,Gd,TA,Av,Unf,1496.0,Ex,Y,SBrkr,1496,0,3,Gd,0,Attchd,Fin,474.0,Y,298,2.0,225000
70.0,8251,Somerst,1Story,7,2005,VinylSd,143.0,Gd,PConc,Gd,Gd,Av,GLQ,1494.0,Ex,Y,SBrkr,1506,0,3,Gd,1,Attchd,RFn,672.0,Y,227,3.0,249000
75.0,10084,Somerst,1Story,8,2004,VinylSd,186.0,Gd,PConc,Ex,TA,Av,GLQ,1686.0,Ex,Y,SBrkr,1694,0,3,Gd,1,Attchd,RFn,636.0,Y,312,3.0,307000
70.0,9605,Somerst,2Story,7,2006,VinylSd,0.0,Gd,PConc,Gd,TA,No,Unf,982.0,Ex,Y,SBrkr,982,995,3,Gd,0,Attchd,RFn,574.0,Y,293,2.5,250000
75.0,8778,Somerst,2Story,8,2006,VinylSd,0.0,Gd,PConc,Gd,TA,No,Unf,1302.0,Ex,Y,SBrkr,1302,528,3,Gd,0,BuiltIn,RFn,859.0,Y,40,2.5,221300
72.0,8640,Somerst,1Story,8,2007,VinylSd,0.0,Gd,PConc,Gd,TA,No,GLQ,1338.0,Ex,Y,SBrkr,1338,0,3,Gd,0,Attchd,RFn,598.0,Y,141,2.0,208900
75.0,9000,Somerst,1Story,7,2006,VinylSd,0.0,Gd,PConc,Gd,TA,No,Unf,1335.0,Ex,Y,SBrkr,1335,0,3,Gd,0,Attchd,RFn,575.0,Y,210,2.0,210400
72.0,8640,Somerst,2Story,8,2007,VinylSd,0.0,Gd,PConc,Gd,TA,Av,GLQ,896.0,Ex,Y,SBrkr,896,896,3,Gd,0,Attchd,Fin,590.0,Y,280,2.5,255000
81.0,10411,Somerst,2Story,5,2007,VinylSd,0.0,Gd,CBlock,Gd,TA,None,Unf,725.0,Ex,Y,SBrkr,725,863,3,Gd,0,Attchd,Unf,561.0,Y,0,3.0,212109
75.0,9000,Somerst,2Story,8,2006,VinylSd,0.0,Gd,PConc,Gd,TA,Av,Unf,1088.0,Ex,Y,SBrkr,1088,871,3,Gd,1,Attchd,RFn,1025.0,Y,254,2.5,270000
75.0,9000,Somerst,2Story,8,2007,CemntBd,0.0,Gd,PConc,Gd,TA,Av,GLQ,1184.0,Ex,Y,SBrkr,1184,1426,4,Ex,1,BuiltIn,Fin,550.0,Y,572,2.5,303477
112.0,12217,Somerst,2Story,8,2007,WdShing,0.0,Gd,PConc,Ex,TA,Av,GLQ,955.0,Ex,Y,SBrkr,955,925,3,Ex,1,Attchd,Fin,880.0,Y,295,3.5,310013
84.0,11096,Somerst,1Story,8,2006,VinylSd,0.0,Gd,PConc,Gd,TA,Av,GLQ,1656.0,Ex,Y,SBrkr,1656,0,3,Gd,0,Attchd,RFn,826.0,Y,146,2.0,249700
84.0,10207,Somerst,2Story,7,2007,VinylSd,0.0,Gd,PConc,Gd,TA,No,Unf,874.0,Ex,Y,SBrkr,874,887,3,Gd,0,Attchd,Fin,578.0,Y,249,3.0,227875
84.0,10440,Somerst,1Story,8,2007,CemntBd,0.0,Ex,PConc,Gd,TA,Mn,Unf,1574.0,Ex,Y,SBrkr,1584,0,2,Ex,1,Attchd,Fin,594.0,Y,256,2.0,261329
100.0,11824,Somerst,1Story,8,2006,VinylSd,298.0,Gd,PConc,Gd,TA,Av,Unf,1685.0,Ex,Y,SBrkr,1685,0,2,Gd,1,Attchd,Fin,658.0,Y,175,2.0,253000
85.0,10625,Somerst,2Story,6,2004,VinylSd,353.0,Gd,PConc,Gd,TA,Av,Unf,1158.0,Ex,Y,SBrkr,1158,1285,4,Gd,1,BuiltIn,RFn,744.0,Y,320,2.5,265000
102.0,11143,Somerst,2Story,8,2004,CemntBd,0.0,Gd,PConc,Gd,TA,No,Unf,1580.0,Ex,Y,SBrkr,1580,886,4,Gd,1,Attchd,RFn,610.0,Y,373,3.0,340000
63.0,7500,SawyerW,1Story,6,2006,VinylSd,0.0,TA,PConc,Gd,TA,No,Unf,1100.0,Ex,Y,SBrkr,1100,0,3,TA,0,None,None,0.0,Y,136,1.5,146000
63.0,7500,SawyerW,1Story,7,2006,VinylSd,0.0,Gd,PConc,Gd,Gd,No,Unf,1143.0,Ex,Y,SBrkr,1143,0,3,Gd,0,None,None,0.0,Y,55,1.5,147000
60.0,12450,SawyerW,1Story,5,2003,VinylSd,126.0,Gd,PConc,Gd,TA,No,GLQ,1094.0,Ex,Y,SBrkr,1094,0,3,Gd,0,Detchd,Unf,576.0,Y,0,2.0,149000
65.0,7441,SawyerW,1Story,7,2006,VinylSd,170.0,Gd,PConc,Gd,TA,No,Unf,1461.0,Ex,Y,SBrkr,1486,0,3,Gd,0,Attchd,RFn,566.0,Y,32,2.0,181000
70.0,8462,SawyerW,2Story,6,1994,HdBoard,105.0,Gd,PConc,Gd,Gd,No,GLQ,928.0,Ex,Y,SBrkr,936,785,3,Gd,0,Attchd,RFn,471.0,Y,387,3.0,201000
67.0,11613,SawyerW,2Story,6,1993,VinylSd,0.0,Gd,PConc,Gd,TA,No,ALQ,864.0,Ex,Y,SBrkr,920,900,3,Gd,0,Attchd,RFn,492.0,Y,229,2.5,191750
65.0,8450,SawyerW,1Story,7,2000,VinylSd,108.0,TA,PConc,Gd,TA,No,Unf,1349.0,Ex,Y,SBrkr,1349,0,3,TA,0,Attchd,Unf,539.0,Y,175,2.0,179000
67.0,16196,SawyerW,1Story,7,1998,VinylSd,0.0,Gd,PConc,Gd,TA,Gd,GLQ,1482.0,Ex,Y,SBrkr,1494,0,3,Gd,1,Attchd,RFn,514.0,Y,427,3.0,215000
50.0,8012,SawyerW,1Story,6,1992,Plywood,0.0,Gd,PConc,Gd,TA,No,GLQ,1575.0,Gd,Y,SBrkr,1575,0,2,Gd,0,Attchd,RFn,529.0,Y,52,3.0,179200
50.0,8012,SawyerW,2Story,6,1980,Plywood,0.0,TA,CBlock,TA,TA,No,Unf,630.0,Ex,Y,SBrkr,630,636,2,TA,2,Attchd,RFn,283.0,Y,340,1.5,128000
67.0,9180,SawyerW,SFoyer,5,1983,HdBoard,0.0,TA,CBlock,Gd,TA,Av,ALQ,840.0,Gd,Y,SBrkr,884,0,2,Gd,0,Attchd,RFn,504.0,Y,240,2.0,144000
60.0,8400,SawyerW,1Story,5,1977,Plywood,320.0,TA,Slab,None,None,None,None,0.0,TA,Y,SBrkr,2020,0,4,TA,2,Detchd,Unf,630.0,Y,0,2.0,144000
64.0,6285,Sawyer,1Story,5,1977,Plywood,0.0,TA,CBlock,Gd,TA,No,LwQ,894.0,TA,Y,SBrkr,894,0,2,TA,0,Detchd,Unf,308.0,Y,192,2.0,120750
80.0,8480,Sawyer,1Story,5,1963,HdBoard,0.0,TA,CBlock,TA,TA,No,GLQ,970.0,TA,Y,SBrkr,970,0,2,TA,0,Detchd,Unf,624.0,Y,216,2.0,132500
70.0,7420,Sawyer,1Story,5,1962,MetalSd,0.0,TA,CBlock,TA,TA,No,Rec,1057.0,TA,Y,SBrkr,1057,0,3,TA,0,Detchd,Fin,576.0,Y,0,1.0,132000
72.0,7758,Sawyer,1Story,5,1962,HdBoard,0.0,TA,CBlock,TA,TA,No,ALQ,999.0,Gd,Y,SBrkr,999,0,3,Gd,0,Detchd,Unf,264.0,Y,132,2.0,132500
85.0,6970,Sawyer,1Story,4,1961,VinylSd,0.0,TA,CBlock,TA,TA,No,ALQ,1040.0,TA,Y,SBrkr,1120,0,3,Fa,0,Attchd,RFn,544.0,Y,168,2.5,129000
40.0,13673,Sawyer,1Story,5,1962,HdBoard,0.0,TA,CBlock,TA,TA,No,Unf,1140.0,TA,Y,SBrkr,1696,0,3,TA,1,Attchd,RFn,349.0,Y,30,1.5,143900
84.0,7476,Sawyer,1Story,5,1968,HdBoard,0.0,TA,CBlock,TA,TA,No,Rec,1040.0,TA,Y,SBrkr,1040,0,3,TA,0,Detchd,Fin,686.0,Y,188,2.5,145000
72.0,9945,Sawyer,1Story,5,1961,Wd Sdng,57.0,TA,CBlock,TA,TA,No,Rec,988.0,TA,Y,SBrkr,988,0,3,TA,0,Detchd,Unf,572.0,Y,0,2.0,128500
72.0,6173,Sawyer,1Story,5,1967,HdBoard,75.0,TA,CBlock,TA,TA,No,GLQ,876.0,TA,Y,SBrkr,902,0,3,TA,0,Attchd,Unf,288.0,Y,0,1.0,125500
80.0,19522,Veenker,2Story,7,1990,HdBoard,272.0,Gd,PConc,Gd,TA,No,GLQ,1223.0,Gd,Y,SBrkr,1271,1232,3,Gd,1,Attchd,RFn,564.0,Y,281,3.5,300000
80.0,17542,Veenker,2Story,7,1974,Wd Sdng,0.0,Gd,CBlock,TA,TA,Gd,LwQ,1192.0,TA,Y,SBrkr,1516,651,3,Gd,2,Attchd,RFn,518.0,Y,267,3.5,294000
44.0,10751,Sawyer,1Story,5,1974,Plywood,44.0,TA,CBlock,Fa,TA,Gd,ALQ,1037.0,TA,Y,SBrkr,1037,0,2,TA,0,Attchd,RFn,431.0,Y,183,2.0,129000
72.0,16647,Sawyer,SFoyer,5,1975,HdBoard,0.0,TA,CBlock,Gd,TA,Gd,ALQ,1390.0,TA,Y,SBrkr,1701,0,3,TA,2,Basment,Fin,611.0,Y,0,3.0,171000
43.0,12712,Sawyer,1Story,6,1973,CemntBd,0.0,TA,CBlock,Gd,TA,Mn,ALQ,1044.0,TA,Y,SBrkr,1055,0,2,Gd,1,Attchd,RFn,542.0,Y,455,2.0,147000
89.0,9572,NoRidge,2Story,8,1990,Wd Sdng,336.0,Gd,PConc,Ex,TA,No,GLQ,1453.0,Ex,Y,SBrkr,1453,1357,4,Gd,1,Attchd,RFn,750.0,Y,500,2.5,302000
85.0,10678,NoRidge,1.5Fin,8,1992,HdBoard,337.0,Gd,PConc,Gd,TA,No,GLQ,1683.0,Ex,Y,SBrkr,2129,743,4,Gd,1,Attchd,Fin,541.0,Y,33,2.5,285000
45.0,4379,Somerst,1Story,8,2004,MetalSd,0.0,Gd,PConc,Gd,TA,Av,GLQ,1378.0,Ex,Y,SBrkr,1378,0,2,Gd,1,Attchd,Fin,540.0,Y,216,3.0,214000
80.0,3523,Somerst,1Story,8,2006,VinylSd,30.0,Gd,PConc,Gd,TA,No,GLQ,1141.0,Ex,Y,SBrkr,1151,0,2,Gd,0,Attchd,Fin,484.0,Y,60,3.0,166000
32.0,3784,Somerst,1Story,8,2006,VinylSd,36.0,Gd,PConc,Gd,TA,No,GLQ,1511.0,Ex,Y,SBrkr,1565,0,2,Gd,0,Attchd,Fin,476.0,Y,120,3.0,193800
47.0,4230,Somerst,1Story,7,2006,VinylSd,0.0,Gd,PConc,Ex,Gd,No,Unf,1352.0,Ex,Y,SBrkr,1352,0,2,Gd,1,Attchd,RFn,466.0,Y,241,2.0,208900
40.0,3606,Somerst,1Story,7,2006,VinylSd,0.0,Gd,PConc,Ex,Gd,No,GLQ,1352.0,Ex,Y,SBrkr,1352,0,2,Gd,1,Attchd,RFn,466.0,Y,241,3.0,194000
30.0,5330,Somerst,1Story,8,2006,VinylSd,0.0,Gd,PConc,Gd,TA,No,Unf,1550.0,Ex,Y,SBrkr,1550,0,2,Gd,0,Attchd,Fin,528.0,Y,102,2.5,207500
35.0,4274,Somerst,1Story,7,2006,VinylSd,0.0,Gd,PConc,Gd,TA,No,GLQ,1241.0,Ex,Y,SBrkr,1241,0,1,Gd,0,Attchd,Fin,569.0,Y,116,2.5,199900
35.0,4251,Somerst,2Story,7,2006,MetalSd,0.0,Gd,PConc,Gd,TA,No,Unf,625.0,Ex,Y,SBrkr,625,625,2,Gd,0,Detchd,RFn,528.0,Y,54,2.5,164700
24.0,2280,Somerst,2Story,6,1999,MetalSd,342.0,TA,PConc,Gd,TA,No,GLQ,744.0,Gd,Y,SBrkr,757,744,3,TA,1,Detchd,Unf,440.0,Y,0,3.5,176500
34.0,3230,Somerst,2Story,6,1999,MetalSd,1129.0,TA,PConc,Gd,TA,No,GLQ,729.0,Gd,Y,SBrkr,729,729,2,TA,1,Detchd,Unf,440.0,Y,32,2.5,176000
72.5,2117,Somerst,2Story,6,2000,MetalSd,513.0,Gd,PConc,Gd,TA,No,GLQ,756.0,Ex,Y,SBrkr,756,756,2,Gd,1,Detchd,Unf,440.0,Y,32,2.5,168500
24.0,2117,Somerst,2Story,6,2000,MetalSd,216.0,Gd,PConc,Gd,TA,No,GLQ,756.0,Ex,Y,SBrkr,769,804,3,Gd,0,Detchd,Unf,440.0,Y,32,2.5,177000
72.5,2117,Somerst,2Story,6,2000,MetalSd,456.0,Gd,PConc,Gd,TA,No,GLQ,756.0,Ex,Y,SBrkr,769,756,3,Gd,1,Detchd,Unf,440.0,Y,0,2.5,177000
72.5,5105,Somerst,2Story,7,2004,MetalSd,0.0,Gd,PConc,Gd,TA,No,GLQ,551.0,Ex,Y,SBrkr,551,551,2,Gd,0,Detchd,Unf,480.0,Y,60,2.5,148800
24.0,2645,Somerst,2Story,8,1999,MetalSd,456.0,Gd,PConc,Gd,TA,No,Unf,776.0,Ex,Y,SBrkr,764,677,2,Gd,0,Detchd,Unf,492.0,Y,206,2.5,174000
66.0,7399,Somerst,2Story,7,1997,VinylSd,1600.0,Gd,PConc,Gd,TA,No,BLQ,975.0,Ex,Y,SBrkr,975,975,3,Gd,1,Detchd,RFn,576.0,Y,208,2.5,239000
73.0,7321,Somerst,1Story,7,1999,CemntBd,0.0,Gd,PConc,Gd,TA,No,Unf,1339.0,Ex,Y,SBrkr,1358,0,3,Gd,0,Detchd,Unf,625.0,Y,350,2.0,204000
72.5,8010,Somerst,2Story,8,2003,CemntBd,0.0,Gd,PConc,Ex,TA,No,GLQ,1054.0,Ex,Y,SBrkr,1072,976,3,Gd,2,Detchd,Unf,552.0,Y,228,3.5,301000
106.0,8413,Somerst,2Story,8,1998,VinylSd,0.0,Gd,PConc,Ex,TA,Mn,GLQ,1220.0,Ex,Y,SBrkr,1220,1142,3,Gd,2,Attchd,RFn,1105.0,Y,327,3.5,312500
50.0,9466,Veenker,1Story,8,1994,BrkFace,0.0,Gd,PConc,Gd,TA,Gd,LwQ,1494.0,Ex,Y,SBrkr,1494,0,1,Gd,1,Attchd,Fin,478.0,Y,247,2.5,279700
80.0,12000,Veenker,1Story,7,1980,VinylSd,600.0,Gd,CBlock,Gd,TA,No,GLQ,2002.0,Ex,Y,SBrkr,2362,0,3,Gd,1,Attchd,RFn,546.0,Y,196,3.5,255000
80.0,16157,Veenker,SLvl,5,1978,Plywood,0.0,TA,PConc,Gd,TA,Gd,ALQ,1360.0,Ex,Y,SBrkr,1432,0,2,Gd,1,Attchd,Unf,588.0,Y,348,2.5,194000
90.0,10768,Veenker,1Story,5,1976,Plywood,0.0,Gd,CBlock,Gd,TA,Gd,ALQ,1437.0,TA,Y,SBrkr,1437,0,3,Gd,1,Attchd,RFn,528.0,Y,201,3.0,218000
40.0,3840,Greens,1Story,8,1978,Wd Sdng,0.0,Gd,CBlock,Gd,TA,Gd,GLQ,1057.0,TA,Y,SBrkr,1295,0,1,Gd,2,Attchd,Fin,571.0,Y,222,2.0,213750
80.0,9600,Veenker,SLvl,6,1976,Plywood,360.0,Gd,CBlock,TA,TA,No,Unf,528.0,Ex,Y,SBrkr,1094,761,3,TA,1,Attchd,RFn,512.0,Y,213,2.5,187000
80.0,9600,Veenker,1Story,6,1976,MetalSd,0.0,TA,CBlock,Gd,TA,Gd,ALQ,1262.0,Ex,Y,SBrkr,1262,0,3,TA,1,Attchd,RFn,460.0,Y,298,2.5,181500
94.0,17778,Veenker,1Story,8,1981,BrkFace,0.0,Gd,CBlock,Gd,TA,Gd,ALQ,2461.0,Gd,Y,SBrkr,2497,0,2,Gd,2,Attchd,RFn,676.0,Y,266,3.0,373000
72.0,18890,Sawyer,1.5Fin,5,1977,Plywood,1.0,TA,CBlock,Gd,TA,No,GLQ,1361.0,Ex,Y,SBrkr,1361,1259,4,TA,1,BuiltIn,RFn,600.0,N,324,3.0,190000
72.5,7050,Somerst,2Story,7,2001,VinylSd,0.0,Gd,PConc,Gd,TA,No,GLQ,1057.0,Ex,Y,SBrkr,1057,872,3,Gd,1,Attchd,Fin,650.0,Y,235,3.5,226000
78.0,11700,NWAmes,1Story,6,1968,MetalSd,41.0,TA,CBlock,TA,TA,No,Unf,912.0,Ex,Y,SBrkr,1152,0,3,TA,0,Attchd,RFn,412.0,Y,126,2.5,143450
80.0,8000,NWAmes,2Story,6,1970,VinylSd,525.0,TA,CBlock,TA,TA,No,Rec,1008.0,TA,Y,SBrkr,1403,1008,4,TA,1,Attchd,RFn,570.0,Y,192,3.5,240050
80.0,8723,NWAmes,SFoyer,6,1969,HdBoard,0.0,TA,PConc,Gd,TA,Av,BLQ,973.0,Ex,Y,SBrkr,1082,0,3,TA,0,Attchd,Unf,480.0,Y,160,2.0,162500
130.0,11700,NWAmes,1Story,6,1968,HdBoard,196.0,TA,PConc,Gd,TA,No,ALQ,1295.0,Fa,Y,SBrkr,1295,0,3,TA,0,Attchd,Fin,528.0,Y,394,2.5,164000
108.0,11358,NWAmes,1Story,7,1972,Wd Sdng,0.0,TA,CBlock,TA,TA,No,BLQ,1124.0,TA,Y,SBrkr,1610,0,3,Gd,1,Attchd,RFn,515.0,Y,458,2.0,185000
80.0,9547,NWAmes,1Story,7,1993,VinylSd,112.0,TA,PConc,Gd,TA,No,Unf,1594.0,Ex,Y,SBrkr,1594,0,2,Gd,1,Attchd,RFn,472.0,Y,270,2.0,188500
78.0,10530,NWAmes,2Story,7,1993,MetalSd,194.0,Gd,PConc,Gd,TA,No,GLQ,1148.0,Ex,Y,SBrkr,1091,984,3,Gd,1,Attchd,Unf,473.0,Y,321,3.5,255000
80.0,11500,NWAmes,1Story,5,1976,VinylSd,164.0,TA,CBlock,TA,TA,No,Unf,1680.0,Fa,Y,SBrkr,1680,0,4,TA,0,Detchd,Unf,528.0,Y,0,2.0,136905
88.0,10738,NWAmes,1Story,6,1966,HdBoard,0.0,TA,CBlock,TA,TA,No,ALQ,1093.0,Gd,Y,SBrkr,1093,0,3,TA,1,Attchd,RFn,484.0,Y,224,3.0,158500
80.0,9600,NWAmes,1Story,7,1973,HdBoard,320.0,TA,CBlock,TA,TA,No,ALQ,1242.0,Fa,Y,SBrkr,1242,0,3,TA,1,Attchd,Unf,528.0,Y,0,1.5,175500
80.0,10800,NWAmes,1Story,6,1963,HdBoard,203.0,TA,CBlock,TA,TA,No,BLQ,1052.0,TA,Y,SBrkr,1052,0,3,TA,0,Attchd,Fin,311.0,Y,133,2.0,127000
70.0,8050,NAmes,1Story,5,1967,MetalSd,0.0,TA,CBlock,TA,TA,No,ALQ,949.0,TA,Y,SBrkr,1107,0,3,Gd,0,Attchd,RFn,308.0,Y,152,2.0,127000
73.0,10355,NAmes,1Story,5,1967,MetalSd,196.0,TA,CBlock,TA,TA,No,BLQ,1214.0,TA,Y,SBrkr,1214,0,3,TA,1,Attchd,RFn,318.0,Y,111,2.0,143000
79.0,10289,NAmes,1Story,5,1965,MetalSd,168.0,TA,CBlock,TA,TA,No,ALQ,1073.0,TA,Y,SBrkr,1073,0,3,TA,0,Attchd,RFn,515.0,Y,0,2.5,156000
73.0,9503,NAmes,1Story,5,1958,HdBoard,0.0,TA,CBlock,TA,TA,No,ALQ,1024.0,TA,Y,SBrkr,1344,0,2,TA,1,Detchd,Unf,484.0,Y,344,2.0,144000
73.0,10624,NAmes,1Story,5,1964,HdBoard,84.0,TA,CBlock,TA,TA,No,GLQ,1728.0,TA,Y,SBrkr,1728,0,6,TA,0,Detchd,Unf,352.0,Y,155,2.5,119000
73.0,10899,NAmes,1Story,4,1964,HdBoard,0.0,TA,Slab,None,None,None,None,0.0,TA,N,SBrkr,1224,0,2,TA,0,CarPort,Unf,530.0,Y,0,2.0,103000
73.0,12342,NAmes,1Story,5,1960,Wd Sdng,0.0,TA,CBlock,TA,TA,No,Unf,978.0,TA,Y,SBrkr,1422,0,3,TA,1,Attchd,RFn,286.0,Y,36,1.0,139900
73.0,12772,NAmes,1Story,6,1960,MetalSd,0.0,TA,CBlock,TA,TA,Mn,BLQ,958.0,TA,Y,SBrkr,958,0,2,TA,0,Attchd,RFn,301.0,Y,0,1.0,151500
80.0,8892,NAmes,1Story,5,1960,MetalSd,66.0,TA,CBlock,TA,TA,No,Unf,1065.0,Gd,Y,SBrkr,1065,0,3,TA,0,Detchd,Unf,461.0,Y,74,1.5,126500
65.0,10482,NAmes,SLvl,6,1958,VinylSd,63.0,TA,CBlock,TA,TA,Av,GLQ,588.0,Ex,Y,SBrkr,1138,0,3,TA,0,Attchd,RFn,264.0,Y,224,1.5,145000
70.0,7535,NAmes,1Story,5,1958,MetalSd,0.0,TA,CBlock,TA,TA,No,BLQ,912.0,Fa,Y,SBrkr,912,0,2,TA,0,Attchd,Fin,297.0,Y,297,1.5,120000
74.0,7450,NAmes,1Story,5,1956,Wd Sdng,0.0,TA,CBlock,TA,TA,No,Rec,894.0,Gd,Y,SBrkr,1074,0,2,Gd,1,Detchd,Unf,396.0,Y,72,1.0,124000
73.0,8339,NAmes,1Story,5,1959,MetalSd,0.0,TA,Slab,None,None,None,None,0.0,TA,Y,SBrkr,882,0,3,TA,0,Attchd,RFn,294.0,Y,0,1.0,106500
73.0,14357,NAmes,1Story,5,1961,Wd Sdng,0.0,TA,CBlock,TA,TA,No,ALQ,864.0,TA,Y,SBrkr,1187,0,2,TA,1,Attchd,RFn,440.0,Y,128,2.0,140500
76.0,8243,NAmes,1Story,5,1961,VinylSd,56.0,TA,CBlock,TA,TA,No,ALQ,964.0,Ex,Y,SBrkr,964,0,3,TA,1,Detchd,Fin,784.0,Y,170,1.0,137500
70.0,8680,NAmes,1Story,5,1960,CemntBd,0.0,TA,CBlock,TA,TA,No,Unf,894.0,TA,Y,SBrkr,894,0,3,TA,0,Detchd,Unf,312.0,Y,0,1.0,117600
80.0,8800,NAmes,1Story,7,1966,HdBoard,202.0,TA,CBlock,TA,TA,No,BLQ,1174.0,Ex,Y,SBrkr,1200,0,3,TA,1,Attchd,RFn,440.0,Y,0,2.5,163500
80.0,9200,NAmes,SLvl,6,1965,HdBoard,98.0,TA,CBlock,TA,TA,Gd,GLQ,1042.0,TA,Y,SBrkr,1042,0,3,TA,0,Attchd,RFn,440.0,Y,192,2.0,161000
85.0,9350,NAmes,SLvl,6,1964,HdBoard,108.0,TA,CBlock,Gd,TA,Gd,LwQ,1302.0,Ex,Y,SBrkr,1302,0,3,Gd,0,Attchd,RFn,309.0,Y,333,2.5,158000
80.0,8800,NAmes,2Story,6,1964,MetalSd,306.0,TA,CBlock,TA,TA,No,ALQ,845.0,Ex,Y,SBrkr,845,1309,5,TA,1,Attchd,RFn,539.0,Y,161,2.5,224500
73.0,11382,NAmes,1Story,6,1964,Wd Sdng,212.0,TA,CBlock,TA,TA,No,ALQ,1130.0,TA,Y,SBrkr,1374,0,3,TA,1,Attchd,RFn,286.0,Y,112,1.5,147000
73.0,22002,NAmes,1Story,6,1959,MetalSd,136.0,TA,CBlock,TA,TA,Mn,ALQ,1592.0,Gd,Y,SBrkr,1652,0,3,Gd,1,Attchd,RFn,510.0,Y,201,2.5,200000
73.0,14585,NAmes,1Story,6,1960,Wd Sdng,85.0,TA,CBlock,TA,TA,No,BLQ,1144.0,Ex,Y,SBrkr,1429,0,3,Gd,2,Attchd,Unf,572.0,Y,326,1.5,181900
75.0,7388,NAmes,1Story,5,1959,MetalSd,0.0,TA,CBlock,TA,TA,No,Rec,1063.0,Gd,Y,SBrkr,1327,0,3,Gd,0,Detchd,Unf,624.0,Y,0,2.0,150750
70.0,9842,NAmes,1Story,4,1962,HdBoard,0.0,TA,Slab,None,None,None,None,0.0,TA,Y,SBrkr,1224,0,2,TA,0,CarPort,Unf,462.0,Y,0,2.0,101800
57.0,8280,NAmes,1Story,6,1950,BrkFace,0.0,TA,CBlock,TA,TA,No,Unf,932.0,Ex,Y,FuseA,932,0,2,Gd,1,Attchd,Unf,306.0,Y,214,1.0,124000
85.0,12172,NAmes,1.5Unf,5,1940,Wd Sdng,0.0,TA,PConc,TA,TA,No,LwQ,822.0,TA,Y,SBrkr,908,0,2,TA,0,Attchd,Unf,512.0,Y,500,1.0,138500
50.0,5000,BrkSide,1Story,1,1946,VinylSd,0.0,Fa,Slab,None,None,None,None,0.0,Fa,N,FuseF,334,0,1,Fa,0,None,None,0.0,N,0,1.0,39300
50.0,5000,BrkSide,1Story,3,1946,WdShing,0.0,Fa,CBlock,Fa,Fa,No,LwQ,666.0,Fa,N,SBrkr,666,0,2,Gd,0,None,None,0.0,N,52,1.5,64500
51.0,3500,BrkSide,1.5Fin,3,1945,MetalSd,0.0,TA,CBlock,TA,TA,No,LwQ,370.0,TA,N,FuseA,442,228,2,Fa,0,None,None,0.0,N,21,2.0,64000
50.0,5175,BrkSide,1Story,5,1958,VinylSd,0.0,TA,CBlock,TA,TA,No,BLQ,808.0,Ex,Y,SBrkr,808,0,2,TA,0,Detchd,Unf,308.0,N,143,1.0,112000
100.0,9500,NAmes,2Story,6,1964,VinylSd,272.0,TA,CBlock,TA,TA,No,Rec,816.0,TA,Y,SBrkr,1127,850,4,TA,1,Attchd,RFn,540.0,Y,52,2.0,165000
80.0,9600,NAmes,1Story,5,1955,HdBoard,176.0,TA,CBlock,TA,TA,No,BLQ,1078.0,Ex,Y,SBrkr,1150,0,2,TA,0,Attchd,Fin,288.0,Y,175,2.0,144000
95.0,11345,NAmes,2Story,5,1948,AsbShng,567.0,TA,CBlock,TA,TA,No,Rec,928.0,Gd,Y,FuseA,928,992,4,TA,0,Detchd,Unf,400.0,Y,0,2.0,137000
79.0,9492,NAmes,1.5Fin,5,1941,WdShing,0.0,TA,CBlock,TA,TA,No,Rec,768.0,TA,Y,SBrkr,968,408,3,TA,1,Attchd,Unf,240.0,Y,0,2.0,105000
79.0,9480,NAmes,2Story,5,1942,MetalSd,224.0,TA,CBlock,TA,TA,No,LwQ,728.0,Ex,Y,SBrkr,888,756,3,Gd,2,Attchd,Unf,312.0,Y,168,1.5,146500
63.0,8668,NAmes,1Story,5,1968,MetalSd,0.0,TA,CBlock,TA,TA,No,Unf,1560.0,TA,Y,SBrkr,1560,0,4,TA,0,Detchd,Unf,792.0,Y,0,2.0,126000
73.0,10050,NAmes,SFoyer,5,1966,HdBoard,87.0,TA,CBlock,TA,TA,Av,GLQ,793.0,Ex,Y,SBrkr,1280,0,3,TA,1,Basment,Fin,432.0,Y,180,2.5,175000
100.0,9600,NAmes,SLvl,6,1961,WdShing,291.0,TA,CBlock,TA,TA,Av,ALQ,1218.0,TA,Y,SBrkr,1254,0,3,TA,1,Attchd,RFn,525.0,Y,168,2.0,158500
70.0,10150,NAmes,1Story,5,1958,Wd Sdng,1.0,TA,CBlock,TA,TA,No,Rec,912.0,Ex,Y,FuseA,912,0,2,TA,0,Attchd,RFn,275.0,Y,0,1.0,114500
78.0,11344,NAmes,1.5Fin,5,1958,MetalSd,180.0,TA,CBlock,TA,TA,No,BLQ,874.0,TA,Y,FuseA,874,650,3,TA,0,Attchd,Unf,315.0,Y,0,1.5,144000
73.0,18450,NAmes,2Story,6,1965,Plywood,113.0,TA,CBlock,Gd,TA,No,LwQ,1021.0,TA,Y,SBrkr,1465,915,3,TA,1,CarPort,Unf,596.0,Y,265,2.5,129000
73.0,8760,NAmes,1Story,6,1957,VinylSd,0.0,TA,CBlock,TA,TA,No,ALQ,936.0,TA,Y,SBrkr,936,0,2,Gd,0,Attchd,RFn,315.0,Y,0,2.0,141000
65.0,6860,NAmes,1Story,5,1956,Wd Sdng,54.0,TA,CBlock,TA,TA,No,GLQ,1008.0,Ex,Y,SBrkr,1008,0,3,Fa,0,Detchd,Unf,308.0,Y,0,2.0,131000
60.0,8250,NAmes,1Story,5,1963,MetalSd,0.0,TA,CBlock,TA,TA,No,ALQ,1053.0,Gd,Y,SBrkr,1053,0,3,Gd,0,2Types,RFn,692.0,Y,349,2.0,142100
70.0,8176,NAmes,1Story,5,1958,Wd Sdng,0.0,TA,CBlock,TA,TA,No,Rec,1056.0,Fa,Y,SBrkr,1056,0,3,TA,0,Attchd,RFn,308.0,Y,0,2.0,139000
75.0,9750,NAmes,1Story,6,1958,MetalSd,243.0,TA,CBlock,TA,TA,No,Rec,1442.0,Gd,Y,SBrkr,1442,0,4,TA,0,Attchd,RFn,301.0,Y,275,1.5,157900
80.0,9250,NAmes,1Story,5,1954,Wd Sdng,0.0,TA,CBlock,TA,TA,No,BLQ,1056.0,TA,Y,SBrkr,1056,0,3,TA,0,Attchd,Unf,260.0,Y,390,1.5,139400
90.0,11988,NAmes,1Story,6,1957,VinylSd,0.0,TA,CBlock,TA,TA,No,Rec,1244.0,Ex,Y,FuseA,1244,0,3,TA,2,Attchd,Unf,336.0,Y,40,1.5,150000
70.0,9100,NAmes,1Story,5,1960,HdBoard,69.0,TA,CBlock,TA,TA,No,Unf,1144.0,TA,Y,SBrkr,1144,0,3,TA,1,Attchd,RFn,336.0,Y,0,1.0,120000
80.0,9736,NAmes,1Story,6,1957,Wd Sdng,289.0,TA,CBlock,TA,TA,No,BLQ,1331.0,Gd,Y,SBrkr,1721,0,4,TA,3,Attchd,Unf,464.0,Y,0,1.0,174850
72.0,9770,NAmes,1Story,5,1957,Wd Sdng,0.0,TA,CBlock,TA,TA,No,Rec,922.0,TA,Y,FuseA,922,0,2,TA,0,Attchd,Unf,308.0,Y,34,2.0,116000
72.0,10152,NAmes,1Story,5,1956,MetalSd,120.0,TA,CBlock,TA,TA,No,BLQ,1048.0,TA,Y,SBrkr,1048,0,3,TA,0,Attchd,Unf,286.0,Y,212,2.0,135000
73.0,12155,NAmes,1Story,6,1970,Plywood,0.0,TA,CBlock,Gd,TA,No,LwQ,1657.0,Gd,Y,SBrkr,1657,0,3,TA,1,Attchd,Unf,484.0,Y,147,2.5,163500
70.0,12198,NAmes,1Story,5,1955,VinylSd,0.0,TA,CBlock,TA,TA,Av,Rec,1204.0,TA,Y,SBrkr,1411,0,3,TA,1,Attchd,RFn,310.0,Y,360,1.0,130000
75.0,10050,NAmes,1Story,5,1955,MetalSd,0.0,TA,CBlock,TA,TA,No,Rec,1216.0,TA,Y,SBrkr,1216,0,3,TA,0,Attchd,RFn,336.0,Y,0,2.0,129500
60.0,11556,NAmes,1Story,5,1953,VinylSd,0.0,TA,CBlock,TA,TA,No,BLQ,864.0,Gd,Y,SBrkr,1154,0,3,Ex,0,Detchd,Unf,336.0,Y,63,1.5,142000
70.0,8078,NAmes,1Story,5,1958,Wd Sdng,260.0,TA,CBlock,TA,TA,No,Unf,1560.0,TA,Y,SBrkr,1560,0,4,TA,0,Detchd,Unf,484.0,Y,0,2.0,128600
60.0,10950,NAmes,1Story,6,1952,Wd Sdng,0.0,TA,CBlock,TA,TA,No,ALQ,948.0,TA,Y,SBrkr,948,0,2,TA,0,Detchd,Unf,410.0,N,48,1.0,125000
68.0,7942,NAmes,1Story,6,1953,Wd Sdng,0.0,TA,CBlock,TA,TA,No,Rec,1040.0,TA,Y,FuseF,1040,0,3,TA,0,Attchd,Fin,293.0,Y,0,1.5,136000
66.0,8923,NAmes,1Story,5,1953,Wd Sdng,0.0,TA,CBlock,TA,TA,No,BLQ,1008.0,Gd,Y,SBrkr,1008,0,2,Gd,0,Attchd,Unf,240.0,Y,18,2.0,134500
71.0,8540,NAmes,1Story,5,1956,VinylSd,0.0,TA,CBlock,TA,TA,No,Rec,925.0,TA,Y,SBrkr,925,0,3,Gd,0,Detchd,Unf,252.0,Y,152,2.0,127000
60.0,7134,NAmes,SLvl,5,1955,MetalSd,0.0,TA,CBlock,TA,TA,No,ALQ,384.0,TA,Y,SBrkr,1360,0,3,TA,1,Detchd,Unf,572.0,Y,50,1.0,130000
55.0,7150,NAmes,1.5Fin,4,1955,MetalSd,0.0,TA,PConc,TA,TA,No,Rec,1190.0,Gd,Y,SBrkr,1040,500,4,Fa,0,Detchd,Unf,352.0,Y,0,2.0,115000
70.0,8400,NAmes,1Story,5,1955,MetalSd,0.0,TA,CBlock,TA,TA,No,BLQ,923.0,TA,Y,SBrkr,925,0,3,TA,2,Attchd,Unf,390.0,Y,81,2.0,116900
70.0,13300,NAmes,1Story,5,1956,Wd Sdng,0.0,TA,CBlock,Gd,TA,No,Rec,928.0,TA,Y,SBrkr,928,0,2,TA,0,Attchd,Unf,252.0,Y,417,1.0,132000
75.0,9532,NAmes,1Story,4,1953,VinylSd,0.0,TA,CBlock,TA,TA,No,BLQ,1105.0,Gd,Y,SBrkr,1647,0,3,TA,1,Attchd,Fin,280.0,Y,225,2.0,153000
60.0,15783,OldTown,1Story,5,1952,Wd Sdng,0.0,TA,CBlock,TA,TA,No,Rec,924.0,TA,Y,SBrkr,924,0,2,TA,0,Detchd,Unf,420.0,Y,324,1.0,112500
60.0,14190,OldTown,1.5Fin,4,1890,VinylSd,0.0,Gd,CBlock,Fa,TA,No,Unf,925.0,Gd,Y,SBrkr,1000,544,3,TA,0,None,None,0.0,N,231,2.0,138000
60.0,9600,NAmes,1.5Unf,5,1949,MetalSd,0.0,TA,CBlock,TA,TA,No,ALQ,845.0,TA,Y,SBrkr,893,0,2,Gd,0,Detchd,Unf,576.0,Y,0,1.5,135000
73.0,12099,NAmes,1.5Fin,5,1953,MetalSd,0.0,TA,CBlock,TA,Fa,No,LwQ,1216.0,Ex,Y,SBrkr,1216,0,3,TA,1,Attchd,Unf,371.0,Y,200,2.0,156000
113.0,21281,NAmes,2Story,5,1935,Wd Sdng,0.0,TA,BrkTil,TA,Fa,No,Unf,666.0,Gd,Y,SBrkr,1308,1778,4,Gd,0,BuiltIn,Unf,1200.0,Y,654,3.5,301600
60.0,10134,OldTown,1.5Fin,5,1940,MetalSd,0.0,TA,CBlock,TA,TA,No,Unf,735.0,Gd,Y,FuseA,735,299,2,TA,0,Detchd,Unf,240.0,Y,39,1.0,109000
55.0,5500,OldTown,1.5Unf,4,1956,MetalSd,0.0,TA,CBlock,TA,TA,No,Unf,882.0,Ex,Y,SBrkr,882,0,1,TA,0,None,None,0.0,Y,0,1.0,103200
60.0,10284,OldTown,1.5Fin,4,1925,MetalSd,0.0,TA,CBlock,TA,TA,Mn,ALQ,1151.0,Ex,Y,SBrkr,845,436,1,TA,0,Detchd,Unf,580.0,Y,0,3.0,128500
60.0,10800,OldTown,1Story,4,1927,Wd Sdng,0.0,TA,BrkTil,TA,TA,No,Unf,656.0,TA,Y,SBrkr,968,0,4,TA,0,Detchd,Unf,216.0,Y,0,2.0,64500
60.0,10800,OldTown,2Story,5,1895,Wd Sdng,0.0,TA,CBlock,Gd,TA,Av,Unf,736.0,Ex,Y,SBrkr,751,783,3,Gd,0,None,None,0.0,N,112,1.5,148000
60.0,5400,OldTown,1Story,5,1920,Wd Sdng,0.0,TA,BrkTil,Fa,TA,No,Unf,691.0,Ex,Y,FuseA,691,0,2,Ex,0,Detchd,Unf,216.0,N,114,1.0,86000
93.0,10090,NAmes,SLvl,7,1963,Plywood,364.0,TA,CBlock,TA,TA,Av,Rec,725.0,TA,Y,SBrkr,1035,616,4,TA,2,BuiltIn,Unf,276.0,Y,671,2.5,172000
75.0,8700,NAmes,1Story,5,1961,HdBoard,53.0,TA,CBlock,TA,TA,No,ALQ,920.0,Gd,Y,SBrkr,888,0,3,TA,0,Attchd,Unf,240.0,Y,0,1.5,120000
66.0,8300,NAmes,1Story,6,1968,Wd Sdng,86.0,TA,CBlock,TA,TA,Mn,Rec,952.0,Gd,Y,SBrkr,952,0,3,TA,0,Attchd,Unf,288.0,Y,0,2.0,128500
70.0,11606,NAmes,2Story,5,1969,Plywood,192.0,TA,PConc,Gd,TA,Av,Rec,1040.0,TA,Y,SBrkr,1040,1040,5,Fa,2,Attchd,Unf,504.0,Y,335,2.5,135000
60.0,8064,NAmes,1.5Fin,5,1949,MetalSd,0.0,TA,CBlock,TA,TA,Mn,Unf,672.0,Ex,Y,SBrkr,672,252,3,TA,1,Detchd,Unf,576.0,Y,0,1.0,122900
60.0,11664,NAmes,1Story,6,1948,MetalSd,206.0,TA,CBlock,TA,Fa,No,BLQ,1082.0,TA,Y,SBrkr,1082,0,2,TA,1,Detchd,Unf,240.0,Y,130,1.0,119200
78.0,10496,NAmes,1.5Fin,6,1949,Wd Sdng,320.0,TA,CBlock,TA,TA,Mn,Rec,1040.0,Ex,Y,SBrkr,1168,678,3,TA,1,Attchd,Unf,315.0,Y,0,2.0,143000
60.0,7200,NAmes,1Story,5,1950,MetalSd,0.0,TA,CBlock,TA,TA,No,BLQ,876.0,TA,Y,SBrkr,988,0,3,TA,0,Attchd,Unf,276.0,Y,80,1.0,119000
60.0,7200,NAmes,1Story,5,1950,WdShing,0.0,TA,CBlock,TA,TA,No,LwQ,864.0,Fa,Y,FuseA,1238,0,3,TA,1,Attchd,Unf,357.0,Y,171,1.5,102000
60.0,7200,NAmes,1Story,5,1950,VinylSd,0.0,TA,CBlock,TA,TA,No,ALQ,864.0,Gd,Y,SBrkr,864,0,3,Gd,0,Detchd,RFn,720.0,Y,194,2.0,129000
70.0,7000,NAmes,1Story,5,1960,Wd Sdng,45.0,TA,CBlock,TA,TA,No,Rec,1010.0,Ex,Y,SBrkr,1134,0,2,TA,0,Attchd,RFn,254.0,Y,16,1.0,135000
73.0,7500,NAmes,1Story,5,1959,BrkFace,0.0,TA,CBlock,TA,TA,No,GLQ,1040.0,Ex,Y,SBrkr,1040,0,3,Gd,0,Attchd,RFn,286.0,Y,0,2.0,152000
70.0,7315,NAmes,1Story,5,1958,BrkFace,0.0,TA,CBlock,TA,TA,No,Rec,1170.0,TA,Y,SBrkr,1170,0,3,TA,1,Attchd,RFn,338.0,Y,225,1.5,140000
70.0,7903,NAmes,1Story,5,1960,BrkFace,0.0,TA,CBlock,TA,TA,No,Rec,1242.0,Gd,Y,FuseA,1242,0,3,TA,0,Attchd,RFn,324.0,Y,0,2.5,152000
80.0,8000,NAmes,1Story,5,1960,BrkFace,0.0,TA,CBlock,TA,TA,No,BLQ,1377.0,TA,Y,SBrkr,1377,0,3,TA,2,Attchd,Unf,351.0,Y,0,2.0,156500
80.0,8000,NAmes,1Story,5,1961,BrkFace,0.0,TA,CBlock,TA,TA,No,Unf,1800.0,Ex,N,SBrkr,1800,0,6,TA,0,None,None,0.0,Y,0,2.0,141000
70.0,7000,NAmes,1Story,5,1961,BrkFace,0.0,TA,Slab,None,None,None,None,0.0,Gd,Y,SBrkr,925,0,3,TA,0,Attchd,Fin,300.0,Y,0,1.0,99000
80.0,9760,NAmes,2Story,6,1964,Wd Sdng,340.0,TA,CBlock,TA,TA,Gd,BLQ,822.0,Gd,Y,SBrkr,1020,831,3,Gd,1,Attchd,RFn,440.0,Y,281,2.5,187000
69.0,7590,NAmes,2Story,5,1962,VinylSd,288.0,TA,CBlock,TA,TA,No,ALQ,864.0,TA,Y,SBrkr,876,936,4,TA,1,Attchd,RFn,264.0,Y,168,2.0,169500
60.0,6600,NAmes,1Story,5,1962,Wd Sdng,0.0,TA,CBlock,TA,TA,No,ALQ,864.0,Gd,Y,SBrkr,864,0,2,TA,0,Detchd,Unf,294.0,Y,58,1.0,125500
66.0,6760,NAmes,SFoyer,5,1962,HdBoard,0.0,TA,CBlock,TA,TA,Av,ALQ,896.0,TA,Y,SBrkr,936,0,3,TA,1,Attchd,RFn,288.0,Y,274,2.0,130000
60.0,6978,OldTown,1Story,5,1926,MetalSd,0.0,Gd,BrkTil,TA,TA,No,Unf,850.0,TA,Y,SBrkr,960,0,2,TA,0,Detchd,RFn,576.0,Y,116,1.0,103000
60.0,9600,OldTown,2Story,5,1910,Wd Sdng,0.0,TA,BrkTil,Fa,Fa,No,Unf,264.0,Ex,Y,SBrkr,768,664,2,TA,0,Detchd,Unf,360.0,Y,382,2.0,132000
50.0,6000,OldTown,1.5Fin,6,1927,MetalSd,0.0,TA,BrkTil,TA,TA,No,Rec,845.0,TA,Y,SBrkr,866,430,3,TA,0,Detchd,Unf,576.0,Y,175,1.0,127500
56.0,4480,OldTown,1Story,5,1922,AsbShng,0.0,TA,PConc,Fa,Fa,No,LwQ,1022.0,TA,N,FuseF,1022,0,2,Fa,1,Detchd,Unf,184.0,N,142,2.0,89500
60.0,7200,OldTown,SFoyer,5,1980,MetalSd,180.0,TA,CBlock,Gd,TA,Gd,GLQ,936.0,TA,Y,SBrkr,936,0,2,TA,0,Detchd,Unf,672.0,Y,49,2.0,140000
56.0,3153,OldTown,1Story,5,1920,MetalSd,0.0,TA,BrkTil,TA,TA,No,Unf,967.0,Gd,Y,SBrkr,967,0,2,TA,1,Detchd,Unf,180.0,N,26,1.0,99900
60.0,10800,OldTown,1Story,4,1885,VinylSd,0.0,TA,BrkTil,Fa,TA,No,Unf,641.0,Gd,Y,SBrkr,1047,0,2,TA,0,Detchd,Unf,273.0,N,0,1.0,100000
60.0,7200,OldTown,1Story,5,1940,VinylSd,279.0,TA,CBlock,TA,TA,No,Unf,808.0,Ex,Y,SBrkr,1072,0,2,TA,2,Detchd,Unf,379.0,Y,0,1.0,130000
120.0,9000,OldTown,1.5Fin,5,1900,Stucco,0.0,TA,BrkTil,TA,Fa,No,BLQ,680.0,Ex,Y,SBrkr,680,494,2,Gd,1,Detchd,Unf,576.0,Y,182,1.0,135000
50.0,6000,OldTown,1.5Fin,3,1948,MetalSd,0.0,TA,CBlock,TA,TA,No,ALQ,649.0,Ex,Y,SBrkr,679,504,2,TA,0,Detchd,Unf,308.0,Y,176,1.5,120000
50.0,5925,OldTown,1Story,4,1937,Stucco,435.0,TA,BrkTil,Fa,TA,No,Rec,907.0,TA,Y,SBrkr,1131,0,2,TA,0,Detchd,Unf,672.0,Y,72,1.0,89471
50.0,5925,OldTown,1.5Fin,4,1900,MetalSd,0.0,TA,BrkTil,Fa,TA,No,LwQ,570.0,Gd,N,SBrkr,761,380,3,TA,0,Detchd,Unf,252.0,Y,96,1.0,85000
50.0,6000,OldTown,1Story,4,1920,MetalSd,0.0,TA,PConc,TA,TA,No,ALQ,960.0,Gd,Y,FuseA,960,0,2,Fa,0,Detchd,Unf,308.0,Y,168,1.0,108500
57.0,9639,OldTown,2Story,4,1900,MetalSd,0.0,TA,PConc,TA,TA,No,Unf,1075.0,Ex,Y,SBrkr,1156,642,4,TA,0,Detchd,Unf,342.0,N,160,2.5,137000
40.0,3880,OldTown,1Story,5,1945,VinylSd,0.0,TA,CBlock,TA,TA,No,ALQ,686.0,Gd,Y,SBrkr,866,0,2,Gd,0,None,None,0.0,Y,100,1.0,110500
60.0,8520,OldTown,1Story,5,1923,Wd Sdng,0.0,Gd,CBlock,TA,TA,No,Unf,968.0,TA,Y,SBrkr,968,0,2,TA,0,Detchd,Unf,480.0,N,184,1.0,100000
60.0,10337,OldTown,2Story,8,1910,VinylSd,0.0,Gd,BrkTil,TA,TA,No,Unf,725.0,Ex,N,SBrkr,909,863,3,Gd,0,Detchd,Unf,816.0,Y,0,2.5,184900
53.0,9863,OldTown,2Story,6,1927,Wd Sdng,0.0,TA,BrkTil,TA,TA,No,LwQ,728.0,TA,Y,SBrkr,914,728,4,TA,1,Detchd,Unf,374.0,Y,0,2.0,145000
60.0,9600,OldTown,1.5Fin,5,1925,VinylSd,0.0,TA,PConc,TA,TA,Mn,Unf,702.0,Gd,Y,SBrkr,842,630,3,Gd,0,Detchd,Unf,250.0,P,84,1.0,125000
35.0,4571,OldTown,2Story,5,1910,MetalSd,0.0,TA,BrkTil,TA,TA,No,BLQ,616.0,Ex,Y,SBrkr,616,616,3,TA,0,Detchd,Unf,480.0,Y,423,1.0,114000
85.0,13600,OldTown,2Story,5,1900,Wd Sdng,0.0,TA,BrkTil,TA,TA,No,Unf,662.0,TA,N,SBrkr,1422,915,5,TA,0,Detchd,Unf,560.0,Y,57,2.0,90000
56.0,8398,OldTown,1.5Fin,6,1910,Wd Sdng,0.0,TA,CBlock,Gd,Gd,No,BLQ,926.0,TA,Y,SBrkr,991,659,3,TA,0,Detchd,Unf,468.0,N,231,2.0,144100
90.0,9900,OldTown,2Story,6,1880,Wd Sdng,0.0,TA,BrkTil,TA,TA,Mn,Unf,1008.0,TA,Y,SBrkr,1178,1032,5,Fa,0,Detchd,Unf,205.0,N,48,2.0,117500
60.0,3600,OldTown,2Story,5,1930,VinylSd,0.0,TA,BrkTil,TA,Fa,No,Rec,687.0,Gd,Y,SBrkr,687,671,3,Gd,1,Detchd,Unf,336.0,Y,32,1.5,124500
75.0,13500,OldTown,2.5Unf,7,1879,Wd Sdng,0.0,TA,PConc,TA,TA,No,Unf,819.0,TA,Y,FuseA,1312,1142,3,TA,1,Attchd,Unf,576.0,N,298,2.0,185000
60.0,7200,OldTown,2.5Unf,6,1910,MetalSd,0.0,TA,BrkTil,TA,Fa,Mn,Rec,1214.0,Ex,N,SBrkr,1260,1031,4,TA,1,Detchd,Unf,506.0,Y,99,2.5,133900
40.0,5400,OldTown,1Story,6,1926,MetalSd,0.0,TA,BrkTil,TA,TA,Mn,LwQ,1149.0,Gd,Y,FuseA,1149,467,3,Gd,0,Detchd,Unf,216.0,Y,183,2.0,152000
90.0,8100,OldTown,1Story,5,1948,VinylSd,0.0,TA,BrkTil,TA,TA,No,Rec,1559.0,Gd,Y,SBrkr,1559,0,2,TA,0,Detchd,Unf,812.0,Y,346,2.0,153500
60.0,10800,OldTown,2Story,7,1890,Wd Sdng,0.0,TA,BrkTil,TA,TA,No,Unf,718.0,Ex,Y,SBrkr,1576,978,3,TA,0,Detchd,Unf,704.0,P,191,1.5,159500
52.0,9439,OldTown,1.5Fin,5,1930,Wd Sdng,0.0,TA,CBlock,TA,TA,No,LwQ,912.0,Gd,Y,FuseA,912,336,2,TA,0,Detchd,Unf,160.0,Y,192,1.0,87000
52.0,8626,OldTown,1Story,4,1956,MetalSd,1.0,TA,CBlock,None,None,None,None,0.0,Gd,Y,SBrkr,968,0,2,TA,0,Attchd,Unf,331.0,Y,0,1.0,104500
76.0,11800,OldTown,SLvl,4,1949,Stucco,0.0,TA,Slab,None,None,None,None,0.0,Ex,Y,SBrkr,1382,0,1,TA,1,Attchd,RFn,384.0,Y,40,2.0,110000
55.0,6854,BrkSide,1Story,5,1925,MetalSd,0.0,TA,PConc,TA,TA,No,LwQ,756.0,TA,N,FuseA,916,144,1,TA,1,Detchd,Unf,308.0,Y,215,2.0,136500
55.0,8674,BrkSide,1.5Fin,5,1950,MetalSd,0.0,TA,CBlock,Fa,TA,No,Rec,910.0,TA,Y,SBrkr,910,525,3,TA,0,Detchd,Unf,308.0,Y,33,2.0,128250
98.0,8731,BrkSide,1Story,5,1920,Stucco,0.0,TA,BrkTil,TA,TA,No,BLQ,915.0,TA,Y,SBrkr,1167,0,3,TA,1,Detchd,Unf,495.0,Y,342,1.0,144000
70.0,8737,BrkSide,1.5Fin,6,1923,BrkFace,0.0,TA,BrkTil,Gd,TA,No,Rec,1065.0,Ex,Y,FuseA,915,720,3,TA,1,Detchd,Unf,440.0,Y,38,1.5,210000
50.0,6125,BrkSide,1.5Fin,5,1939,MetalSd,0.0,TA,CBlock,TA,TA,No,Rec,728.0,Ex,Y,SBrkr,728,546,3,TA,0,Detchd,Unf,224.0,Y,192,2.0,135000
50.0,6000,BrkSide,2Story,6,1939,MetalSd,0.0,TA,CBlock,TA,TA,Mn,Rec,600.0,Ex,Y,SBrkr,608,624,3,TA,2,Attchd,Unf,217.0,Y,0,1.5,128000
60.0,6000,BrkSide,1.5Fin,6,1941,Wd Sdng,0.0,TA,BrkTil,TA,Gd,No,ALQ,735.0,Ex,Y,SBrkr,869,349,3,TA,1,Detchd,Unf,440.0,Y,0,1.5,131000
51.0,6120,BrkSide,1.5Unf,5,1939,AsbShng,0.0,Gd,BrkTil,TA,TA,No,Unf,884.0,Ex,Y,SBrkr,884,0,2,TA,0,Detchd,Unf,240.0,Y,136,1.0,113000
51.0,6240,BrkSide,1.5Fin,6,1938,VinylSd,0.0,TA,BrkTil,TA,TA,No,LwQ,861.0,Gd,Y,SBrkr,861,548,3,TA,1,Detchd,Unf,528.0,Y,309,2.5,126000
52.0,6240,BrkSide,1.5Fin,5,1939,Wd Sdng,0.0,TA,BrkTil,TA,TA,No,Rec,672.0,Ex,Y,SBrkr,899,423,4,TA,0,Detchd,Unf,280.0,Y,0,2.0,132000
52.0,6240,BrkSide,1.5Fin,5,1930,Wd Sdng,0.0,TA,BrkTil,TA,TA,No,Unf,966.0,Ex,Y,SBrkr,1014,412,3,TA,1,Detchd,Unf,230.0,Y,270,1.0,131750
51.0,6120,BrkSide,1.5Fin,5,1926,Wd Sdng,0.0,TA,BrkTil,TA,TA,No,ALQ,756.0,Gd,Y,FuseA,903,378,2,Gd,0,Detchd,Unf,379.0,Y,25,2.0,132500
51.0,6120,BrkSide,2Story,5,1920,MetalSd,0.0,TA,BrkTil,TA,TA,Mn,Unf,939.0,Ex,Y,SBrkr,939,574,4,TA,0,Detchd,Unf,180.0,N,174,1.5,137500
51.0,6120,BrkSide,1.5Unf,7,1929,Wd Sdng,0.0,TA,BrkTil,TA,TA,No,Unf,832.0,Ex,Y,FuseA,854,0,2,TA,0,Detchd,Unf,576.0,Y,160,1.0,132000
52.0,6240,BrkSide,1.5Fin,6,1931,Wd Sdng,0.0,TA,BrkTil,TA,Fa,No,LwQ,884.0,TA,Y,FuseA,959,408,3,TA,1,Detchd,Unf,560.0,Y,120,1.0,127500
60.0,6180,BrkSide,1Story,6,1926,Wd Sdng,0.0,TA,BrkTil,TA,TA,No,Unf,960.0,TA,N,SBrkr,986,0,2,TA,1,Detchd,Unf,180.0,Y,128,1.0,102000
47.0,7755,OldTown,2Story,6,1918,Wd Sdng,0.0,TA,CBlock,TA,TA,No,Unf,1100.0,Ex,Y,FuseA,1100,1164,4,TA,0,Detchd,Unf,408.0,Y,152,2.5,200000
60.0,13515,BrkSide,2Story,6,1919,Wd Sdng,0.0,TA,PConc,TA,TA,No,Unf,764.0,Ex,Y,FuseA,1060,764,3,TA,1,Detchd,Unf,520.0,N,126,1.0,180500
60.0,8850,BrkSide,1.5Fin,6,1920,Wd Sdng,0.0,TA,PConc,TA,TA,No,Unf,768.0,Ex,Y,SBrkr,752,624,3,Gd,0,Detchd,Unf,576.0,P,198,1.0,165000
60.0,8550,BrkSide,1.5Fin,5,1926,HdBoard,0.0,TA,PConc,Fa,TA,No,Unf,750.0,TA,Y,SBrkr,960,356,4,TA,0,Detchd,Unf,576.0,Y,0,1.0,90000
60.0,8730,BrkSide,2Story,6,1915,Wd Sdng,0.0,TA,BrkTil,TA,TA,No,Unf,698.0,Ex,Y,FuseA,698,698,3,TA,0,Detchd,Unf,384.0,Y,259,1.0,153575
60.0,5700,OldTown,2Story,7,1929,Wd Sdng,0.0,TA,BrkTil,TA,TA,No,Rec,672.0,Gd,N,FuseA,672,672,3,Gd,1,Attchd,Unf,456.0,Y,70,2.5,140000
60.0,8520,OldTown,1.5Fin,6,1916,Stucco,0.0,TA,BrkTil,TA,TA,No,Rec,714.0,TA,N,SBrkr,1664,862,5,Gd,1,Detchd,Unf,216.0,Y,103,2.0,136000
40.0,5680,OldTown,1.5Fin,5,1901,AsbShng,0.0,TA,CBlock,TA,TA,No,Unf,592.0,TA,N,FuseA,933,240,3,TA,0,Detchd,Unf,240.0,Y,102,2.0,113000
40.0,5680,OldTown,1.5Fin,5,1901,AsbShng,0.0,TA,CBlock,TA,TA,No,Unf,969.0,TA,N,FuseA,969,245,2,TA,0,Detchd,Unf,216.0,N,77,1.0,117000
60.0,7758,IDOTRR,1.5Fin,7,1931,Stucco,600.0,TA,PConc,TA,TA,No,LwQ,1040.0,Ex,Y,FuseF,1226,592,4,TA,2,Detchd,Unf,240.0,Y,184,1.5,169500
57.0,7449,IDOTRR,1.5Unf,7,1930,Wd Sdng,0.0,TA,PConc,TA,TA,No,Unf,637.0,Ex,Y,FuseF,1108,0,3,Gd,1,Attchd,Unf,280.0,N,205,1.0,139400
120.0,13200,IDOTRR,SLvl,6,1963,HdBoard,234.0,TA,CBlock,TA,TA,No,BLQ,741.0,Fa,Y,SBrkr,1497,797,5,TA,1,Attchd,Unf,658.0,Y,110,3.0,202500
60.0,6882,IDOTRR,2Story,6,1914,Wd Sdng,0.0,TA,PConc,TA,TA,No,Unf,684.0,TA,Y,SBrkr,773,582,3,Gd,0,None,None,0.0,Y,251,1.5,127000
50.0,9000,IDOTRR,1.5Fin,6,1937,Wd Sdng,0.0,TA,PConc,TA,TA,No,Unf,780.0,TA,Y,SBrkr,780,595,3,Gd,1,Detchd,Unf,544.0,P,288,1.5,141000
60.0,9780,IDOTRR,2Story,7,1950,VinylSd,0.0,TA,CBlock,TA,TA,No,LwQ,976.0,Ex,Y,SBrkr,976,976,4,Gd,2,Detchd,Fin,299.0,Y,501,1.5,212300
60.0,10320,IDOTRR,1.5Fin,6,1915,MetalSd,0.0,TA,CBlock,TA,Fa,No,LwQ,1138.0,Gd,Y,SBrkr,1138,1042,3,TA,1,Detchd,Unf,720.0,N,170,1.5,161000
52.0,4330,IDOTRR,1.5Fin,4,1958,MetalSd,0.0,TA,BrkTil,Fa,TA,No,Rec,808.0,TA,Y,SBrkr,838,477,3,TA,0,Detchd,RFn,436.0,Y,0,3.0,99500
60.0,7200,IDOTRR,2.5Unf,5,1920,MetalSd,0.0,TA,BrkTil,TA,Fa,No,Unf,530.0,TA,N,SBrkr,581,530,3,Fa,0,Detchd,Unf,288.0,N,144,1.0,101000
40.0,4800,IDOTRR,1Story,4,1916,MetalSd,0.0,TA,CBlock,TA,TA,No,LwQ,1196.0,Ex,Y,FuseA,1196,0,2,TA,0,Detchd,Unf,440.0,Y,0,2.0,109900
60.0,12358,OldTown,1.5Fin,5,1941,MetalSd,0.0,TA,CBlock,TA,TA,No,Rec,720.0,TA,Y,SBrkr,854,0,2,TA,0,Detchd,Unf,660.0,Y,237,1.5,128500
60.0,10120,OldTown,2.5Unf,7,1910,Wd Sdng,0.0,Fa,CBlock,TA,TA,No,Unf,925.0,TA,N,FuseF,964,925,4,TA,1,Detchd,Unf,308.0,N,264,1.5,122000
55.0,4388,OldTown,1.5Unf,5,1930,WdShing,0.0,TA,BrkTil,TA,TA,No,LwQ,672.0,Ex,Y,SBrkr,840,0,3,TA,1,None,None,0.0,N,0,1.0,87000
60.0,10320,IDOTRR,1.5Fin,4,1910,Wd Sdng,0.0,Fa,CBlock,TA,Fa,No,Unf,771.0,Fa,Y,SBrkr,866,504,3,TA,0,Detchd,Unf,264.0,N,309,2.0,50000
107.0,12888,Sawyer,2Story,7,1937,Wd Sdng,0.0,TA,CBlock,TA,TA,No,ALQ,1005.0,TA,Y,SBrkr,1262,1005,3,TA,2,Attchd,Fin,498.0,Y,521,2.5,219000
138.0,18030,ClearCr,1.5Fin,5,1946,MetalSd,0.0,TA,CBlock,TA,TA,No,Rec,1598.0,TA,Y,SBrkr,1636,971,3,Ex,1,None,None,0.0,Y,122,3.0,200500
60.0,8160,Edwards,1.5Fin,5,1940,MetalSd,0.0,TA,BrkTil,TA,TA,No,ALQ,756.0,Fa,N,FuseF,756,378,3,TA,0,Detchd,Unf,240.0,P,0,2.5,126000
59.0,4484,SWISU,1.5Fin,5,1942,Plywood,0.0,TA,CBlock,TA,TA,No,ALQ,672.0,TA,N,SBrkr,778,504,2,TA,0,Detchd,Unf,240.0,Y,88,2.0,108500
75.0,11235,Sawyer,SFoyer,5,1963,HdBoard,0.0,TA,CBlock,Gd,TA,Av,ALQ,925.0,TA,Y,SBrkr,999,0,3,TA,0,Detchd,Unf,308.0,Y,216,2.0,130000
75.0,11235,Sawyer,SFoyer,5,1964,HdBoard,30.0,TA,CBlock,Gd,TA,Av,BLQ,1420.0,Gd,Y,SBrkr,1452,0,2,TA,1,Detchd,Unf,572.0,Y,180,2.0,158450
62.0,14299,Sawyer,1Story,4,1964,HdBoard,0.0,TA,CBlock,TA,TA,No,Rec,1005.0,TA,Y,SBrkr,1005,0,3,TA,0,Detchd,Unf,440.0,N,0,2.0,115400
61.0,7943,Sawyer,1Story,4,1961,VinylSd,192.0,TA,CBlock,TA,TA,Mn,Rec,1029.0,Gd,Y,SBrkr,1029,0,3,TA,0,Attchd,Unf,261.0,Y,103,2.0,118500
65.0,14149,Sawyer,SLvl,5,1964,HdBoard,50.0,Gd,CBlock,TA,TA,Gd,LwQ,980.0,TA,Y,SBrkr,1020,0,3,TA,1,Detchd,Unf,528.0,Y,0,2.5,165000
72.0,11677,Sawyer,1Story,5,1966,HdBoard,442.0,TA,CBlock,TA,TA,Av,Rec,1040.0,TA,Y,SBrkr,1040,0,3,TA,0,Attchd,RFn,264.0,Y,90,2.0,123000
70.0,8400,Sawyer,SFoyer,6,1966,VinylSd,0.0,TA,CBlock,TA,TA,Gd,LwQ,814.0,Gd,Y,SBrkr,913,0,3,TA,0,Detchd,Unf,240.0,Y,252,2.0,129000
99.0,7094,Sawyer,1Story,5,1966,VinylSd,0.0,TA,CBlock,TA,TA,No,Rec,894.0,TA,Y,SBrkr,894,0,3,TA,0,Detchd,RFn,384.0,Y,0,1.0,125000
72.0,8978,Sawyer,1Story,5,1968,Plywood,0.0,TA,PConc,TA,TA,No,Unf,948.0,TA,Y,SBrkr,948,0,3,TA,0,Attchd,Unf,300.0,Y,147,1.0,108000
70.0,8425,Sawyer,1Story,5,1971,HdBoard,0.0,TA,CBlock,Gd,TA,Av,GLQ,768.0,Gd,Y,SBrkr,868,0,2,TA,0,Detchd,Unf,576.0,Y,138,2.0,119900
86.0,8665,Sawyer,1Story,5,1968,HdBoard,89.0,TA,CBlock,TA,TA,Mn,Rec,876.0,TA,Y,SBrkr,897,0,3,TA,0,Attchd,RFn,264.0,Y,0,1.0,115000
72.0,8398,Sawyer,1Story,5,1967,MetalSd,323.0,TA,CBlock,TA,TA,No,LwQ,943.0,TA,Y,SBrkr,943,0,2,TA,0,Detchd,Unf,528.0,Y,132,2.0,134500
66.0,7742,Sawyer,1Story,5,1966,HdBoard,0.0,TA,CBlock,TA,TA,No,BLQ,955.0,Ex,Y,SBrkr,955,0,3,TA,0,Attchd,Unf,386.0,Y,0,2.0,127000
109.0,8724,Sawyer,1Story,5,1968,VinylSd,0.0,TA,CBlock,Gd,TA,No,BLQ,894.0,Gd,Y,SBrkr,894,0,3,TA,1,Attchd,Fin,450.0,Y,0,1.0,129000
71.0,8197,Sawyer,1Story,6,1977,Plywood,148.0,TA,CBlock,TA,TA,No,Unf,660.0,Ex,Y,SBrkr,1285,0,3,TA,1,Attchd,RFn,528.0,Y,138,1.5,143500
72.0,8169,Sawyer,1Story,5,1966,Plywood,0.0,TA,CBlock,TA,TA,No,Rec,912.0,Ex,Y,SBrkr,912,0,3,Gd,0,Detchd,Unf,315.0,Y,204,2.0,129000
81.0,14175,Sawyer,1Story,5,1956,BrkFace,0.0,TA,CBlock,TA,TA,No,Rec,1240.0,Gd,Y,SBrkr,1375,0,3,TA,1,Attchd,Unf,323.0,Y,0,2.0,187000
99.0,16779,Sawyer,2Story,5,1920,Wd Sdng,356.0,TA,CBlock,Gd,TA,No,BLQ,671.0,Fa,Y,SBrkr,1567,1087,4,TA,1,Attchd,Unf,638.0,Y,698,3.0,158000
72.0,25339,Sawyer,1Story,5,1918,Wd Sdng,0.0,TA,BrkTil,TA,TA,No,Unf,816.0,Ex,Y,SBrkr,1416,0,3,Gd,0,Attchd,Unf,576.0,N,112,2.0,112000
70.0,6960,Sawyer,1.5Fin,7,1940,Wd Sdng,0.0,TA,BrkTil,TA,TA,No,ALQ,680.0,Ex,Y,FuseA,798,504,2,Gd,2,Attchd,Unf,224.0,Y,126,1.5,165250
91.0,11375,Sawyer,1Story,6,1954,VinylSd,0.0,TA,CBlock,TA,TA,No,Rec,967.0,TA,Y,SBrkr,1299,0,3,Gd,1,Attchd,Unf,494.0,Y,361,1.0,150000
85.0,13770,Sawyer,1Story,5,1958,Plywood,340.0,TA,CBlock,TA,TA,Mn,Rec,1158.0,TA,Y,SBrkr,1176,0,3,TA,2,Attchd,Unf,303.0,Y,0,2.0,137000
72.0,9000,Sawyer,1Story,4,1945,Wd Sdng,0.0,Fa,Slab,None,None,None,None,0.0,TA,N,FuseA,998,0,3,TA,0,2Types,Unf,460.0,Y,140,1.0,89500
80.5,115149,ClearCr,1Story,7,1971,Plywood,351.0,TA,CBlock,Gd,TA,Gd,GLQ,1643.0,TA,Y,SBrkr,1824,0,2,Gd,2,Attchd,Unf,739.0,Y,428,3.0,302000
80.5,11075,ClearCr,1Story,6,1984,Wd Sdng,136.0,TA,PConc,Gd,TA,No,BLQ,1190.0,Ex,Y,SBrkr,1522,0,3,TA,1,Attchd,Fin,552.0,Y,245,2.0,182000
97.0,10029,ClearCr,2Story,6,1988,Plywood,268.0,Gd,PConc,Gd,TA,No,GLQ,1151.0,TA,Y,SBrkr,1164,896,4,TA,1,Attchd,Unf,521.0,Y,420,3.0,211000
64.0,17541,Edwards,1Story,5,1948,Wd Sdng,0.0,TA,CBlock,TA,Gd,Mn,BLQ,409.0,Ex,Y,SBrkr,1325,0,3,Gd,1,Detchd,Unf,576.0,Y,42,2.0,216000
64.0,22692,Edwards,1Story,5,1953,MetalSd,0.0,TA,CBlock,TA,TA,No,Rec,1073.0,TA,Y,SBrkr,1630,0,3,TA,1,Detchd,Unf,649.0,P,64,2.0,130000
84.0,17808,Edwards,1Story,4,1946,Wd Sdng,0.0,TA,CBlock,TA,TA,No,Unf,484.0,TA,N,SBrkr,1242,0,2,TA,0,Attchd,Unf,336.0,N,0,1.0,109900
102.0,12671,ClearCr,1Story,6,1954,MetalSd,300.0,TA,CBlock,Gd,Fa,No,LwQ,1288.0,Ex,Y,SBrkr,2422,0,4,Gd,2,Attchd,Fin,527.0,Y,207,3.0,255000
84.0,12615,Edwards,1Story,6,1950,WdShing,0.0,TA,CBlock,TA,Gd,Av,ALQ,1202.0,TA,Y,SBrkr,2158,0,4,Gd,1,Attchd,Unf,576.0,Y,68,3.0,243000
70.0,10512,Edwards,1.5Fin,6,1954,Wd Sdng,0.0,TA,CBlock,TA,TA,No,BLQ,988.0,Ex,Y,SBrkr,988,638,3,Gd,0,Attchd,Unf,332.0,Y,366,1.5,154000
60.0,5400,SWISU,1Story,5,1958,MetalSd,0.0,TA,CBlock,TA,TA,No,Rec,864.0,TA,Y,SBrkr,864,0,3,TA,0,Attchd,Unf,399.0,Y,0,1.5,118000
64.0,11515,Edwards,1Story,4,1958,HdBoard,0.0,TA,Slab,None,None,None,None,0.0,TA,N,SBrkr,943,0,3,Gd,0,Detchd,Unf,308.0,N,60,1.0,80000
42.0,7711,Edwards,1Story,4,1977,MetalSd,0.0,TA,PConc,Gd,TA,Gd,GLQ,1440.0,TA,Y,SBrkr,1440,0,4,TA,0,None,None,0.0,N,321,4.0,150000
58.0,9098,Edwards,1Story,4,1920,Wd Sdng,0.0,TA,BrkTil,TA,TA,Mn,ALQ,528.0,Ex,Y,SBrkr,605,0,2,TA,0,None,None,0.0,N,144,2.0,86000
39.0,3869,Edwards,1Story,5,1984,Wd Sdng,149.0,Gd,CBlock,TA,TA,No,LwQ,1038.0,Gd,Y,SBrkr,1038,0,2,TA,0,Attchd,RFn,264.0,Y,105,2.0,130000
58.0,9280,Edwards,1Story,5,1951,Wd Sdng,0.0,TA,CBlock,Fa,TA,No,ALQ,1342.0,Ex,Y,SBrkr,1342,0,4,TA,0,Detchd,Unf,256.0,Y,0,2.0,125000
60.0,11100,Edwards,1.5Fin,5,1951,Wd Sdng,0.0,TA,PConc,TA,TA,Mn,LwQ,1080.0,TA,N,SBrkr,1080,400,4,TA,1,Attchd,Unf,253.0,Y,68,2.0,136500
50.0,7550,Edwards,1.5Fin,4,1920,MetalSd,0.0,Fa,BrkTil,TA,Fa,No,Unf,951.0,Fa,N,SBrkr,986,376,4,TA,0,Detchd,Unf,280.0,P,0,2.0,96000
60.0,9060,Edwards,1Story,5,1957,Wd Sdng,98.0,TA,PConc,None,None,None,None,0.0,Ex,Y,SBrkr,1340,0,3,TA,1,Attchd,RFn,252.0,Y,116,1.0,120000
104.0,23920,SawyerW,1.5Fin,6,1984,Wd Sdng,0.0,TA,CBlock,TA,TA,No,Unf,1105.0,Ex,Y,SBrkr,1105,717,4,Gd,1,Attchd,Unf,515.0,P,1207,2.0,228500
114.0,10357,SawyerW,1Story,7,1990,HdBoard,0.0,Gd,PConc,Gd,TA,Mn,GLQ,910.0,Gd,Y,SBrkr,1442,0,3,Gd,1,Attchd,Fin,719.0,Y,244,3.0,179900
116.0,13474,SawyerW,2Story,7,1990,HdBoard,246.0,Gd,CBlock,Gd,TA,No,ALQ,700.0,Gd,Y,SBrkr,1122,1121,4,Gd,1,Attchd,RFn,746.0,Y,395,3.5,225000
86.0,10380,SawyerW,2Story,7,1986,Plywood,172.0,Gd,CBlock,TA,TA,Gd,LwQ,1502.0,Ex,Y,SBrkr,1553,1177,4,Gd,1,Attchd,Fin,576.0,Y,297,3.5,301000
103.0,13125,SawyerW,2Story,7,1991,HdBoard,0.0,Gd,PConc,Ex,TA,Mn,BLQ,1104.0,Ex,Y,SBrkr,912,1215,4,Gd,1,Attchd,RFn,833.0,Y,488,3.5,238000
82.0,11287,SawyerW,2Story,7,1989,Plywood,340.0,Gd,CBlock,Gd,TA,Av,GLQ,807.0,Gd,Y,SBrkr,1175,807,3,Gd,1,Attchd,Fin,575.0,Y,84,2.5,228500
75.0,9317,SawyerW,2Story,7,1994,VinylSd,0.0,Gd,PConc,Gd,Gd,No,GLQ,779.0,Ex,Y,SBrkr,1029,929,3,Gd,1,Attchd,RFn,499.0,Y,295,3.5,220000
77.0,9965,CollgCr,2Story,7,2007,VinylSd,220.0,Gd,PConc,Ex,TA,Av,GLQ,1264.0,Ex,Y,SBrkr,1282,1414,4,Ex,1,BuiltIn,Fin,792.0,Y,472,3.5,383970
77.0,9965,CollgCr,2Story,8,2006,VinylSd,340.0,Gd,PConc,Ex,TA,Gd,GLQ,1466.0,Ex,Y,SBrkr,1466,1362,4,Gd,1,BuiltIn,RFn,1052.0,Y,269,4.0,424870
71.0,9178,CollgCr,1Story,8,2007,VinylSd,306.0,Gd,PConc,Gd,TA,Av,Unf,1643.0,Ex,Y,SBrkr,1651,0,3,Gd,1,Attchd,Fin,870.0,Y,268,2.0,250000
93.0,10481,CollgCr,1Story,8,2006,CemntBd,0.0,Gd,PConc,Gd,TA,Av,Unf,2140.0,Ex,Y,SBrkr,2140,0,3,Gd,0,Attchd,Fin,894.0,Y,168,2.5,360000
91.0,10652,CollgCr,1Story,7,2006,VinylSd,306.0,Gd,PConc,Gd,TA,Av,Unf,1494.0,Ex,Y,SBrkr,1494,0,3,Gd,1,Attchd,RFn,840.0,Y,193,2.0,279500
103.0,11175,CollgCr,1Story,7,2007,VinylSd,0.0,Gd,PConc,Gd,TA,Av,Unf,1316.0,Ex,Y,SBrkr,1316,0,3,Gd,1,Attchd,Fin,440.0,Y,20,2.0,200141
66.0,10235,CollgCr,1Story,8,2007,VinylSd,306.0,Gd,PConc,Gd,TA,Av,Unf,1643.0,Ex,Y,SBrkr,1651,0,3,Gd,1,Attchd,RFn,870.0,Y,256,2.0,246500
69.0,9588,CollgCr,2Story,8,2007,CemntBd,270.0,Gd,PConc,Ex,TA,No,Unf,1482.0,Ex,Y,SBrkr,1482,1092,3,Ex,1,BuiltIn,Fin,868.0,Y,148,2.5,276000
68.0,8814,CollgCr,1Story,7,2005,VinylSd,80.0,Gd,PConc,Gd,TA,No,GLQ,1274.0,Ex,Y,SBrkr,1274,0,3,Gd,0,Attchd,RFn,508.0,Y,362,3.0,203000
85.0,11103,CollgCr,2Story,7,2006,VinylSd,0.0,Gd,PConc,Gd,TA,No,Unf,728.0,Ex,Y,SBrkr,728,728,3,Gd,1,Attchd,Fin,440.0,Y,0,2.5,155835
74.0,8556,CollgCr,1Story,7,2006,VinylSd,0.0,Gd,PConc,Gd,TA,Av,Unf,1240.0,Ex,Y,SBrkr,1240,0,2,Gd,0,Attchd,RFn,826.0,Y,233,2.0,194000
64.0,6762,CollgCr,1Story,7,2007,VinylSd,108.0,Gd,PConc,Gd,TA,No,GLQ,1208.0,Ex,Y,SBrkr,1208,0,2,Gd,0,Attchd,RFn,628.0,Y,159,3.0,195400
75.0,11750,CollgCr,1Story,7,2005,VinylSd,204.0,Gd,PConc,Gd,TA,Mn,GLQ,1546.0,Ex,Y,SBrkr,1546,0,3,Gd,0,Attchd,RFn,796.0,Y,186,2.0,217000
73.0,8760,CollgCr,1Story,8,2006,VinylSd,132.0,Gd,PConc,Gd,TA,No,GLQ,1489.0,Ex,Y,SBrkr,1500,0,3,Gd,1,Attchd,RFn,674.0,Y,182,2.0,212999
64.0,7242,CollgCr,1Story,7,2005,VinylSd,0.0,Gd,PConc,Gd,TA,No,Unf,1270.0,Ex,Y,SBrkr,1270,0,2,Gd,0,Attchd,RFn,524.0,Y,96,2.0,175900
78.0,9316,CollgCr,2Story,7,2005,VinylSd,0.0,Gd,PConc,Gd,TA,Gd,Unf,879.0,Ex,Y,SBrkr,879,916,3,Gd,0,Attchd,RFn,578.0,Y,275,2.5,191000
78.0,9317,CollgCr,1Story,6,2006,VinylSd,0.0,Gd,PConc,Gd,TA,No,GLQ,1314.0,Gd,Y,SBrkr,1314,0,3,Gd,1,Attchd,RFn,440.0,Y,22,2.0,176432
67.0,14364,SawyerW,2Story,7,1988,Plywood,128.0,Gd,CBlock,Gd,TA,Gd,GLQ,1157.0,Ex,Y,SBrkr,1180,882,3,TA,1,Attchd,Fin,454.0,Y,269,3.5,277000
67.0,8883,SawyerW,2Story,7,1988,HdBoard,360.0,Gd,PConc,Gd,TA,No,GLQ,929.0,Ex,Y,SBrkr,946,927,3,Gd,1,Attchd,RFn,619.0,Y,300,3.5,207000
80.5,159000,ClearCr,1.5Fin,6,1958,Wd Sdng,472.0,Gd,CBlock,Gd,TA,Gd,Rec,1444.0,Gd,Y,SBrkr,1444,700,4,Gd,2,Attchd,Fin,389.0,Y,98,2.5,277000
80.5,53107,ClearCr,2Story,6,1992,HdBoard,0.0,Gd,PConc,Gd,TA,Av,GLQ,1580.0,Ex,Y,SBrkr,1079,874,3,Gd,2,Attchd,Fin,501.0,Y,447,3.5,240000
80.5,12205,ClearCr,2Story,6,1966,HdBoard,157.0,TA,CBlock,TA,Fa,Gd,LwQ,832.0,Gd,Y,SBrkr,976,1111,5,Gd,0,Attchd,Fin,444.0,Y,301,2.5,187500
155.0,20064,ClearCr,1Story,8,1976,Wd Sdng,0.0,Gd,CBlock,Gd,Gd,Gd,LwQ,966.0,Ex,Y,SBrkr,1743,0,0,Gd,2,Attchd,Fin,529.0,Y,646,2.5,279000
70.0,14217,CollgCr,1Story,5,1994,VinylSd,0.0,TA,PConc,Gd,TA,No,ALQ,1022.0,Gd,Y,SBrkr,1022,0,3,TA,0,Detchd,Unf,747.0,Y,0,1.5,139500
65.0,8775,CollgCr,1Story,5,1994,VinylSd,0.0,TA,PConc,Gd,TA,No,GLQ,990.0,Gd,Y,SBrkr,990,0,3,TA,0,Attchd,Unf,299.0,Y,64,1.0,126000
105.0,11249,CollgCr,1Story,6,1995,VinylSd,0.0,Gd,PConc,Gd,Gd,No,ALQ,1200.0,Ex,Y,SBrkr,1200,0,3,Gd,0,Attchd,RFn,521.0,Y,26,3.0,177500
57.0,10021,CollgCr,2Story,6,1997,VinylSd,0.0,TA,PConc,Gd,TA,No,GLQ,635.0,Ex,Y,SBrkr,646,662,3,Gd,0,Attchd,RFn,497.0,Y,196,3.5,175000
70.0,9531,CollgCr,2Story,6,1998,VinylSd,0.0,TA,PConc,Gd,TA,Mn,GLQ,794.0,Ex,Y,SBrkr,882,914,3,TA,0,Attchd,RFn,546.0,Y,36,3.5,211000
60.0,8428,CollgCr,1Story,5,1994,VinylSd,0.0,TA,PConc,Gd,Gd,No,GLQ,990.0,Ex,Y,SBrkr,990,0,3,TA,0,Detchd,Unf,384.0,Y,256,2.0,146000
70.0,16561,CollgCr,1Story,5,1996,VinylSd,0.0,TA,PConc,Gd,TA,No,ALQ,1097.0,Ex,Y,SBrkr,1097,0,3,TA,0,Attchd,Unf,242.0,Y,306,2.5,147900
60.0,8070,CollgCr,1Story,4,1994,VinylSd,0.0,TA,PConc,Gd,TA,No,GLQ,990.0,Ex,Y,SBrkr,990,0,3,TA,0,None,None,0.0,Y,0,2.0,123600
69.0,9337,CollgCr,2Story,6,1997,VinylSd,0.0,TA,PConc,Gd,TA,No,GLQ,824.0,Ex,Y,SBrkr,905,881,3,Gd,0,Attchd,RFn,684.0,Y,162,3.5,204750
47.0,10820,CollgCr,2Story,7,1999,VinylSd,0.0,Gd,PConc,Gd,TA,Gd,GLQ,988.0,Ex,Y,SBrkr,988,885,3,Gd,1,Attchd,RFn,597.0,Y,325,2.5,235500
43.0,12352,CollgCr,2Story,7,1998,VinylSd,290.0,Gd,PConc,Gd,TA,No,GLQ,853.0,Ex,Y,SBrkr,853,900,3,TA,1,Attchd,RFn,534.0,Y,74,3.5,217000
68.0,9543,CollgCr,2Story,7,2001,VinylSd,0.0,Gd,PConc,Gd,TA,No,Unf,845.0,Ex,Y,SBrkr,845,845,3,Gd,0,Attchd,RFn,517.0,Y,103,2.5,190550
70.0,8826,CollgCr,2Story,7,2000,VinylSd,144.0,Gd,PConc,Gd,TA,No,GLQ,985.0,Ex,Y,SBrkr,985,857,3,Gd,1,Attchd,Fin,486.0,Y,289,3.5,217500
72.0,10665,CollgCr,1Story,7,2003,VinylSd,167.0,Gd,PConc,Gd,TA,Av,GLQ,1453.0,Ex,Y,SBrkr,1479,0,3,Gd,0,Attchd,RFn,558.0,Y,173,3.0,226000
72.0,11317,CollgCr,2Story,7,2003,VinylSd,101.0,Gd,PConc,Gd,TA,No,Unf,840.0,Ex,Y,SBrkr,840,828,3,Gd,0,Attchd,RFn,500.0,Y,212,2.5,180000
97.0,11800,CollgCr,1Story,5,1974,HdBoard,0.0,TA,CBlock,Gd,TA,Av,BLQ,864.0,TA,Y,SBrkr,894,0,3,TA,0,Attchd,Unf,440.0,Y,0,1.0,131000
59.0,8660,CollgCr,SLvl,5,1976,VinylSd,113.0,TA,CBlock,Gd,TA,Av,GLQ,1015.0,TA,Y,SBrkr,1025,0,3,TA,1,Detchd,Unf,370.0,Y,127,2.0,153500
72.0,9720,CollgCr,SLvl,5,1977,Plywood,51.0,TA,CBlock,TA,Ex,Av,ALQ,995.0,TA,Y,SBrkr,1009,0,3,TA,1,Detchd,Unf,576.0,Y,0,2.0,160000
45.0,8982,CollgCr,1Story,5,1977,CemntBd,0.0,TA,CBlock,Gd,TA,Av,ALQ,1040.0,TA,Y,SBrkr,1040,0,3,TA,0,Detchd,Unf,748.0,Y,0,1.5,134900
39.0,16300,CollgCr,1Story,5,1977,HdBoard,0.0,TA,CBlock,Gd,TA,Av,Rec,876.0,TA,Y,SBrkr,907,0,3,TA,0,Attchd,RFn,308.0,Y,0,2.0,130000
75.0,9675,CollgCr,1Story,5,1975,HdBoard,0.0,TA,CBlock,TA,TA,No,BLQ,864.0,TA,Y,SBrkr,879,0,3,TA,0,Attchd,Unf,440.0,Y,80,1.0,120000
70.0,7700,CollgCr,1Story,5,1972,VinylSd,0.0,TA,CBlock,TA,TA,No,LwQ,882.0,TA,Y,SBrkr,882,0,3,TA,0,Detchd,Unf,461.0,Y,96,2.0,112500
120.0,10356,CollgCr,1Story,5,1975,HdBoard,0.0,TA,CBlock,TA,TA,Av,BLQ,969.0,TA,Y,SBrkr,969,0,3,TA,0,Attchd,Unf,440.0,Y,0,1.5,122000
60.0,7200,CollgCr,1Story,5,1972,VinylSd,0.0,TA,CBlock,TA,TA,No,ALQ,864.0,Gd,Y,SBrkr,864,0,3,Ex,0,Detchd,Fin,576.0,Y,155,2.0,127000
60.0,7200,CollgCr,1Story,4,1972,Plywood,0.0,TA,CBlock,TA,TA,No,Rec,385.0,Gd,Y,SBrkr,875,0,3,Gd,0,Detchd,Unf,728.0,Y,352,1.0,117000
80.0,10386,CollgCr,1Story,8,2004,CemntBd,246.0,Gd,PConc,Gd,TA,No,GLQ,2000.0,Ex,Y,SBrkr,2000,0,3,Gd,0,Attchd,Fin,888.0,Y,168,3.0,305900
70.0,9375,CollgCr,2Story,8,2002,VinylSd,149.0,Gd,PConc,Gd,TA,No,Unf,1284.0,Ex,Y,SBrkr,1284,885,3,Gd,1,Attchd,RFn,647.0,Y,279,2.5,228500
70.0,11354,CollgCr,1Story,7,2000,VinylSd,0.0,Gd,PConc,TA,TA,Gd,GLQ,1673.0,Ex,Y,SBrkr,1673,0,3,Gd,1,Attchd,RFn,583.0,Y,535,3.0,270000
70.0,8749,CollgCr,1Story,7,2002,VinylSd,100.0,Gd,PConc,Gd,TA,No,Unf,1459.0,Ex,Y,SBrkr,1459,0,3,Gd,1,Attchd,RFn,527.0,Y,231,2.0,192000
70.0,8749,CollgCr,2Story,7,2003,VinylSd,0.0,Gd,PConc,Gd,TA,No,GLQ,979.0,Ex,Y,SBrkr,992,940,3,Gd,1,Attchd,RFn,610.0,Y,120,3.5,213000
65.0,8158,CollgCr,2Story,7,2002,VinylSd,214.0,Gd,PConc,Gd,TA,No,Unf,860.0,Ex,Y,SBrkr,860,869,3,Gd,0,Attchd,Fin,542.0,Y,449,2.5,200000
66.0,16226,CollgCr,2Story,8,1998,VinylSd,0.0,Gd,PConc,Gd,TA,No,GLQ,1028.0,Ex,Y,SBrkr,1210,1242,4,Gd,1,BuiltIn,Fin,683.0,Y,258,2.5,267000
73.0,11927,CollgCr,1Story,8,1994,HdBoard,519.0,Gd,PConc,Gd,TA,Gd,BLQ,1556.0,Ex,Y,SBrkr,1592,0,3,Gd,1,Attchd,Fin,484.0,Y,155,2.0,228000
70.0,12728,CollgCr,2Story,8,2001,VinylSd,256.0,Gd,PConc,Gd,TA,Mn,GLQ,1531.0,Ex,Y,SBrkr,1531,908,4,Gd,1,Attchd,Fin,560.0,Y,305,3.5,275000
70.0,15295,CollgCr,2Story,7,1996,VinylSd,254.0,Gd,PConc,Gd,TA,Mn,GLQ,860.0,Ex,Y,SBrkr,1212,780,3,Gd,2,Attchd,RFn,608.0,Y,257,3.5,211000
90.0,11248,CollgCr,1Story,9,2002,VinylSd,215.0,Gd,PConc,Gd,TA,Av,GLQ,1626.0,Ex,Y,SBrkr,1668,0,3,Gd,1,Attchd,Fin,702.0,Y,302,3.0,285000
80.0,10000,CollgCr,2Story,8,1995,VinylSd,438.0,Gd,PConc,Gd,TA,No,GLQ,1220.0,Ex,Y,SBrkr,1220,870,3,Gd,1,Attchd,RFn,556.0,Y,65,3.5,240000
36.0,4435,CollgCr,1Story,6,2003,VinylSd,170.0,Gd,PConc,Gd,TA,Av,GLQ,848.0,Ex,Y,SBrkr,848,0,1,Gd,0,Attchd,Fin,420.0,Y,140,2.0,131500
73.0,17227,CollgCr,1Story,8,1999,VinylSd,158.0,Gd,PConc,Gd,TA,Gd,GLQ,1341.0,Ex,Y,SBrkr,1341,0,1,Gd,1,Attchd,RFn,482.0,Y,324,2.5,246900
65.0,8200,CollgCr,2Story,7,2003,VinylSd,0.0,Gd,PConc,Gd,TA,No,Unf,847.0,Ex,Y,SBrkr,847,1081,4,Gd,1,BuiltIn,Fin,434.0,Y,148,2.5,219500
65.0,8450,CollgCr,1Story,7,2003,VinylSd,0.0,Gd,PConc,Gd,TA,Mn,GLQ,1337.0,Ex,Y,SBrkr,1337,0,3,Gd,0,Attchd,RFn,531.0,Y,39,3.0,185000
70.0,8145,CollgCr,2Story,7,2007,VinylSd,0.0,Gd,PConc,Gd,TA,No,Unf,738.0,Ex,Y,SBrkr,738,738,3,Gd,0,Attchd,RFn,552.0,Y,35,2.5,179400
79.0,9245,CollgCr,2Story,7,2006,VinylSd,0.0,Gd,PConc,Gd,TA,Av,Unf,939.0,Ex,Y,SBrkr,939,858,3,Gd,0,Attchd,RFn,639.0,Y,197,2.5,213500
63.0,8500,CollgCr,1Story,7,2004,VinylSd,106.0,Gd,PConc,Gd,TA,Av,Unf,1422.0,Ex,Y,SBrkr,1422,0,3,Gd,0,Attchd,RFn,626.0,Y,252,2.0,179600
65.0,8769,CollgCr,1Story,7,2005,VinylSd,0.0,Gd,PConc,Gd,TA,Av,GLQ,1169.0,Ex,Y,SBrkr,1190,0,2,Gd,0,Attchd,RFn,578.0,Y,141,3.0,173500
64.0,8334,CollgCr,1Story,6,2006,VinylSd,0.0,Gd,PConc,Gd,TA,No,Unf,1330.0,Ex,Y,SBrkr,1330,0,3,Gd,1,Attchd,Fin,437.0,Y,23,2.0,167840
64.0,8333,CollgCr,2Story,7,2006,VinylSd,0.0,Gd,PConc,Gd,TA,No,Unf,738.0,Gd,Y,SBrkr,738,753,3,Gd,1,Attchd,RFn,484.0,Y,130,2.5,168675
64.0,9045,CollgCr,2Story,5,2005,VinylSd,0.0,Gd,PConc,Gd,TA,Mn,Unf,768.0,Ex,Y,SBrkr,768,768,3,Gd,0,Attchd,Fin,400.0,Y,40,2.5,167000
70.0,9170,Edwards,1Story,5,1965,MetalSd,0.0,TA,CBlock,TA,TA,No,ALQ,1214.0,Ex,Y,SBrkr,1214,0,2,TA,0,Detchd,Unf,461.0,Y,184,2.0,140000
75.0,9825,Edwards,SFoyer,5,1967,HdBoard,162.0,TA,CBlock,Gd,TA,Gd,ALQ,936.0,Gd,Y,SBrkr,936,0,2,TA,1,Attchd,Unf,384.0,Y,405,2.0,118500
67.0,8308,Edwards,1Story,4,1963,VinylSd,20.0,TA,CBlock,TA,TA,No,BLQ,1088.0,TA,Y,SBrkr,1088,0,2,TA,0,Detchd,Unf,520.0,P,0,1.0,110000
73.0,10921,Edwards,1Story,4,1965,HdBoard,48.0,TA,CBlock,TA,TA,No,Rec,960.0,TA,Y,FuseF,960,0,3,TA,0,Attchd,Fin,432.0,P,120,2.0,94750
74.0,16287,Edwards,1.5Fin,5,1925,VinylSd,0.0,TA,CBlock,TA,TA,No,ALQ,901.0,TA,Y,SBrkr,901,450,3,TA,1,Detchd,Unf,576.0,N,143,2.0,122000
80.0,8240,Edwards,1Story,6,1960,HdBoard,198.0,TA,CBlock,TA,TA,No,Unf,1179.0,Gd,Y,SBrkr,1179,0,2,TA,0,Attchd,Fin,622.0,P,0,1.0,110000
81.0,11841,Edwards,SFoyer,6,1990,HdBoard,104.0,TA,CBlock,Gd,TA,Av,GLQ,816.0,TA,Y,SBrkr,816,0,3,TA,0,None,None,0.0,Y,32,2.0,118500
65.0,6285,Edwards,SLvl,6,1976,HdBoard,0.0,TA,CBlock,TA,TA,Av,GLQ,960.0,TA,Y,SBrkr,1044,0,3,TA,1,Detchd,Unf,528.0,Y,228,2.0,133500
64.0,7917,Edwards,1Story,6,1976,HdBoard,174.0,TA,CBlock,TA,Gd,No,BLQ,1143.0,TA,Y,SBrkr,1113,0,3,TA,1,Attchd,RFn,504.0,Y,400,2.5,148000
64.0,9555,Edwards,2Story,5,1979,Plywood,0.0,TA,Slab,None,None,None,None,0.0,TA,Y,SBrkr,1100,1133,5,TA,0,Attchd,Fin,579.0,Y,0,2.5,141000
74.0,8536,Edwards,1Story,5,2006,VinylSd,0.0,TA,PConc,Gd,TA,No,Unf,1125.0,Gd,Y,SBrkr,1125,0,2,TA,0,Attchd,Unf,430.0,Y,144,1.5,155000
60.0,7024,Edwards,1Story,5,2005,VinylSd,0.0,TA,PConc,Ex,Gd,No,ALQ,1090.0,Gd,Y,SBrkr,1090,0,2,TA,0,Attchd,Fin,450.0,Y,49,2.5,157000
60.0,7023,Edwards,2Story,5,2005,VinylSd,0.0,TA,PConc,Gd,Gd,No,GLQ,734.0,Gd,Y,SBrkr,734,674,3,TA,0,BuiltIn,Fin,489.0,Y,85,3.5,171500
35.0,3675,Edwards,SFoyer,6,2005,VinylSd,76.0,TA,PConc,Gd,TA,Gd,GLQ,547.0,Ex,Y,SBrkr,1072,0,2,Gd,0,Basment,Fin,525.0,Y,44,2.0,140000
64.0,6400,Edwards,1Story,5,1959,WdShing,0.0,TA,CBlock,TA,TA,Av,Rec,960.0,Ex,Y,SBrkr,960,0,2,Fa,0,Detchd,Unf,392.0,Y,179,2.0,131750
74.0,6882,Edwards,1Story,4,1955,AsbShng,128.0,TA,PConc,None,None,None,None,0.0,TA,N,SBrkr,1152,0,2,Fa,0,None,None,0.0,N,0,2.0,61500
75.0,10215,Edwards,1Story,4,1954,Wd Sdng,132.0,TA,PConc,TA,TA,No,ALQ,864.0,Ex,Y,SBrkr,948,0,3,TA,0,Attchd,Unf,248.0,Y,0,1.0,111000
52.0,8741,Edwards,1Story,5,1946,Plywood,0.0,TA,CBlock,TA,TA,No,Unf,1195.0,TA,N,SBrkr,1195,0,4,TA,0,None,None,0.0,N,118,2.0,98500
70.0,4270,Edwards,1Story,3,1931,MetalSd,0.0,TA,BrkTil,TA,TA,No,Rec,544.0,Ex,Y,SBrkr,774,0,3,Gd,0,None,None,0.0,Y,286,1.0,79000
62.0,10042,Edwards,1.5Fin,6,1920,Wd Sdng,0.0,TA,BrkTil,TA,TA,No,LwQ,660.0,TA,Y,SBrkr,740,125,2,TA,1,Detchd,Unf,216.0,Y,84,2.0,108500
68.0,9450,Edwards,1Story,4,1954,MetalSd,0.0,TA,CBlock,TA,TA,No,LwQ,894.0,Ex,Y,SBrkr,894,0,3,TA,0,Detchd,Unf,400.0,Y,0,1.0,110000
70.0,11767,Edwards,2Story,4,1910,MetalSd,0.0,TA,CBlock,Fa,TA,No,Unf,560.0,Gd,N,SBrkr,796,550,2,TA,0,Detchd,Unf,384.0,Y,192,1.5,112000
60.0,8172,Edwards,1Story,4,1955,MetalSd,0.0,TA,CBlock,TA,TA,No,BLQ,768.0,TA,Y,SBrkr,768,0,2,TA,1,Detchd,Unf,355.0,Y,196,1.0,125000
60.0,8172,Edwards,1Story,4,1955,WdShing,0.0,TA,CBlock,TA,TA,No,ALQ,864.0,TA,Y,SBrkr,864,0,3,TA,0,Detchd,Unf,528.0,N,196,2.0,79275
60.0,8190,Edwards,1Story,4,1954,Wd Sdng,0.0,TA,CBlock,TA,TA,No,Rec,948.0,Ex,Y,SBrkr,948,0,3,TA,1,Detchd,Unf,280.0,Y,36,2.0,119000
60.0,10896,SWISU,2.5Fin,6,1914,VinylSd,0.0,Fa,CBlock,TA,Fa,No,LwQ,1440.0,Ex,Y,FuseA,1440,1440,8,Fa,0,None,None,0.0,N,110,2.0,200000
60.0,10890,SWISU,2Story,5,1923,Wd Sdng,0.0,TA,PConc,TA,TA,Mn,Rec,1296.0,Fa,N,FuseA,1296,1296,6,TA,0,None,None,0.0,Y,982,4.0,150000
55.0,10592,Crawfor,2Story,6,1923,Wd Sdng,0.0,TA,PConc,TA,Fa,No,Unf,602.0,TA,Y,SBrkr,900,602,3,Gd,2,Detchd,Unf,180.0,Y,261,1.5,165000
55.0,10594,Crawfor,1.5Unf,5,1926,Wd Sdng,0.0,TA,BrkTil,TA,TA,No,Unf,768.0,Fa,N,SBrkr,789,0,2,TA,0,Detchd,Unf,200.0,Y,112,1.0,96500
54.0,7223,Crawfor,1Story,5,1926,Stucco,0.0,TA,PConc,TA,TA,Mn,BLQ,1290.0,TA,Y,SBrkr,1422,0,3,TA,0,Detchd,Unf,352.0,Y,64,1.0,136500
51.0,6821,Crawfor,1.5Fin,6,1921,Wd Sdng,0.0,TA,BrkTil,TA,TA,No,BLQ,651.0,Gd,Y,SBrkr,759,539,2,TA,1,Detchd,Unf,240.0,P,384,2.0,146500
60.0,7200,SWISU,1.5Fin,5,1937,Wd Sdng,252.0,TA,BrkTil,Gd,TA,No,ALQ,731.0,Ex,Y,SBrkr,981,787,3,Gd,2,Detchd,Unf,240.0,Y,264,2.5,175000
63.0,4000,Crawfor,2Story,7,1930,Wd Sdng,0.0,TA,BrkTil,Gd,TA,No,GLQ,531.0,TA,Y,SBrkr,567,531,2,TA,1,Detchd,Unf,216.0,Y,0,2.0,148500
53.0,6720,Crawfor,2Story,6,1921,VinylSd,0.0,TA,BrkTil,TA,TA,No,Unf,585.0,TA,N,SBrkr,851,585,3,TA,1,Detchd,Unf,228.0,Y,184,1.0,141500
55.0,7642,Crawfor,1.5Fin,7,1918,Wd Sdng,0.0,Gd,BrkTil,TA,TA,No,Unf,912.0,Gd,Y,SBrkr,912,514,3,Gd,1,Detchd,Unf,216.0,Y,240,1.5,189950
53.0,7155,Crawfor,2Story,6,1926,Wd Sdng,0.0,TA,BrkTil,TA,TA,No,Unf,686.0,TA,Y,SBrkr,686,775,3,TA,1,Detchd,Unf,225.0,N,116,1.0,135000
53.0,7128,Crawfor,2.5Unf,7,1941,MetalSd,0.0,TA,CBlock,TA,TA,No,Rec,918.0,Gd,Y,SBrkr,918,728,4,TA,2,Detchd,Unf,240.0,Y,126,2.0,164000
40.0,4280,Crawfor,1Story,5,1913,WdShing,0.0,TA,PConc,TA,TA,No,LwQ,440.0,TA,N,SBrkr,694,0,2,Gd,1,Detchd,Unf,352.0,P,34,1.0,90350
53.0,5362,Crawfor,1.5Fin,5,1910,Wd Sdng,0.0,TA,PConc,TA,TA,No,Unf,661.0,Ex,Y,SBrkr,661,589,3,TA,1,Detchd,Unf,552.0,Y,323,2.0,139000
50.0,6305,Crawfor,1Story,5,1938,MetalSd,0.0,TA,PConc,Fa,Fa,No,Unf,920.0,Ex,Y,SBrkr,954,0,2,Fa,1,Basment,Unf,240.0,Y,0,1.0,119750
82.0,7136,Crawfor,2Story,6,1946,MetalSd,423.0,TA,CBlock,Gd,TA,No,Rec,979.0,TA,N,FuseF,979,979,4,TA,0,Attchd,Unf,492.0,Y,0,2.0,145000
82.0,6270,Crawfor,2Story,5,1949,MetalSd,0.0,TA,CBlock,TA,TA,No,BLQ,1001.0,TA,N,FuseA,1001,1001,4,TA,0,2Types,Unf,871.0,Y,0,2.0,145000
60.0,7230,Crawfor,2.5Unf,7,1927,VinylSd,0.0,TA,BrkTil,TA,TA,No,Unf,851.0,Gd,Y,SBrkr,867,851,4,Gd,1,Detchd,Unf,264.0,Y,504,2.5,238000
126.0,13108,Crawfor,1Story,5,1951,Wd Sdng,0.0,TA,CBlock,None,None,None,None,0.0,Fa,Y,SBrkr,1226,0,2,TA,1,Attchd,Fin,400.0,Y,546,1.5,153500
86.0,22420,Crawfor,2Story,6,1918,Wd Sdng,0.0,TA,BrkTil,Gd,TA,No,BLQ,1370.0,TA,N,FuseA,1370,1254,4,TA,1,Detchd,Unf,864.0,N,0,3.5,239000
78.0,12168,Crawfor,2Story,8,1934,BrkFace,0.0,TA,PConc,Gd,TA,Mn,BLQ,965.0,TA,Y,SBrkr,1940,1254,4,TA,2,Basment,Unf,380.0,Y,0,2.5,359100
110.0,7810,Crawfor,1.5Fin,4,1930,AsbShng,0.0,TA,BrkTil,TA,Gd,No,GLQ,930.0,Ex,Y,SBrkr,1230,525,4,Gd,1,Detchd,Unf,231.0,Y,40,2.0,188000
70.0,11275,Crawfor,1.5Fin,6,1932,MetalSd,480.0,TA,CBlock,TA,TA,Mn,Rec,854.0,TA,Y,SBrkr,1096,895,3,TA,1,Detchd,Unf,432.0,Y,19,1.5,220000
79.0,6221,Crawfor,1.5Fin,5,1941,VinylSd,0.0,TA,CBlock,TA,Fa,No,LwQ,728.0,Ex,Y,SBrkr,760,595,3,TA,0,Detchd,Unf,528.0,Y,144,2.0,140000
70.0,10570,Crawfor,2Story,8,1932,BrkFace,0.0,Gd,CBlock,Gd,Gd,No,Rec,853.0,TA,Y,SBrkr,1549,1178,3,Gd,2,Detchd,Unf,440.0,Y,74,2.5,315000
61.0,7259,Crawfor,2Story,6,1945,Wd Sdng,0.0,TA,CBlock,TA,TA,No,ALQ,1028.0,Ex,Y,SBrkr,1436,884,3,Gd,1,Detchd,Unf,180.0,Y,224,3.5,259500
110.0,14442,Crawfor,1Story,6,1957,CemntBd,106.0,TA,PConc,TA,TA,No,GLQ,1477.0,Ex,Y,SBrkr,1839,0,3,Gd,2,Attchd,Fin,416.0,Y,287,3.0,257500
75.0,13125,Crawfor,2Story,7,1940,Wd Sdng,0.0,TA,CBlock,TA,TA,No,BLQ,800.0,TA,Y,SBrkr,960,780,3,TA,2,Attchd,Unf,240.0,Y,0,1.5,219500
70.0,21000,Crawfor,1Story,6,1953,Wd Sdng,184.0,TA,CBlock,Gd,TA,Mn,ALQ,1809.0,TA,Y,SBrkr,2259,0,3,Gd,2,Basment,Unf,450.0,Y,478,3.0,217000
70.0,25485,Crawfor,1Story,6,1960,Wd Sdng,423.0,TA,CBlock,TA,Gd,Mn,LwQ,1560.0,TA,Y,SBrkr,1560,0,3,TA,3,Attchd,RFn,580.0,Y,659,1.5,201000
70.0,21579,Crawfor,1Story,6,1968,HdBoard,0.0,TA,PConc,Gd,TA,No,BLQ,1488.0,Ex,Y,SBrkr,1488,0,3,TA,2,Attchd,RFn,552.0,Y,216,2.5,215000
24.0,1782,Blueste,2Story,6,1980,MetalSd,0.0,TA,CBlock,Gd,TA,No,GLQ,516.0,Gd,Y,SBrkr,529,516,2,TA,1,Detchd,Unf,462.0,Y,180,1.0,123900
70.0,17871,Crawfor,1Story,4,1995,VinylSd,0.0,TA,PConc,Gd,TA,No,Unf,1680.0,Gd,Y,SBrkr,1680,0,4,Gd,0,Attchd,Unf,628.0,Y,152,2.0,170000
35.0,3907,Blueste,1Story,8,1988,HdBoard,0.0,TA,CBlock,Gd,TA,Gd,GLQ,1004.0,Gd,Y,SBrkr,1020,0,1,TA,0,Attchd,Unf,509.0,Y,135,2.0,200000
70.0,20693,Crawfor,1Story,7,1971,Plywood,652.0,TA,CBlock,Gd,TA,No,Rec,1696.0,Ex,Y,SBrkr,1696,0,3,TA,2,Attchd,Fin,625.0,Y,146,2.0,198000
70.0,32668,Crawfor,1Story,6,1957,Wd Sdng,0.0,Gd,PConc,TA,TA,No,Rec,2035.0,TA,Y,SBrkr,2515,0,4,TA,2,Attchd,RFn,484.0,Y,200,4.0,200624
70.0,18044,Crawfor,1Story,8,1986,WdShing,0.0,Gd,CBlock,Gd,TA,No,Unf,279.0,Gd,Y,SBrkr,2726,0,2,Gd,1,Attchd,Fin,691.0,Y,449,2.5,315000
85.0,8500,IDOTRR,1.5Fin,5,1919,CemntBd,0.0,TA,CBlock,TA,TA,No,Unf,793.0,TA,N,FuseF,997,520,3,Fa,0,None,None,0.0,N,144,2.0,115000
50.0,7000,IDOTRR,1.5Fin,6,1940,Wd Sdng,0.0,TA,BrkTil,TA,TA,No,ALQ,720.0,Gd,Y,FuseA,720,495,3,Gd,0,Detchd,Fin,720.0,Y,30,1.0,141000
50.0,5000,IDOTRR,1.5Unf,5,1941,MetalSd,0.0,TA,CBlock,TA,TA,Av,BLQ,720.0,Po,N,FuseF,803,0,2,TA,0,Detchd,Unf,360.0,Y,244,1.0,87000
50.0,7288,IDOTRR,1.5Fin,5,1925,VinylSd,0.0,Gd,BrkTil,TA,Po,No,Unf,936.0,Ex,Y,SBrkr,936,665,3,TA,0,None,None,0.0,N,0,2.0,129850
50.0,6060,IDOTRR,1.5Fin,4,1939,AsbShng,0.0,TA,PConc,TA,TA,No,Unf,732.0,Gd,Y,SBrkr,772,351,3,TA,0,Detchd,Unf,264.0,P,140,1.0,100000
50.0,9060,IDOTRR,2Story,5,1923,Wd Sdng,0.0,TA,BrkTil,Gd,TA,No,ALQ,859.0,Ex,Y,SBrkr,942,886,3,Gd,0,Detchd,None,0.0,Y,386,2.0,150909
46.0,3672,IDOTRR,1Story,5,1922,Stucco,0.0,TA,BrkTil,TA,TA,No,Unf,816.0,Ex,Y,SBrkr,816,0,2,TA,0,Detchd,Unf,100.0,N,96,1.0,75200
59.0,8263,IDOTRR,1Story,6,1920,BrkFace,0.0,TA,BrkTil,TA,TA,No,Unf,1012.0,TA,Y,FuseA,1012,0,2,TA,1,Detchd,Unf,308.0,Y,134,1.0,118400
60.0,8967,IDOTRR,1Story,5,1920,MetalSd,0.0,TA,BrkTil,Fa,Po,No,Unf,961.0,Gd,Y,Mix,1077,0,2,TA,0,Detchd,Unf,338.0,N,0,1.0,67000
75.0,13710,IDOTRR,1.5Fin,5,1950,Wd Sdng,0.0,TA,CBlock,TA,TA,No,BLQ,910.0,TA,Y,FuseA,910,648,4,TA,0,Attchd,Unf,282.0,Y,289,1.5,152000
64.0,11067,IDOTRR,1.5Fin,2,1939,MetalSd,0.0,TA,BrkTil,None,None,None,None,0.0,Ex,Y,SBrkr,640,0,1,TA,0,Detchd,Unf,256.0,N,48,1.0,68104
75.0,8250,IDOTRR,2Story,5,1895,VinylSd,0.0,TA,CBlock,TA,TA,No,Unf,957.0,Fa,N,SBrkr,1034,957,4,TA,0,None,None,0.0,N,133,2.0,119600
65.0,6565,IDOTRR,1Story,4,1957,MetalSd,0.0,TA,CBlock,TA,TA,No,GLQ,1073.0,Gd,Y,FuseA,1073,0,3,TA,0,Detchd,Unf,720.0,Y,444,2.0,140000
60.0,6060,IDOTRR,1Story,5,1930,MetalSd,0.0,Gd,BrkTil,TA,TA,No,ALQ,837.0,Ex,Y,SBrkr,1001,0,2,Gd,0,Detchd,Unf,216.0,N,196,1.0,124900
59.0,5568,Crawfor,1Story,8,2006,CemntBd,473.0,Gd,PConc,Gd,TA,Gd,GLQ,1573.0,Gd,Y,SBrkr,1625,0,2,Gd,1,Attchd,Fin,495.0,Y,276,3.5,375000
44.0,4750,Crawfor,1Story,8,2006,VinylSd,481.0,Gd,PConc,Gd,TA,Gd,GLQ,1573.0,Ex,Y,SBrkr,1625,0,2,Gd,1,Attchd,Fin,538.0,Y,276,3.5,235000
74.0,12150,Mitchel,SFoyer,6,1979,HdBoard,0.0,TA,CBlock,Gd,TA,Av,GLQ,1001.0,TA,Y,SBrkr,1299,0,2,Gd,1,BuiltIn,RFn,486.0,Y,306,3.0,183500
74.0,7540,Mitchel,SFoyer,6,1978,VinylSd,0.0,TA,CBlock,Gd,TA,Av,GLQ,888.0,Ex,Y,SBrkr,912,0,2,TA,1,Attchd,RFn,470.0,Y,192,2.0,156000
71.0,9187,Mitchel,1Story,6,1983,VinylSd,0.0,TA,PConc,TA,TA,No,ALQ,1084.0,TA,Y,SBrkr,1080,0,3,TA,0,Attchd,Unf,484.0,Y,278,1.5,134000
80.0,10000,Mitchel,1Story,5,2002,VinylSd,166.0,Gd,PConc,Gd,TA,No,GLQ,1441.0,Ex,Y,SBrkr,1392,0,3,Gd,1,Attchd,Fin,650.0,Y,217,2.0,215000
44.0,12864,Mitchel,1Story,7,2002,VinylSd,0.0,Gd,PConc,Gd,TA,No,GLQ,1409.0,Ex,Y,SBrkr,1409,0,1,Gd,1,Attchd,RFn,576.0,Y,289,2.5,245000
74.0,9928,Mitchel,1Story,7,1991,HdBoard,0.0,TA,PConc,Gd,TA,No,GLQ,1454.0,TA,Y,SBrkr,1478,0,3,TA,1,Attchd,Unf,506.0,Y,136,3.0,210000
74.0,8750,Mitchel,SLvl,7,1975,Plywood,50.0,TA,CBlock,TA,TA,Av,Rec,852.0,TA,Y,SBrkr,918,0,3,TA,0,Attchd,Unf,360.0,Y,276,1.5,148000
82.0,8410,Mitchel,SFoyer,6,1974,Plywood,0.0,TA,CBlock,Gd,TA,Av,ALQ,970.0,TA,Y,SBrkr,1026,0,2,TA,1,Attchd,Unf,528.0,Y,193,2.0,143000
46.0,4054,Timber,1Story,7,1987,VinylSd,352.0,Gd,BrkTil,Gd,TA,Av,GLQ,1501.0,Ex,Y,SBrkr,1501,0,2,Gd,2,Attchd,Fin,512.0,Y,240,3.0,244000
70.0,9763,GrnHill,1Story,7,1998,Wd Sdng,239.0,Gd,PConc,Gd,TA,No,GLQ,1502.0,Ex,Y,SBrkr,1502,0,1,Gd,1,Attchd,Fin,286.0,Y,0,2.5,330000
115.0,16905,Timber,1Story,5,1959,VinylSd,0.0,TA,CBlock,TA,TA,Gd,BLQ,1350.0,Gd,Y,SBrkr,1328,0,2,TA,2,Attchd,RFn,308.0,P,104,2.0,170000
149.0,19958,Timber,1Story,6,1958,HdBoard,1224.0,TA,CBlock,TA,TA,No,Unf,585.0,Gd,Y,SBrkr,2279,0,4,Gd,1,Attchd,RFn,461.0,Y,412,2.5,257000
67.0,8368,Timber,1Story,7,2006,VinylSd,0.0,Gd,PConc,Gd,TA,No,Unf,1689.0,Ex,Y,SBrkr,1689,0,3,Gd,0,Attchd,Fin,433.0,Y,139,2.0,231713
68.0,8298,Timber,1Story,8,2006,VinylSd,0.0,Gd,PConc,Gd,TA,Av,GLQ,1546.0,Ex,Y,SBrkr,1564,0,2,Ex,1,Attchd,RFn,502.0,Y,132,2.0,267300
64.0,9037,Timber,1Story,8,2006,VinylSd,32.0,Gd,PConc,Gd,TA,Av,GLQ,1476.0,Ex,Y,SBrkr,1484,0,2,Ex,1,Attchd,RFn,472.0,Y,153,2.0,265900
89.0,10991,Timber,1Story,8,2007,VinylSd,80.0,Gd,PConc,Gd,TA,Gd,Unf,1571.0,Ex,Y,SBrkr,1571,0,3,Gd,1,Attchd,Fin,722.0,Y,136,2.0,239000
67.0,10656,Timber,1Story,8,2006,VinylSd,274.0,Gd,PConc,Gd,TA,Av,Unf,1638.0,Ex,Y,SBrkr,1646,0,3,Gd,1,Attchd,RFn,870.0,Y,272,2.0,248900
42.0,10331,Timber,1Story,7,1985,Plywood,0.0,TA,CBlock,Gd,TA,No,ALQ,1265.0,Gd,Y,SBrkr,1240,0,3,Gd,0,Attchd,Unf,528.0,Y,232,2.5,174000
44.0,13758,Timber,1.5Fin,7,1990,HdBoard,117.0,Gd,CBlock,Gd,TA,Mn,LwQ,1156.0,Ex,Y,SBrkr,1187,530,3,Gd,1,Attchd,RFn,400.0,Y,204,2.5,187500
82.0,9303,Timber,2Story,6,1996,VinylSd,42.0,Gd,PConc,Ex,TA,No,ALQ,872.0,Ex,Y,SBrkr,888,868,3,TA,0,Attchd,Fin,422.0,Y,266,3.5,204000
82.0,6718,Timber,1Story,8,2001,VinylSd,86.0,Gd,PConc,Ex,TA,Mn,GLQ,1267.0,Ex,Y,SBrkr,1312,0,2,Gd,0,Attchd,Unf,471.0,Y,284,2.0,180500
73.0,9590,Timber,SLvl,7,2003,VinylSd,442.0,Gd,PConc,Ex,TA,Av,GLQ,868.0,Ex,Y,SBrkr,1146,0,3,Gd,1,Attchd,Fin,438.0,Y,182,3.0,187500
80.0,11305,Timber,1Story,8,2002,VinylSd,886.0,Gd,PConc,Gd,TA,Av,GLQ,1922.0,Ex,Y,SBrkr,1922,0,2,Gd,1,Attchd,Fin,692.0,Y,265,3.0,282000
82.0,7777,Timber,1Story,6,1996,VinylSd,203.0,Gd,PConc,Ex,TA,No,Unf,1491.0,Ex,Y,SBrkr,1491,0,3,TA,1,Attchd,Fin,571.0,Y,35,2.0,178000
85.0,14536,Timber,1Story,8,2002,VinylSd,236.0,Gd,PConc,Gd,TA,Av,GLQ,1616.0,Ex,Y,SBrkr,1629,0,3,Gd,1,Attchd,Fin,808.0,Y,252,3.0,270000
82.0,11800,Timber,2Story,7,2003,VinylSd,94.0,Gd,PConc,Gd,TA,Gd,GLQ,1122.0,Ex,Y,SBrkr,1146,1340,5,Gd,1,BuiltIn,Fin,452.0,Y,175,4.5,279900
50.0,35133,Timber,1Story,5,1963,MetalSd,226.0,TA,CBlock,TA,TA,Gd,Rec,1572.0,Gd,Y,SBrkr,1572,0,3,TA,2,2Types,RFn,995.0,Y,526,2.5,186700
93.0,15306,Timber,1Story,8,2006,VinylSd,100.0,Gd,PConc,Ex,TA,Gd,GLQ,1732.0,Ex,Y,SBrkr,1776,0,3,Gd,1,Attchd,Fin,712.0,Y,0,3.0,283463
85.0,12633,Timber,1Story,10,2006,MetalSd,242.0,Ex,PConc,Ex,TA,Gd,Unf,1824.0,Ex,Y,SBrkr,1824,0,3,Ex,1,Attchd,Fin,932.0,Y,304,2.0,392000
88.0,12665,Timber,2Story,8,2005,VinylSd,245.0,Gd,PConc,Gd,Gd,Gd,Unf,1094.0,Ex,Y,SBrkr,1133,1349,4,Gd,1,BuiltIn,Fin,642.0,Y,183,2.5,281213
70.0,8402,Mitchel,1Story,5,2007,VinylSd,0.0,TA,PConc,Gd,TA,No,ALQ,1120.0,Ex,Y,SBrkr,1120,0,3,TA,0,None,None,0.0,Y,30,1.0,147000
200.0,43500,Mitchel,1Story,3,1953,MetalSd,0.0,TA,CBlock,None,None,None,None,0.0,Ex,Y,SBrkr,2034,0,2,TA,0,2Types,RFn,1041.0,N,749,1.0,130000
62.0,6710,Mitchel,SFoyer,6,1996,VinylSd,134.0,TA,PConc,Ex,TA,Av,Rec,920.0,Ex,Y,SBrkr,936,0,0,TA,0,Attchd,Fin,460.0,Y,40,2.5,140000
94.0,25286,Mitchel,1Story,4,1963,HdBoard,0.0,TA,PConc,TA,TA,Gd,ALQ,1064.0,Gd,Y,SBrkr,1040,0,3,TA,0,Attchd,Unf,648.0,Y,0,2.0,132250
100.0,25000,Mitchel,1Story,5,1967,HdBoard,0.0,TA,CBlock,TA,TA,Av,Unf,1632.0,TA,Y,SBrkr,1632,0,4,TA,0,Attchd,Unf,576.0,P,0,2.0,143000
74.0,32463,Mitchel,1Story,4,1961,MetalSd,149.0,TA,CBlock,TA,TA,Av,BLQ,1249.0,Ex,Y,SBrkr,1622,0,3,TA,1,2Types,Fin,1356.0,Y,439,2.0,168000
44.0,4224,MeadowV,1Story,5,1976,CemntBd,0.0,TA,PConc,Gd,TA,No,GLQ,1040.0,TA,Y,SBrkr,1060,0,3,TA,1,Attchd,Unf,572.0,Y,210,2.0,129900
44.0,4224,MeadowV,1Story,5,1976,CemntBd,0.0,TA,PConc,Gd,TA,No,ALQ,1142.0,TA,Y,SBrkr,1142,0,3,TA,1,Attchd,Fin,528.0,Y,626,2.5,134000
21.0,1504,MeadowV,2Story,4,1972,CemntBd,0.0,TA,CBlock,TA,TA,No,BLQ,546.0,TA,Y,SBrkr,546,546,3,TA,0,Attchd,Unf,253.0,Y,0,1.5,85500
21.0,1533,MeadowV,SLvl,4,1970,CemntBd,0.0,TA,CBlock,Gd,TA,Av,GLQ,530.0,TA,Y,SBrkr,530,462,2,TA,0,BuiltIn,Fin,297.0,Y,209,2.0,106500
21.0,1495,MeadowV,2Story,4,1970,CemntBd,189.0,TA,CBlock,TA,TA,No,ALQ,546.0,Ex,Y,SBrkr,546,546,3,TA,0,None,None,0.0,Y,64,1.5,93900
21.0,2001,MeadowV,2Story,4,1970,CemntBd,80.0,TA,CBlock,TA,TA,No,Unf,546.0,Fa,Y,SBrkr,546,546,3,TA,0,Attchd,Unf,286.0,Y,0,1.5,75000
21.0,1936,MeadowV,SFoyer,4,1970,CemntBd,0.0,TA,CBlock,Gd,TA,Av,BLQ,630.0,Gd,Y,SBrkr,630,0,1,TA,0,None,None,0.0,Y,0,2.0,84500
21.0,1890,MeadowV,2Story,4,1976,CemntBd,0.0,TA,CBlock,TA,TA,No,Unf,546.0,Ex,Y,SBrkr,546,546,3,TA,0,Attchd,Unf,286.0,Y,0,1.5,75190
74.0,11333,Mitchel,SLvl,6,1976,HdBoard,0.0,TA,PConc,Gd,TA,Av,ALQ,1029.0,TA,Y,SBrkr,1062,0,3,TA,2,Attchd,RFn,539.0,Y,120,2.0,146800
72.0,9129,Mitchel,SFoyer,5,1977,Plywood,144.0,TA,PConc,Gd,TA,Av,GLQ,923.0,TA,Y,SBrkr,1008,0,1,Gd,1,Attchd,Fin,678.0,Y,267,2.0,153500
74.0,15957,Mitchel,SLvl,6,1977,HdBoard,0.0,TA,PConc,Gd,TA,Gd,GLQ,1244.0,TA,Y,SBrkr,1356,0,3,TA,1,Attchd,Fin,528.0,Y,1424,4.0,188000
61.0,33983,Mitchel,1Story,5,1977,Plywood,0.0,TA,PConc,TA,TA,Mn,ALQ,1160.0,TA,Y,SBrkr,1676,0,3,Gd,2,Attchd,RFn,672.0,P,780,2.5,196000
68.0,8286,Mitchel,2Story,5,1977,Plywood,0.0,TA,PConc,Gd,TA,No,Rec,716.0,Ex,Y,SBrkr,716,716,3,TA,1,Attchd,Fin,531.0,Y,376,2.5,157000
50.0,6723,Mitchel,SFoyer,5,1971,Wd Sdng,0.0,TA,CBlock,Gd,TA,Av,GLQ,796.0,TA,Y,SBrkr,796,0,2,TA,0,None,None,0.0,Y,129,1.5,138000
54.0,7244,Mitchel,SFoyer,5,1970,VinylSd,0.0,TA,CBlock,Gd,TA,Av,ALQ,768.0,Ex,Y,SBrkr,768,0,2,TA,0,Detchd,Unf,624.0,Y,104,2.0,129500
124.0,27697,Mitchel,1Story,4,1961,Plywood,198.0,TA,CBlock,TA,TA,No,BLQ,1396.0,TA,N,SBrkr,1608,0,3,TA,0,Attchd,Unf,444.0,Y,190,1.0,80000
69.0,7599,Mitchel,1Story,4,1982,HdBoard,0.0,TA,CBlock,TA,TA,No,ALQ,845.0,TA,Y,SBrkr,845,0,2,TA,0,Detchd,Unf,360.0,Y,0,2.0,129500
74.0,11000,Mitchel,1Story,5,1976,Plywood,0.0,TA,PConc,Gd,TA,No,LwQ,1090.0,TA,Y,SBrkr,1178,0,3,TA,0,Attchd,Unf,502.0,Y,132,2.5,135000
76.0,8314,Mitchel,1Story,5,1982,HdBoard,0.0,TA,CBlock,TA,TA,Gd,ALQ,816.0,TA,Y,SBrkr,816,0,2,TA,0,Attchd,Unf,264.0,Y,168,1.0,124500
65.0,11625,Mitchel,1Story,5,1983,HdBoard,0.0,TA,CBlock,Gd,TA,No,ALQ,816.0,TA,Y,SBrkr,816,0,2,TA,0,Attchd,Fin,264.0,Y,330,2.0,139000
63.0,10712,Mitchel,1Story,5,1991,HdBoard,0.0,TA,PConc,Gd,TA,Mn,BLQ,974.0,TA,Y,SBrkr,974,0,3,TA,0,None,None,0.0,Y,28,1.0,93500
62.0,10447,Mitchel,1Story,5,1984,Plywood,0.0,TA,CBlock,TA,TA,No,ALQ,864.0,TA,Y,SBrkr,887,0,3,TA,0,Attchd,RFn,288.0,Y,140,1.5,124500
73.0,11027,NAmes,1Story,6,1954,Wd Sdng,28.0,TA,CBlock,TA,TA,No,BLQ,1178.0,Gd,Y,SBrkr,1293,0,2,TA,0,Attchd,RFn,452.0,Y,280,3.0,149900
85.0,10533,NAmes,1Story,6,1956,VinylSd,244.0,TA,CBlock,TA,TA,No,Rec,1008.0,TA,Y,SBrkr,1024,0,2,Gd,2,Attchd,Unf,313.0,Y,280,2.0,157500
73.0,11765,NAmes,1Story,5,1957,Wd Sdng,302.0,TA,CBlock,TA,TA,Mn,Rec,1617.0,Fa,Y,SBrkr,1797,0,3,TA,1,Attchd,Unf,963.0,Y,0,1.5,169000
73.0,39384,NAmes,1Story,6,1957,Wd Sdng,902.0,TA,CBlock,Gd,TA,Gd,ALQ,1705.0,Ex,Y,SBrkr,1390,0,1,Ex,2,Attchd,Unf,550.0,Y,189,2.5,252000
90.0,11727,NAmes,1Story,7,1969,HdBoard,434.0,TA,CBlock,TA,TA,Mn,Unf,1851.0,Gd,Y,SBrkr,1851,0,3,TA,1,Attchd,Fin,506.0,Y,146,2.0,192100
60.0,8238,Gilbert,2Story,6,1997,VinylSd,0.0,TA,PConc,TA,TA,No,GLQ,813.0,Ex,Y,SBrkr,813,712,3,TA,1,Attchd,Fin,400.0,Y,493,3.5,183500
64.0,13006,Gilbert,2Story,7,1997,HdBoard,285.0,TA,PConc,Gd,TA,No,Unf,964.0,Gd,Y,SBrkr,993,1243,4,Gd,1,BuiltIn,Fin,642.0,Y,0,2.5,222000
64.0,13041,Gilbert,2Story,6,1995,HdBoard,0.0,TA,PConc,Gd,TA,No,Unf,781.0,Gd,Y,SBrkr,781,890,3,TA,1,Attchd,Fin,423.0,Y,84,2.5,170000
64.0,13031,Gilbert,2Story,6,1995,HdBoard,0.0,TA,PConc,Gd,TA,No,ALQ,691.0,Gd,Y,SBrkr,691,807,3,TA,1,Attchd,Fin,409.0,Y,359,2.5,187500
54.0,9783,Gilbert,2Story,6,1996,HdBoard,0.0,TA,PConc,Gd,TA,No,Unf,821.0,Gd,Y,SBrkr,821,955,3,TA,1,BuiltIn,Fin,443.0,Y,402,2.5,202000
70.0,11207,Gilbert,2Story,6,1997,VinylSd,0.0,TA,PConc,Gd,TA,Av,GLQ,802.0,Gd,Y,SBrkr,802,709,3,TA,1,Attchd,Fin,413.0,Y,170,3.5,185000
134.0,19378,Gilbert,2Story,7,2005,VinylSd,456.0,Gd,PConc,Gd,TA,Mn,GLQ,1392.0,Ex,Y,SBrkr,1392,1070,4,Gd,1,Attchd,RFn,576.0,Y,371,3.5,320000
50.0,14859,Gilbert,1Story,7,2006,VinylSd,27.0,Gd,PConc,Gd,TA,No,Unf,1670.0,Ex,Y,SBrkr,1670,0,3,Gd,1,Attchd,RFn,690.0,Y,204,2.0,240000
50.0,13128,Gilbert,2Story,8,2005,VinylSd,216.0,Gd,PConc,Gd,TA,No,Unf,1074.0,Ex,Y,SBrkr,1074,990,4,Gd,1,Attchd,Fin,527.0,Y,119,2.5,250000
72.0,10463,Gilbert,2Story,8,2005,VinylSd,0.0,Gd,PConc,Gd,TA,No,Unf,893.0,Ex,Y,SBrkr,901,900,3,Gd,1,Attchd,Fin,800.0,Y,116,2.5,239900
42.0,13751,Gilbert,2Story,7,2005,VinylSd,248.0,Gd,PConc,Gd,TA,Av,GLQ,1700.0,Ex,Y,SBrkr,1700,512,3,Gd,1,Attchd,Fin,773.0,Y,390,3.5,309000
168.0,23257,Gilbert,2Story,7,2006,VinylSd,0.0,Gd,PConc,Ex,Gd,No,Unf,868.0,Ex,Y,SBrkr,887,1134,3,Gd,1,BuiltIn,RFn,422.0,Y,100,2.5,274725
68.0,13108,StoneBr,2Story,8,1994,CemntBd,0.0,Gd,PConc,Gd,TA,No,Unf,2062.0,Ex,Y,SBrkr,2079,608,4,Gd,0,Attchd,Fin,618.0,Y,180,2.5,270000
64.0,8076,Gilbert,1Story,6,1993,HdBoard,112.0,TA,PConc,Gd,TA,No,GLQ,1160.0,Gd,Y,SBrkr,1169,0,3,TA,1,Attchd,Fin,402.0,Y,170,2.5,183500
64.0,7685,Gilbert,2Story,6,1993,HdBoard,112.0,TA,PConc,Gd,TA,No,ALQ,697.0,Gd,Y,SBrkr,697,804,3,Gd,1,Attchd,Fin,420.0,Y,253,2.5,165600
63.0,9084,Gilbert,2Story,7,1998,VinylSd,0.0,TA,PConc,Gd,TA,No,Unf,935.0,Gd,Y,SBrkr,955,677,3,TA,1,Attchd,Fin,462.0,Y,28,2.5,176500
30.0,3701,StoneBr,1Story,8,1987,HdBoard,0.0,TA,CBlock,Gd,TA,No,Unf,1191.0,TA,Y,SBrkr,1204,0,2,TA,0,Attchd,RFn,461.0,Y,190,2.0,130000
44.0,5306,StoneBr,2Story,7,1987,HdBoard,0.0,Gd,PConc,Gd,Gd,No,GLQ,1064.0,Gd,Y,SBrkr,1064,703,2,Gd,1,Attchd,RFn,504.0,Y,476,3.0,239000
60.0,6563,StoneBr,1Story,8,1985,HdBoard,0.0,Gd,PConc,Gd,TA,Gd,GLQ,1742.0,TA,Y,SBrkr,1742,0,2,Gd,1,Attchd,RFn,564.0,Y,376,3.0,275000
59.0,16023,StoneBr,2Story,9,2005,VinylSd,600.0,Gd,PConc,Ex,TA,Gd,GLQ,1398.0,Ex,Y,SBrkr,1414,1384,3,Ex,1,BuiltIn,Fin,670.0,Y,219,4.5,457347
60.0,18062,StoneBr,2Story,10,2006,CemntBd,662.0,Ex,PConc,Ex,TA,Gd,Unf,1528.0,Ex,Y,SBrkr,1528,1862,5,Ex,1,BuiltIn,Fin,758.0,Y,238,3.5,545224
63.0,12292,StoneBr,2Story,9,2006,VinylSd,184.0,Gd,PConc,Ex,Gd,Gd,GLQ,1094.0,Ex,Y,SBrkr,1102,1371,4,Gd,1,BuiltIn,Fin,675.0,Y,285,2.5,356383
85.0,16056,StoneBr,2Story,9,2005,CemntBd,208.0,Gd,PConc,Ex,TA,Av,GLQ,1992.0,Ex,Y,SBrkr,1992,876,4,Ex,1,BuiltIn,Fin,716.0,Y,322,3.5,556581
82.0,12438,StoneBr,2Story,8,2006,VinylSd,466.0,Ex,PConc,Ex,Gd,No,Unf,1234.0,Ex,Y,SBrkr,1264,1312,4,Ex,1,BuiltIn,Fin,666.0,Y,424,2.5,361919
82.0,16052,StoneBr,2Story,10,2006,VinylSd,734.0,Ex,PConc,Ex,TA,No,GLQ,1850.0,Ex,Y,SBrkr,1850,848,4,Ex,1,Attchd,RFn,736.0,Y,250,3.5,535000
92.0,15922,StoneBr,2Story,9,2005,VinylSd,550.0,Gd,PConc,Ex,TA,Av,Unf,1390.0,Ex,Y,SBrkr,1390,1405,4,Ex,1,BuiltIn,Fin,660.0,Y,374,3.5,401179
66.0,13682,StoneBr,2Story,10,2006,VinylSd,1031.0,Ex,PConc,Ex,TA,Gd,Unf,1410.0,Ex,Y,SBrkr,1426,1519,3,Gd,1,BuiltIn,Fin,641.0,Y,229,3.5,438780
64.0,14762,Gilbert,2Story,5,1948,Plywood,0.0,TA,Slab,None,None,None,None,0.0,Gd,Y,SBrkr,1547,720,2,TA,1,Attchd,Unf,672.0,P,264,2.0,169000
100.0,34650,Gilbert,1Story,5,1955,Wd Sdng,0.0,TA,CBlock,TA,TA,Mn,Rec,1056.0,TA,N,SBrkr,1056,0,3,TA,0,Attchd,Fin,572.0,Y,264,2.0,145000
60.0,8147,StoneBr,1Story,9,2005,MetalSd,230.0,Gd,PConc,Ex,TA,Gd,GLQ,1714.0,Ex,Y,SBrkr,1714,0,2,Gd,1,Attchd,Fin,517.0,Y,211,3.0,318000
69.0,11302,StoneBr,1Story,8,2005,VinylSd,238.0,Gd,PConc,Gd,TA,Gd,GLQ,1814.0,Ex,Y,SBrkr,1826,0,3,Gd,1,Attchd,Fin,758.0,Y,375,3.0,319000
90.0,18261,StoneBr,1Story,9,2005,VinylSd,420.0,Ex,PConc,Ex,TA,Gd,GLQ,1910.0,Ex,Y,SBrkr,2000,0,3,Ex,2,Attchd,Unf,722.0,Y,576,3.5,470000
91.0,14145,NWAmes,1Story,7,1984,Wd Sdng,0.0,Gd,CBlock,Gd,TA,Mn,ALQ,1208.0,Ex,Y,SBrkr,1621,0,3,Gd,0,Attchd,RFn,440.0,Y,153,3.0,202500
80.0,13837,NWAmes,1.5Fin,7,1988,HdBoard,178.0,Gd,PConc,Gd,Gd,No,GLQ,1204.0,Gd,Y,SBrkr,1377,806,4,Gd,0,Attchd,Unf,786.0,Y,0,2.5,229000
80.0,16659,NWAmes,2Story,7,1977,Plywood,34.0,TA,CBlock,TA,TA,No,ALQ,795.0,Fa,Y,SBrkr,1468,795,3,Gd,1,Attchd,Fin,539.0,Y,250,3.5,235000
80.0,18800,NWAmes,2Story,6,1976,HdBoard,120.0,TA,PConc,Gd,TA,Mn,GLQ,796.0,TA,Y,SBrkr,790,784,3,TA,1,Attchd,Fin,566.0,Y,417,3.5,190000
80.0,10464,NWAmes,SFoyer,6,1980,HdBoard,130.0,TA,CBlock,Gd,TA,Av,GLQ,988.0,TA,Y,SBrkr,1102,0,2,TA,1,Attchd,RFn,582.0,Y,162,2.0,169000
80.0,10400,NWAmes,1Story,7,1988,Wd Sdng,102.0,TA,CBlock,Gd,TA,Av,GLQ,1845.0,Gd,Y,SBrkr,1872,0,3,TA,1,Attchd,Fin,604.0,Y,236,2.5,241500
81.0,10530,NWAmes,2Story,7,1978,Plywood,68.0,TA,CBlock,TA,TA,No,Unf,945.0,TA,Y,SBrkr,945,912,4,TA,1,Attchd,RFn,482.0,Y,505,2.5,188900
79.0,10240,NWAmes,1Story,6,1980,Plywood,157.0,TA,CBlock,Gd,TA,No,BLQ,1686.0,TA,Y,SBrkr,1686,0,3,TA,1,Attchd,Unf,612.0,Y,515,3.0,207500
80.0,16692,NWAmes,2Story,7,1978,Plywood,184.0,TA,CBlock,Gd,TA,No,BLQ,1392.0,TA,Y,SBrkr,1392,1392,5,Gd,2,Attchd,RFn,564.0,Y,552,4.5,250000
85.0,11475,NWAmes,2Story,6,1975,VinylSd,0.0,TA,CBlock,Gd,TA,No,ALQ,713.0,TA,Y,SBrkr,811,741,3,TA,1,Attchd,RFn,434.0,Y,417,3.5,179900
80.0,9927,NWAmes,SFoyer,7,1976,VinylSd,252.0,Gd,CBlock,Ex,TA,Gd,GLQ,1047.0,TA,Y,SBrkr,1083,0,2,TA,1,Attchd,RFn,596.0,Y,484,2.0,172000
75.0,9512,Somerst,2Story,7,2005,VinylSd,0.0,Gd,PConc,Gd,TA,No,ALQ,960.0,Ex,Y,SBrkr,960,1358,3,Gd,1,BuiltIn,Fin,541.0,Y,246,3.5,294323
81.0,10530,NWAmes,SLvl,6,1975,Plywood,248.0,TA,CBlock,TA,Fa,No,ALQ,675.0,TA,Y,SBrkr,1109,766,3,Gd,1,Attchd,RFn,485.0,Y,76,3.0,184500
78.0,10140,NWAmes,1Story,5,1975,HdBoard,0.0,TA,CBlock,Gd,TA,No,ALQ,1056.0,Ex,Y,SBrkr,1074,0,3,TA,0,Attchd,RFn,495.0,Y,88,2.5,153500
78.0,10140,NWAmes,2Story,7,1976,HdBoard,0.0,TA,PConc,Gd,TA,No,GLQ,832.0,TA,Y,SBrkr,832,832,4,TA,1,Attchd,RFn,528.0,Y,287,2.5,162900
78.0,10140,NWAmes,1Story,6,1974,HdBoard,99.0,TA,CBlock,TA,TA,No,ALQ,1040.0,Fa,Y,SBrkr,1309,0,3,Gd,1,Attchd,RFn,484.0,Y,265,2.5,181000
80.0,10000,NWAmes,1Story,6,1974,HdBoard,176.0,TA,CBlock,TA,TA,No,ALQ,1103.0,TA,Y,SBrkr,1103,0,3,TA,0,Attchd,Unf,462.0,Y,379,2.0,155000
73.0,15870,NAmes,1Story,5,1969,VinylSd,0.0,TA,CBlock,TA,TA,Mn,BLQ,1096.0,Ex,Y,SBrkr,1096,0,3,TA,0,Attchd,Fin,299.0,Y,272,2.0,138800
71.0,9353,NAmes,1Story,4,1970,MetalSd,0.0,TA,CBlock,TA,TA,No,Unf,864.0,Gd,Y,SBrkr,864,0,3,TA,0,Attchd,Unf,280.0,Y,0,1.0,116050
73.0,8125,NAmes,1Story,4,1971,HdBoard,0.0,TA,CBlock,TA,TA,No,BLQ,858.0,TA,Y,SBrkr,858,0,3,TA,0,None,None,0.0,Y,0,1.0,88000
60.0,7200,NAmes,1Story,4,1971,HdBoard,0.0,TA,CBlock,TA,TA,No,Rec,864.0,TA,Y,SBrkr,874,0,3,TA,0,Detchd,Unf,576.0,Y,63,1.5,97500
26.0,8773,NAmes,1Story,6,2002,MetalSd,0.0,Gd,PConc,Gd,TA,No,GLQ,1487.0,Ex,Y,SBrkr,1419,0,2,Gd,0,Attchd,Fin,543.0,Y,264,3.0,190000
24.0,2760,BrDale,2Story,6,1973,HdBoard,514.0,TA,CBlock,TA,TA,No,Unf,525.0,TA,Y,SBrkr,525,567,3,TA,0,Detchd,Unf,440.0,Y,0,1.5,105500
24.0,2160,BrDale,2Story,5,1973,HdBoard,200.0,TA,CBlock,TA,TA,No,LwQ,765.0,Gd,Y,SBrkr,765,600,3,Gd,1,Attchd,Unf,440.0,Y,36,1.5,125500
21.0,1953,BrDale,2Story,6,1973,HdBoard,408.0,TA,CBlock,TA,Fa,No,BLQ,483.0,TA,Y,SBrkr,483,504,2,TA,0,Detchd,Unf,264.0,Y,72,1.5,83000
21.0,1890,BrDale,2Story,6,1972,HdBoard,380.0,TA,CBlock,TA,TA,No,ALQ,494.0,Ex,Y,SBrkr,494,536,3,TA,0,Detchd,Unf,264.0,Y,0,1.5,116000
21.0,1680,BrDale,2Story,6,1971,CemntBd,236.0,TA,CBlock,TA,TA,No,Unf,672.0,TA,Y,SBrkr,672,546,3,TA,0,None,None,0.0,N,201,1.5,91500
21.0,1680,BrDale,2Story,6,1972,HdBoard,281.0,TA,CBlock,TA,TA,No,BLQ,672.0,Gd,Y,SBrkr,672,546,3,TA,0,Detchd,Unf,264.0,Y,28,2.0,118000
21.0,1680,BrDale,2Story,6,1972,HdBoard,504.0,TA,CBlock,TA,TA,No,ALQ,483.0,TA,Y,SBrkr,483,465,2,TA,0,Detchd,Unf,264.0,Y,0,1.5,89000
21.0,1680,BrDale,2Story,6,1972,HdBoard,504.0,TA,CBlock,TA,TA,No,BLQ,525.0,Gd,Y,SBrkr,525,567,3,TA,0,Detchd,Unf,264.0,Y,352,1.5,108000
21.0,1680,BrDale,2Story,6,1972,HdBoard,297.0,TA,CBlock,TA,TA,No,Unf,483.0,TA,Y,SBrkr,483,504,2,TA,1,Attchd,Unf,288.0,Y,0,1.5,94500
53.0,4043,NPkVill,1Story,6,1975,Plywood,0.0,TA,CBlock,Gd,TA,No,ALQ,1069.0,Gd,Y,SBrkr,1069,0,2,TA,1,Attchd,RFn,440.0,Y,280,2.5,146300
65.0,7514,NAmes,1Story,5,1967,MetalSd,0.0,TA,CBlock,TA,TA,Mn,ALQ,943.0,TA,Y,SBrkr,1387,0,3,TA,1,Attchd,RFn,300.0,Y,240,2.0,145000
68.0,7838,NAmes,SFoyer,5,1967,HdBoard,0.0,TA,CBlock,TA,TA,Av,ALQ,864.0,TA,Y,SBrkr,900,0,3,TA,1,Attchd,RFn,288.0,Y,319,2.0,123000
24.0,2280,NPkVill,1Story,7,1976,Plywood,0.0,TA,CBlock,TA,TA,No,ALQ,1055.0,TA,Y,SBrkr,1055,0,2,TA,0,Attchd,Unf,319.0,Y,29,3.0,137500
24.0,2179,NPkVill,2Story,6,1976,Plywood,0.0,TA,CBlock,Gd,TA,No,ALQ,855.0,Gd,Y,SBrkr,855,601,3,TA,1,Attchd,RFn,460.0,Y,28,2.5,144000
129.0,16737,NridgHt,1Story,9,2004,VinylSd,66.0,Gd,PConc,Ex,TA,Av,GLQ,1980.0,Ex,Y,SBrkr,1980,0,3,Ex,1,Attchd,Fin,770.0,Y,239,3.0,315000
72.0,16387,NridgHt,2Story,9,2006,VinylSd,215.0,Gd,PConc,Ex,Gd,No,GLQ,1738.0,Gd,Y,SBrkr,1738,851,4,Ex,1,Attchd,RFn,831.0,Y,0,3.5,412083
111.0,16259,NridgHt,2Story,9,2006,VinylSd,370.0,TA,PConc,Ex,Gd,Av,Unf,1249.0,Ex,Y,SBrkr,1249,1347,4,Gd,0,Attchd,RFn,840.0,Y,394,3.5,342643
110.0,16163,NridgHt,1Story,8,2004,VinylSd,232.0,Gd,PConc,Gd,TA,Av,Unf,1618.0,Ex,Y,SBrkr,1618,0,2,Gd,1,Attchd,Fin,880.0,Y,0,2.0,252000
107.0,13891,NridgHt,1Story,10,2006,VinylSd,0.0,Ex,PConc,Ex,Gd,Gd,GLQ,2076.0,Ex,Y,SBrkr,2076,0,2,Ex,1,Attchd,Fin,850.0,Y,445,3.5,465000
108.0,12228,NridgHt,1Story,7,2006,VinylSd,206.0,Gd,PConc,Ex,Gd,No,Unf,1721.0,Ex,Y,SBrkr,1740,0,4,Gd,0,Attchd,RFn,874.0,Y,43,2.0,293000
120.0,14780,NridgHt,1Story,9,2005,VinylSd,568.0,Ex,PConc,Ex,TA,Gd,GLQ,1868.0,Ex,Y,SBrkr,1868,0,2,Ex,1,Attchd,Fin,1085.0,Y,566,3.0,415000
98.0,16033,NridgHt,1Story,9,2004,VinylSd,378.0,Gd,PConc,Ex,TA,Gd,GLQ,1833.0,Ex,Y,SBrkr,1850,0,3,Gd,1,Attchd,Fin,772.0,Y,631,3.0,326000
101.0,14215,NridgHt,2Story,8,2005,VinylSd,380.0,Gd,PConc,Ex,TA,Av,Unf,1158.0,Ex,Y,SBrkr,1158,1218,4,Gd,1,BuiltIn,RFn,853.0,Y,394,3.5,325300
108.0,13418,NridgHt,2Story,8,2004,VinylSd,132.0,Gd,PConc,Ex,TA,Av,Unf,1117.0,Ex,Y,SBrkr,1132,1320,4,Gd,1,BuiltIn,Fin,691.0,Y,145,3.5,309000
120.0,13975,NridgHt,2Story,9,2005,VinylSd,525.0,Gd,PConc,Gd,TA,Av,Unf,1090.0,Ex,Y,SBrkr,1117,1089,4,Ex,1,BuiltIn,Fin,670.0,Y,243,2.5,300000
80.0,10240,NridgHt,2Story,8,2005,VinylSd,178.0,Gd,PConc,Gd,TA,Mn,Unf,1030.0,Gd,Y,SBrkr,1038,1060,3,Ex,1,Attchd,RFn,878.0,Y,244,2.5,275500
82.0,9942,NridgHt,2Story,9,2005,MetalSd,385.0,Ex,PConc,Ex,Gd,Av,GLQ,1606.0,Ex,Y,SBrkr,1625,466,3,Ex,1,Attchd,RFn,521.0,Y,278,3.5,338500
85.0,11924,NridgHt,2Story,9,2005,WdShing,286.0,Ex,PConc,Ex,TA,No,GLQ,1175.0,Ex,Y,SBrkr,1182,1142,4,Ex,2,BuiltIn,Fin,736.0,Y,168,4.0,345000
103.0,12867,NridgHt,2Story,8,2005,CemntBd,0.0,Gd,PConc,Ex,TA,Av,Unf,1209.0,Ex,Y,SBrkr,1209,1044,3,Ex,1,Attchd,Fin,575.0,Y,385,2.5,344133
82.0,10672,NridgHt,2Story,8,2006,VinylSd,0.0,Gd,PConc,Ex,TA,Gd,Unf,1054.0,Gd,Y,SBrkr,1054,1335,4,Gd,1,BuiltIn,Fin,672.0,Y,240,2.5,298236
82.0,11643,NridgHt,2Story,8,2005,MetalSd,142.0,Gd,PConc,Ex,TA,Av,GLQ,1524.0,Ex,Y,SBrkr,1544,814,4,Ex,1,BuiltIn,Fin,784.0,Y,154,3.5,329900
90.0,12378,NridgHt,1Story,9,2003,VinylSd,0.0,Gd,PConc,Ex,TA,Gd,GLQ,1896.0,Ex,Y,SBrkr,1944,0,3,Ex,3,Attchd,Fin,708.0,Y,383,3.0,360000
86.0,11065,NridgHt,2Story,8,2006,VinylSd,788.0,Gd,PConc,Gd,TA,Mn,Unf,1085.0,Ex,Y,SBrkr,1120,850,3,Ex,1,BuiltIn,Fin,753.0,Y,251,2.5,281000
121.0,13758,NridgHt,1Story,9,2005,VinylSd,430.0,Ex,PConc,Ex,TA,Gd,GLQ,1792.0,Ex,Y,SBrkr,1792,0,2,Gd,1,Attchd,RFn,925.0,Y,253,3.0,372397
131.0,14828,NridgHt,1Story,9,2004,MetalSd,674.0,Ex,PConc,Ex,TA,Gd,GLQ,1780.0,Ex,Y,SBrkr,1780,0,2,Ex,1,Attchd,Fin,816.0,Y,212,3.0,378000
72.0,11846,NridgHt,1Story,9,2003,VinylSd,562.0,Gd,PConc,Ex,TA,Gd,GLQ,1792.0,Ex,Y,SBrkr,1792,0,2,Ex,1,Attchd,Fin,874.0,Y,255,3.0,374000
56.0,20431,NridgHt,2Story,9,2005,CemntBd,870.0,Ex,PConc,Ex,TA,No,GLQ,1848.0,Ex,Y,SBrkr,1848,880,4,Ex,2,Attchd,Fin,706.0,Y,0,3.5,437154
74.0,10927,NridgHt,2Story,8,2005,VinylSd,280.0,Gd,PConc,Gd,TA,Av,GLQ,1058.0,Ex,Y,SBrkr,1058,846,3,Ex,1,BuiltIn,Fin,736.0,Y,239,3.5,275000
92.0,13215,NridgHt,2Story,8,2004,VinylSd,112.0,Gd,PConc,Gd,TA,No,GLQ,1420.0,Ex,Y,SBrkr,1426,488,3,Gd,1,BuiltIn,RFn,746.0,Y,295,3.5,279000
43.0,7052,NridgHt,1Story,7,2005,VinylSd,240.0,Gd,PConc,Gd,TA,Av,GLQ,1364.0,Ex,Y,SBrkr,1364,0,2,Gd,1,Attchd,RFn,484.0,Y,228,3.0,185850
48.0,5911,NridgHt,1Story,9,2005,MetalSd,278.0,Ex,PConc,Ex,TA,No,GLQ,1560.0,Ex,Y,SBrkr,1565,0,2,Ex,1,Attchd,RFn,556.0,Y,252,3.0,282500
48.0,6955,NridgHt,1Story,7,2005,VinylSd,94.0,Gd,PConc,Gd,TA,No,Unf,1368.0,Ex,Y,SBrkr,1368,0,2,Gd,1,Attchd,RFn,474.0,Y,167,2.0,202500
40.0,6792,NridgHt,1Story,7,2005,VinylSd,94.0,Gd,PConc,Gd,TA,No,Unf,1368.0,Ex,Y,SBrkr,1368,0,2,Gd,1,Attchd,RFn,474.0,Y,167,2.0,202665
61.0,7740,NridgHt,1Story,9,2006,MetalSd,518.0,Gd,PConc,Ex,Gd,No,GLQ,1686.0,Ex,Y,SBrkr,1686,0,1,Ex,1,Attchd,Fin,899.0,Y,366,3.0,332200
48.0,6373,NridgHt,1Story,9,2006,MetalSd,572.0,Ex,PConc,Ex,Gd,No,GLQ,1666.0,Ex,Y,SBrkr,1666,0,2,Gd,1,Attchd,RFn,575.0,Y,303,3.0,310090
92.0,3136,NridgHt,1Story,7,2003,VinylSd,163.0,Gd,PConc,Gd,TA,No,Unf,1405.0,Ex,Y,SBrkr,1405,0,2,Gd,1,Attchd,RFn,478.0,Y,184,2.0,171750
65.0,10237,Gilbert,1Story,6,2005,VinylSd,0.0,Gd,PConc,Gd,TA,No,GLQ,1316.0,Ex,Y,SBrkr,1316,0,3,Gd,1,Attchd,Fin,397.0,Y,100,2.0,169990
65.0,10237,Gilbert,2Story,6,2005,VinylSd,0.0,Gd,PConc,Gd,TA,No,Unf,728.0,Ex,Y,SBrkr,728,728,3,Gd,1,Attchd,Fin,390.0,Y,24,2.5,170440
65.0,10237,Gilbert,2Story,7,2006,VinylSd,0.0,Gd,PConc,Gd,TA,No,Unf,738.0,Ex,Y,SBrkr,738,754,3,Gd,0,Attchd,Fin,440.0,Y,32,2.5,169985
58.0,17104,Gilbert,2Story,7,2006,VinylSd,0.0,Gd,PConc,Gd,Gd,Av,GLQ,654.0,Ex,Y,SBrkr,664,832,3,Gd,1,Attchd,RFn,426.0,Y,124,3.5,179665
58.0,14054,Gilbert,2Story,7,2006,VinylSd,0.0,Gd,PConc,Gd,TA,Av,Unf,879.0,Ex,Y,SBrkr,879,984,4,Gd,1,BuiltIn,Fin,660.0,Y,117,2.5,219210
102.0,11660,Gilbert,1Story,6,2006,VinylSd,0.0,Gd,PConc,Gd,TA,Av,Unf,1326.0,Ex,Y,SBrkr,1326,0,3,Gd,0,Attchd,Fin,427.0,Y,100,2.0,174190
105.0,15578,Gilbert,2Story,6,2006,VinylSd,0.0,Gd,PConc,Gd,TA,No,Unf,728.0,Gd,Y,SBrkr,728,728,3,TA,0,Attchd,RFn,429.0,Y,0,2.5,172785
96.0,11631,Gilbert,2Story,8,2004,VinylSd,236.0,Gd,PConc,Gd,TA,Av,Unf,1052.0,Ex,Y,SBrkr,1052,1321,4,Gd,1,BuiltIn,Fin,632.0,Y,166,2.5,258000
75.0,9073,Gilbert,2Story,7,2006,VinylSd,0.0,Gd,PConc,Gd,TA,No,Unf,738.0,Ex,Y,SBrkr,738,754,3,Gd,0,Attchd,Fin,440.0,Y,132,2.5,185101
43.0,3087,Blmngtn,1Story,7,2006,VinylSd,14.0,Gd,PConc,Gd,TA,Av,GLQ,1220.0,Ex,Y,SBrkr,1364,0,2,Gd,1,Attchd,Fin,437.0,Y,116,3.0,210250
43.0,3196,Blmngtn,1Story,7,2003,VinylSd,18.0,Gd,PConc,Gd,TA,Gd,Unf,1374.0,Ex,Y,SBrkr,1557,0,2,Gd,1,Attchd,Fin,420.0,Y,163,2.0,234000
43.0,3196,Blmngtn,1Story,8,2003,VinylSd,40.0,Gd,PConc,Gd,TA,Gd,Unf,1273.0,Ex,Y,SBrkr,1456,0,2,Gd,1,Attchd,Fin,400.0,Y,163,2.0,215000
43.0,2938,Blmngtn,1Story,7,2002,VinylSd,40.0,Gd,PConc,Gd,TA,Av,GLQ,1368.0,Ex,Y,SBrkr,1511,0,2,Gd,1,Attchd,Fin,398.0,Y,160,3.0,246990
43.0,3072,Blmngtn,1Story,7,2004,VinylSd,18.0,Gd,PConc,Gd,TA,No,Unf,1375.0,Ex,Y,SBrkr,1414,0,2,Gd,1,Attchd,Fin,398.0,Y,164,2.0,178740
43.0,3072,Blmngtn,1Story,7,2004,VinylSd,18.0,Gd,PConc,Gd,TA,No,GLQ,1365.0,Ex,Y,SBrkr,1548,0,2,Gd,1,Attchd,Fin,388.0,Y,163,3.0,225000
43.0,3010,Blmngtn,1Story,7,2005,VinylSd,16.0,Gd,PConc,Gd,TA,Av,GLQ,1248.0,Ex,Y,SBrkr,1248,0,2,Gd,0,Attchd,Fin,438.0,Y,108,2.0,167240
43.0,3010,Blmngtn,1Story,7,2005,VinylSd,14.0,Gd,PConc,Gd,TA,Gd,GLQ,1142.0,Ex,Y,SBrkr,1142,0,2,Gd,0,Attchd,Fin,440.0,Y,90,2.0,156820
43.0,3013,Blmngtn,1Story,7,2005,VinylSd,145.0,Gd,PConc,Gd,TA,Gd,GLQ,1362.0,Ex,Y,SBrkr,1506,0,2,Gd,1,Attchd,Fin,440.0,Y,162,2.0,213490
53.0,3982,Blmngtn,1Story,8,2006,VinylSd,0.0,Gd,PConc,Gd,Gd,Av,GLQ,1520.0,Ex,Y,SBrkr,1567,0,1,Ex,1,Attchd,Fin,648.0,Y,312,3.0,264561
53.0,4045,Blmngtn,1Story,7,2006,VinylSd,45.0,Gd,PConc,Gd,TA,Av,GLQ,1356.0,Ex,Y,SBrkr,1500,0,2,Gd,1,Attchd,Fin,648.0,Y,181,3.0,246578
60.0,21930,Gilbert,2Story,5,2005,VinylSd,0.0,Gd,PConc,Gd,Gd,Av,Unf,732.0,Ex,Y,SBrkr,734,1104,4,TA,1,BuiltIn,Fin,372.0,Y,140,2.5,192140
64.0,7861,Gilbert,2Story,6,2002,VinylSd,0.0,Gd,PConc,Gd,TA,No,GLQ,783.0,Ex,Y,SBrkr,807,702,3,Gd,1,Attchd,Fin,393.0,Y,175,3.5,183200
74.0,9056,Gilbert,2Story,8,2004,VinylSd,0.0,Gd,PConc,Ex,Gd,Av,Unf,707.0,Ex,Y,SBrkr,707,707,3,Gd,1,Attchd,Fin,403.0,Y,135,2.5,178000
59.0,9171,Gilbert,2Story,7,2004,VinylSd,0.0,Gd,PConc,Gd,TA,Av,Unf,848.0,Ex,Y,SBrkr,848,750,3,Gd,1,Attchd,Fin,433.0,Y,148,2.5,201490
106.0,11194,Gilbert,2Story,8,2000,VinylSd,40.0,Gd,PConc,Gd,TA,No,Unf,1406.0,Ex,Y,SBrkr,1454,482,3,Gd,1,Attchd,RFn,504.0,Y,312,2.5,230500
63.0,7875,Gilbert,2Story,7,2003,VinylSd,0.0,Gd,PConc,Gd,TA,No,Unf,783.0,Ex,Y,SBrkr,807,702,3,Gd,1,Attchd,Fin,393.0,Y,75,2.5,180000
64.0,8121,Gilbert,2Story,6,2000,VinylSd,0.0,TA,PConc,Gd,TA,No,Unf,953.0,Ex,Y,SBrkr,953,711,3,TA,1,Attchd,RFn,460.0,Y,140,2.5,172400
64.0,8658,Gilbert,2Story,6,2000,VinylSd,0.0,TA,PConc,Gd,TA,No,ALQ,982.0,Ex,Y,SBrkr,1008,881,3,TA,1,Attchd,Fin,431.0,Y,0,2.5,215000
64.0,11214,Gilbert,2Story,7,1998,VinylSd,0.0,Gd,PConc,Gd,TA,No,Unf,930.0,Gd,Y,SBrkr,956,930,4,Gd,1,Attchd,Fin,431.0,Y,89,2.5,199900
58.0,10852,Gilbert,2Story,6,2000,VinylSd,0.0,TA,PConc,Gd,TA,No,GLQ,959.0,Ex,Y,SBrkr,959,712,3,TA,1,Attchd,Fin,472.0,Y,38,3.5,173000
64.0,12104,Gilbert,2Story,7,2006,VinylSd,0.0,Gd,PConc,Gd,TA,No,Unf,1035.0,Gd,Y,SBrkr,1082,1240,4,Gd,0,Attchd,RFn,617.0,Y,445,3.5,287602
66.0,8738,Gilbert,2Story,7,1999,VinylSd,302.0,Gd,PConc,Gd,TA,No,Unf,975.0,Ex,Y,SBrkr,1005,1286,4,Gd,1,BuiltIn,Fin,429.0,Y,192,2.5,230000
82.0,9452,NoRidge,2Story,8,1997,VinylSd,423.0,Gd,PConc,Gd,TA,No,GLQ,1396.0,Ex,Y,SBrkr,1407,985,3,Gd,1,Attchd,Fin,870.0,Y,70,3.5,348000
84.0,9660,NoRidge,2Story,8,1998,VinylSd,242.0,Gd,PConc,Gd,TA,No,GLQ,1044.0,Ex,Y,SBrkr,1079,897,3,Gd,1,Attchd,Fin,885.0,Y,241,3.5,286000
83.0,9545,NoRidge,2Story,8,2000,VinylSd,322.0,Gd,PConc,Gd,TA,Mn,GLQ,1160.0,Ex,Y,SBrkr,1205,1029,3,Gd,1,BuiltIn,RFn,768.0,Y,50,3.5,300000
118.0,35760,NoRidge,2Story,10,1995,HdBoard,1378.0,Gd,PConc,Ex,TA,Gd,GLQ,1930.0,Ex,Y,SBrkr,1831,1796,4,Gd,1,Attchd,Fin,807.0,Y,437,4.5,625000
89.0,9233,NoRidge,2Story,9,2000,VinylSd,877.0,Gd,PConc,Ex,TA,Av,GLQ,1540.0,Ex,Y,SBrkr,1540,1315,4,Ex,1,Attchd,RFn,774.0,Y,302,3.5,405000
78.0,12011,NoRidge,2Story,8,1998,VinylSd,530.0,Gd,PConc,Gd,TA,Av,GLQ,1086.0,Ex,Y,SBrkr,1086,838,3,Gd,1,Attchd,RFn,592.0,Y,657,3.5,280000
93.0,12090,NoRidge,2Story,8,1998,VinylSd,650.0,Gd,PConc,Gd,TA,No,Unf,1141.0,Gd,Y,SBrkr,1165,1098,4,Gd,1,BuiltIn,Fin,420.0,Y,267,2.5,258000
83.0,10019,NoRidge,2Story,8,1995,VinylSd,397.0,Gd,PConc,Gd,TA,No,ALQ,1342.0,Ex,Y,SBrkr,1358,1368,4,Gd,1,Attchd,RFn,725.0,Y,644,2.5,350000
114.0,17242,NoRidge,2Story,9,1993,MetalSd,738.0,Gd,PConc,Ex,TA,Gd,Rec,1733.0,Ex,Y,SBrkr,1933,1567,4,Ex,1,Attchd,RFn,959.0,Y,1166,4.5,584500
89.0,10236,NoRidge,2Story,8,1994,VinylSd,501.0,Gd,PConc,Gd,TA,Gd,GLQ,1290.0,Ex,Y,SBrkr,1305,1189,4,Gd,1,Attchd,Fin,803.0,Y,295,3.5,321000
92.0,10120,NoRidge,2Story,8,1994,VinylSd,391.0,Gd,PConc,Gd,TA,No,GLQ,1165.0,Ex,Y,SBrkr,1203,1323,4,Gd,1,Attchd,RFn,844.0,Y,387,3.5,290000
89.0,12585,NoRidge,2Story,8,1993,HdBoard,420.0,Gd,PConc,Gd,TA,No,LwQ,1286.0,Ex,Y,SBrkr,1565,1234,3,Gd,1,Attchd,Fin,704.0,Y,568,3.5,315000
75.0,12447,Somerst,2Story,8,2005,CemntBd,192.0,Gd,PConc,Gd,Gd,No,Unf,1100.0,Ex,Y,SBrkr,1116,848,3,Gd,1,BuiltIn,Fin,760.0,Y,270,2.5,252000
49.0,15218,Somerst,1Story,8,2006,VinylSd,0.0,Gd,PConc,Ex,Gd,No,GLQ,1670.0,Ex,Y,SBrkr,1670,0,2,Gd,1,Attchd,RFn,928.0,Y,440,3.5,336820
49.0,20896,Somerst,1Story,8,2005,VinylSd,0.0,Gd,PConc,Ex,TA,Mn,GLQ,2077.0,Ex,Y,SBrkr,2097,0,1,Ex,1,Attchd,Fin,1134.0,Y,459,2.5,423000
85.0,10182,Somerst,1Story,8,2006,VinylSd,420.0,Gd,PConc,Ex,TA,Mn,GLQ,1660.0,Ex,Y,SBrkr,1660,0,3,Gd,1,Attchd,RFn,500.0,Y,372,3.0,290000
73.0,8688,Somerst,1Story,7,2005,VinylSd,228.0,Gd,PConc,Gd,TA,Av,Unf,1616.0,Ex,Y,SBrkr,1616,0,3,Gd,0,Attchd,RFn,834.0,Y,267,2.0,232000
85.0,10936,Somerst,1Story,8,2006,VinylSd,60.0,Gd,PConc,Gd,TA,No,Unf,1504.0,Ex,Y,SBrkr,1504,0,3,Gd,0,Attchd,Fin,510.0,Y,144,2.0,199000
72.0,8640,Somerst,1Story,8,2006,VinylSd,0.0,Gd,PConc,Gd,TA,No,GLQ,1278.0,Ex,Y,SBrkr,1278,0,2,Gd,0,Attchd,RFn,584.0,Y,60,2.0,198600
100.0,13162,Somerst,2Story,9,2006,VinylSd,0.0,Gd,PConc,Ex,TA,No,GLQ,2036.0,Ex,Y,SBrkr,2036,604,3,Ex,1,Attchd,RFn,792.0,Y,265,4.5,405749
81.0,11216,Somerst,1Story,8,2006,VinylSd,0.0,Gd,PConc,Gd,Gd,No,Unf,1489.0,Ex,Y,SBrkr,1489,0,3,Gd,1,Attchd,RFn,776.0,Y,140,2.0,232600
84.0,10728,Somerst,2Story,8,2006,VinylSd,0.0,Gd,PConc,Gd,TA,Mn,Unf,1095.0,Gd,Y,SBrkr,1095,844,3,Gd,1,Attchd,RFn,1053.0,Y,243,2.5,266000
65.0,8125,Somerst,2Story,7,2005,VinylSd,0.0,Gd,PConc,Gd,TA,No,Unf,756.0,Ex,Y,SBrkr,756,797,3,Gd,0,Attchd,RFn,615.0,Y,45,2.5,186500
65.0,8125,Somerst,2Story,6,2005,VinylSd,0.0,Gd,PConc,Gd,TA,No,Unf,858.0,Ex,Y,SBrkr,858,858,3,Gd,0,Attchd,RFn,615.0,Y,53,2.5,200825
65.0,8125,Somerst,2Story,7,2006,VinylSd,0.0,Gd,PConc,Gd,Gd,No,Unf,770.0,Ex,Y,SBrkr,778,798,3,Gd,0,Attchd,RFn,614.0,Y,50,2.5,197000
60.0,7200,Somerst,1Story,6,2006,VinylSd,68.0,Gd,PConc,Gd,TA,No,GLQ,1262.0,Gd,Y,SBrkr,1262,0,2,Gd,0,Attchd,Fin,572.0,Y,120,2.0,185000
62.0,7500,Somerst,1Story,7,2005,VinylSd,0.0,Gd,PConc,Gd,TA,No,Unf,1257.0,Ex,Y,SBrkr,1266,0,3,Gd,1,Attchd,Unf,453.0,Y,182,2.0,176000
60.0,7200,Somerst,1Story,7,2006,VinylSd,0.0,Gd,PConc,Gd,Gd,No,Unf,1293.0,Ex,Y,SBrkr,1301,0,2,Gd,1,Attchd,RFn,572.0,Y,337,3.0,187750
74.0,7733,SawyerW,1Story,6,2005,VinylSd,0.0,TA,PConc,TA,TA,Mn,GLQ,1142.0,Ex,Y,SBrkr,1142,0,3,Gd,0,None,None,0.0,Y,54,1.5,139500
91.0,11024,SawyerW,1Story,7,2005,VinylSd,118.0,Gd,PConc,Gd,TA,Av,Unf,1400.0,Ex,Y,SBrkr,1400,0,3,Gd,0,Attchd,RFn,612.0,Y,199,2.0,186800
63.0,13072,SawyerW,1Story,6,2005,VinylSd,0.0,TA,PConc,Gd,TA,No,Unf,1131.0,Ex,Y,SBrkr,1131,0,3,Gd,0,None,None,0.0,Y,39,1.5,132000
63.0,13072,SawyerW,1Story,6,2005,VinylSd,0.0,Gd,PConc,Gd,TA,No,Unf,1141.0,Ex,Y,SBrkr,1141,0,3,TA,0,Detchd,Unf,484.0,Y,0,1.5,142500
63.0,13072,SawyerW,1Story,6,2004,VinylSd,0.0,TA,PConc,Gd,TA,No,ALQ,1158.0,Ex,Y,SBrkr,1158,0,3,Gd,0,Detchd,Unf,576.0,Y,50,2.5,158000
65.0,7800,SawyerW,2Story,7,2005,VinylSd,172.0,Gd,PConc,Gd,TA,No,Unf,891.0,Ex,Y,SBrkr,891,795,3,Gd,0,Attchd,Fin,462.0,Y,245,2.5,184000
74.0,7632,SawyerW,2Story,7,2005,VinylSd,96.0,Gd,PConc,Gd,TA,No,Unf,784.0,Ex,Y,SBrkr,831,754,3,Gd,0,Attchd,RFn,449.0,Y,177,2.5,184900
70.0,8304,SawyerW,2Story,6,1997,VinylSd,0.0,TA,PConc,Gd,TA,No,Unf,941.0,Ex,Y,SBrkr,941,896,3,TA,0,Attchd,RFn,688.0,Y,315,2.5,187000
65.0,7153,SawyerW,2Story,6,1992,VinylSd,0.0,Gd,PConc,Gd,TA,No,ALQ,761.0,Ex,Y,SBrkr,810,793,3,Gd,0,Attchd,RFn,484.0,Y,124,2.5,175900
70.0,9370,SawyerW,2Story,6,1992,HdBoard,0.0,Gd,PConc,Gd,TA,No,ALQ,836.0,Ex,Y,SBrkr,844,887,3,Gd,0,Attchd,RFn,462.0,Y,616,3.5,248500
50.0,7175,SawyerW,1Story,6,1990,Plywood,0.0,Gd,PConc,Gd,TA,No,GLQ,1398.0,Gd,Y,SBrkr,1398,0,2,Gd,0,Attchd,RFn,542.0,Y,46,3.0,172000
50.0,7175,SawyerW,1Story,6,1991,Plywood,0.0,Gd,PConc,Gd,TA,No,GLQ,1217.0,Gd,Y,SBrkr,1217,0,2,Gd,0,Attchd,RFn,484.0,Y,64,2.0,151000
67.0,9019,SawyerW,2Story,6,1994,VinylSd,0.0,TA,PConc,Gd,TA,No,ALQ,636.0,Ex,Y,SBrkr,636,684,3,Gd,0,Attchd,Fin,472.0,Y,40,2.5,150000
67.0,8900,SawyerW,1Story,4,1966,HdBoard,0.0,TA,CBlock,TA,TA,No,Rec,1056.0,TA,Y,SBrkr,1056,0,2,TA,0,Detchd,Unf,384.0,Y,42,2.0,107000
60.0,7800,SawyerW,1Story,5,1965,VinylSd,0.0,TA,CBlock,TA,TA,No,BLQ,828.0,Gd,Y,SBrkr,965,0,3,TA,0,Detchd,Unf,300.0,Y,421,2.0,119900
70.0,9100,Sawyer,1Story,5,1962,Wd Sdng,51.0,TA,CBlock,TA,TA,No,LwQ,988.0,Ex,Y,SBrkr,988,0,3,TA,0,Detchd,Unf,624.0,Y,0,2.0,129500
70.0,9100,Sawyer,1Story,5,1963,HdBoard,336.0,TA,CBlock,TA,TA,No,Rec,1728.0,TA,Y,SBrkr,1728,0,6,TA,0,Detchd,Unf,504.0,Y,0,3.0,125000
68.0,8927,Sawyer,1.5Fin,6,1977,VinylSd,0.0,TA,CBlock,None,None,None,None,0.0,TA,Y,SBrkr,1286,368,4,TA,0,Attchd,RFn,528.0,Y,0,2.0,119500
72.0,9240,Sawyer,1Story,5,1962,HdBoard,0.0,TA,CBlock,TA,TA,No,BLQ,864.0,Gd,Y,SBrkr,1211,0,2,TA,1,Detchd,Unf,576.0,Y,161,1.0,144000
88.0,8471,Sawyer,SLvl,6,1977,HdBoard,46.0,TA,CBlock,Gd,Gd,Av,ALQ,506.0,TA,Y,SBrkr,1212,0,3,TA,1,Attchd,Unf,492.0,Y,304,2.0,151000
72.0,9308,Sawyer,1Story,5,1965,HdBoard,0.0,TA,CBlock,TA,TA,No,Rec,984.0,TA,Y,SBrkr,984,0,3,TA,0,Attchd,Unf,310.0,Y,0,1.0,126000
65.0,8450,Sawyer,1Story,5,1968,Plywood,90.0,TA,CBlock,TA,TA,No,BLQ,882.0,TA,Y,SBrkr,909,0,3,TA,0,Attchd,Unf,294.0,Y,155,1.0,116000
72.0,8638,Sawyer,1Story,5,1963,HdBoard,0.0,TA,PConc,TA,TA,No,ALQ,925.0,Gd,Y,SBrkr,925,0,2,TA,0,Detchd,Unf,484.0,Y,277,2.0,133500
72.0,13052,Sawyer,1Story,5,1965,HdBoard,0.0,TA,CBlock,TA,TA,No,Rec,1024.0,TA,Y,SBrkr,1024,0,3,TA,0,Attchd,Unf,308.0,Y,0,1.5,120875
72.0,13526,Sawyer,1Story,5,1965,HdBoard,114.0,TA,CBlock,TA,TA,No,BLQ,935.0,TA,Y,SBrkr,935,0,3,TA,0,Attchd,Unf,288.0,Y,180,2.0,137000
72.0,8020,Sawyer,1Story,5,1964,HdBoard,0.0,TA,CBlock,TA,TA,No,ALQ,912.0,TA,N,SBrkr,912,0,3,TA,0,None,None,0.0,Y,0,1.0,124000
65.0,6993,Sawyer,1Story,5,1961,HdBoard,0.0,TA,CBlock,TA,TA,No,BLQ,912.0,TA,Y,SBrkr,1236,0,3,TA,1,Attchd,Unf,288.0,Y,0,1.0,135000
72.0,8789,Sawyer,1Story,5,1967,VinylSd,0.0,TA,CBlock,TA,TA,Mn,Rec,912.0,TA,Y,SBrkr,941,0,3,TA,1,Attchd,Unf,288.0,Y,64,1.0,129200
100.0,14330,Veenker,SLvl,7,1974,WdShing,145.0,Gd,CBlock,Gd,TA,Gd,ALQ,1748.0,Gd,Y,SBrkr,2151,495,3,Gd,4,Attchd,RFn,550.0,Y,741,4.0,260000
121.0,16059,NoRidge,2Story,8,1991,HdBoard,284.0,Gd,CBlock,Gd,TA,No,Unf,1288.0,Ex,Y,SBrkr,1301,1116,4,Gd,1,Attchd,Unf,462.0,Y,209,2.5,260000
105.0,11025,NoRidge,2Story,8,1992,HdBoard,692.0,Gd,PConc,Ex,TA,Gd,GLQ,1334.0,Ex,Y,SBrkr,1520,1306,3,Gd,3,Attchd,RFn,888.0,Y,571,3.5,334000
89.0,14541,NoRidge,2Story,8,1993,MetalSd,0.0,Gd,PConc,Gd,Gd,No,GLQ,1338.0,Ex,Y,SBrkr,1352,1168,5,Gd,1,Attchd,RFn,796.0,Y,264,3.5,310000
89.0,13346,NoRidge,2Story,7,1992,HdBoard,0.0,Gd,PConc,Gd,TA,No,GLQ,1095.0,Ex,Y,SBrkr,1166,1129,4,Gd,1,Attchd,RFn,590.0,Y,40,3.5,268000
89.0,12461,NoRidge,1Story,8,1994,ImStucc,0.0,Gd,PConc,Gd,TA,No,GLQ,1624.0,Ex,Y,SBrkr,1624,0,2,Gd,1,Attchd,RFn,757.0,Y,306,3.0,262000
34.0,3628,Somerst,1Story,7,2004,MetalSd,0.0,Gd,PConc,Gd,TA,No,Unf,1143.0,Ex,Y,SBrkr,1143,0,1,Gd,1,Attchd,RFn,588.0,Y,191,1.5,176400
37.0,3316,Somerst,1Story,8,2005,MetalSd,0.0,Gd,PConc,Gd,TA,No,GLQ,1247.0,Ex,Y,SBrkr,1247,0,1,Gd,1,Attchd,Fin,550.0,Y,84,2.5,197000
30.0,3180,Somerst,2Story,7,2005,MetalSd,0.0,TA,PConc,Gd,TA,No,Unf,600.0,Ex,Y,SBrkr,520,600,2,Gd,0,Detchd,RFn,480.0,Y,166,2.5,151000
24.0,2544,Somerst,2Story,7,2005,MetalSd,0.0,Gd,PConc,Gd,TA,No,Unf,600.0,Ex,Y,SBrkr,520,623,2,Gd,0,Detchd,RFn,480.0,Y,166,2.5,147400
24.0,2544,Somerst,2Story,7,2005,MetalSd,0.0,Gd,PConc,Gd,TA,No,Unf,600.0,Ex,Y,SBrkr,520,623,2,Gd,0,Detchd,RFn,480.0,Y,166,2.5,149900
30.0,3180,Somerst,2Story,7,2005,MetalSd,0.0,Gd,PConc,Gd,TA,No,Unf,600.0,Ex,Y,SBrkr,520,600,2,Gd,0,Detchd,RFn,480.0,Y,166,2.5,144152
72.5,2998,Somerst,2Story,6,2000,MetalSd,513.0,Gd,PConc,Gd,TA,No,GLQ,756.0,Ex,Y,SBrkr,768,756,2,Gd,0,Detchd,Unf,440.0,Y,32,2.5,166000
35.0,3735,Somerst,2Story,7,1999,MetalSd,218.0,Gd,PConc,Gd,TA,No,GLQ,691.0,Ex,Y,SBrkr,713,739,3,Gd,0,Detchd,Unf,506.0,Y,34,3.5,183900
72.5,2651,Somerst,2Story,7,2000,MetalSd,0.0,Gd,PConc,Gd,TA,No,GLQ,673.0,Ex,Y,SBrkr,673,709,3,Gd,0,Detchd,Unf,490.0,Y,203,3.5,165000
72.5,4447,Somerst,2Story,7,2003,VinylSd,0.0,Gd,PConc,Gd,TA,No,Unf,530.0,Ex,Y,SBrkr,530,550,2,Gd,0,Attchd,RFn,496.0,Y,50,2.5,139000
114.0,8314,Somerst,2Story,7,1997,Wd Sdng,0.0,Gd,PConc,Gd,TA,No,Unf,569.0,Ex,Y,SBrkr,854,840,3,Gd,1,BuiltIn,Unf,434.0,Y,492,2.5,200000
60.0,7180,Somerst,1Story,8,2001,CemntBd,0.0,Gd,PConc,Gd,TA,No,Unf,1568.0,Ex,Y,SBrkr,1568,0,3,Gd,1,Attchd,RFn,564.0,Y,266,2.0,221000
30.0,9549,Veenker,1Story,8,1995,BrkFace,0.0,Gd,PConc,Gd,Gd,Av,LwQ,1494.0,Ex,Y,SBrkr,1494,0,2,Ex,1,Attchd,Fin,481.0,Y,246,2.5,270000
80.0,11250,Veenker,1Story,6,1977,Plywood,0.0,Gd,CBlock,Gd,TA,No,ALQ,1208.0,TA,Y,SBrkr,1208,0,3,TA,1,Attchd,RFn,546.0,Y,240,2.5,165000
40.0,3760,Greens,1Story,8,1980,Wd Sdng,0.0,Gd,CBlock,Gd,TA,Gd,GLQ,1235.0,Gd,Y,SBrkr,1235,0,1,TA,3,Attchd,Fin,484.0,Y,211,2.0,214000
36.0,3640,Greens,1Story,8,1980,Wd Sdng,0.0,Gd,CBlock,Gd,TA,Gd,GLQ,1036.0,TA,Y,SBrkr,1036,0,1,Gd,1,Detchd,Fin,484.0,Y,241,2.0,188000
40.0,3874,Greens,1Story,8,1980,Wd Sdng,0.0,Gd,CBlock,Gd,TA,Gd,GLQ,1226.0,TA,Y,SBrkr,1226,0,1,Gd,1,Attchd,Fin,484.0,Y,211,2.0,190000
40.0,3876,Greens,1Story,8,1978,Wd Sdng,0.0,Gd,CBlock,Gd,TA,Gd,GLQ,1226.0,TA,Y,SBrkr,1226,0,1,Gd,1,Attchd,Fin,484.0,Y,193,2.0,170000
68.0,50271,Veenker,1Story,9,1981,WdShing,0.0,Gd,CBlock,Ex,TA,Gd,GLQ,1842.0,Gd,Y,SBrkr,1842,0,0,Gd,1,Attchd,Fin,894.0,Y,929,2.5,385000
79.0,13110,NWAmes,1Story,5,1972,Plywood,144.0,TA,CBlock,Gd,TA,No,GLQ,1153.0,Ex,Y,SBrkr,1193,0,2,TA,0,Attchd,Fin,501.0,Y,293,3.0,146500
102.0,10192,NWAmes,SLvl,7,1968,MetalSd,143.0,TA,CBlock,TA,TA,No,Unf,570.0,Gd,Y,SBrkr,1222,698,4,Gd,1,Attchd,RFn,487.0,Y,98,3.0,170000
80.0,20781,NWAmes,1Story,7,1968,BrkFace,0.0,TA,CBlock,TA,TA,No,BLQ,1568.0,TA,Y,SBrkr,2156,0,3,TA,1,Attchd,RFn,508.0,Y,80,2.0,262500
90.0,11700,NWAmes,2Story,6,1968,HdBoard,420.0,TA,CBlock,TA,TA,No,ALQ,708.0,Gd,Y,SBrkr,708,708,3,TA,1,Attchd,RFn,776.0,Y,288,2.5,179900
80.0,11029,NWAmes,2Story,6,1968,HdBoard,220.0,TA,CBlock,TA,TA,Mn,BLQ,1054.0,TA,Y,SBrkr,1512,1142,4,Gd,1,Attchd,Unf,619.0,Y,287,3.5,250000
80.0,10400,NWAmes,2Story,6,1972,VinylSd,288.0,TA,CBlock,TA,TA,No,Rec,732.0,Gd,Y,SBrkr,1012,778,4,TA,1,Attchd,RFn,484.0,Y,295,3.0,165150
78.0,10140,NWAmes,1Story,7,1967,HdBoard,264.0,TA,CBlock,TA,TA,No,BLQ,1334.0,Gd,Y,SBrkr,1334,0,3,TA,0,Attchd,RFn,477.0,Y,319,3.0,164500
80.0,9600,NWAmes,1Story,7,1969,HdBoard,168.0,TA,CBlock,TA,TA,No,Unf,1164.0,TA,Y,SBrkr,1164,0,3,TA,0,Attchd,Unf,528.0,Y,0,1.5,140000
75.0,9750,NAmes,SLvl,5,1967,VinylSd,0.0,TA,PConc,TA,TA,Av,ALQ,980.0,Gd,Y,SBrkr,980,0,3,TA,0,Attchd,Fin,384.0,Y,68,2.0,135500
80.0,9600,NAmes,1Story,5,1968,MetalSd,0.0,TA,CBlock,TA,TA,No,ALQ,1051.0,Gd,Y,SBrkr,1051,0,3,TA,0,Attchd,RFn,504.0,Y,0,2.0,142000
72.0,8640,NAmes,2Story,5,1968,HdBoard,300.0,TA,CBlock,Gd,Fa,Mn,ALQ,900.0,Ex,Y,SBrkr,884,886,4,TA,0,Attchd,RFn,530.0,Y,330,2.5,155000
78.0,9360,NAmes,1Story,6,1968,HdBoard,203.0,TA,CBlock,TA,TA,Av,ALQ,976.0,TA,Y,SBrkr,976,0,2,Gd,1,Attchd,RFn,504.0,Y,94,2.0,157500
70.0,8400,NAmes,1Story,5,1968,HdBoard,168.0,TA,CBlock,TA,TA,Av,BLQ,1052.0,Gd,Y,SBrkr,1052,0,3,TA,0,Attchd,RFn,288.0,Y,356,2.5,138500
70.0,8400,NAmes,SFoyer,5,1968,HdBoard,0.0,TA,CBlock,Gd,TA,Gd,GLQ,833.0,Gd,Y,SBrkr,898,0,3,TA,0,Attchd,RFn,326.0,Y,143,2.0,140000
73.0,9759,NAmes,1Story,5,1966,Plywood,0.0,TA,CBlock,TA,TA,No,BLQ,1051.0,TA,Y,SBrkr,1051,0,3,TA,0,Attchd,RFn,264.0,Y,270,2.0,124400
80.0,9600,NAmes,SLvl,5,1967,MetalSd,140.0,TA,PConc,TA,TA,Av,ALQ,1141.0,Gd,Y,SBrkr,1141,0,3,TA,0,Attchd,Unf,568.0,Y,78,2.0,158000
71.0,9230,NAmes,1Story,5,1965,MetalSd,166.0,TA,CBlock,TA,TA,Mn,GLQ,864.0,Gd,Y,SBrkr,1200,0,1,Gd,0,Detchd,Unf,884.0,Y,64,2.5,146000
80.0,14803,NWAmes,2Story,6,1971,HdBoard,252.0,TA,CBlock,TA,TA,No,Rec,825.0,Gd,Y,SBrkr,1097,896,4,TA,1,Attchd,RFn,495.0,Y,66,2.5,190000
73.0,10659,NAmes,1Story,5,1961,Wd Sdng,0.0,TA,CBlock,TA,TA,No,Rec,1050.0,TA,Y,SBrkr,1050,0,3,TA,0,Attchd,Unf,368.0,Y,319,2.0,136500
70.0,9100,NAmes,1Story,5,1958,VinylSd,0.0,TA,CBlock,TA,TA,No,BLQ,864.0,TA,Y,SBrkr,864,0,3,TA,0,Detchd,Unf,624.0,Y,0,2.0,129900
70.0,8393,NAmes,1Story,5,1959,MetalSd,122.0,TA,CBlock,TA,TA,No,LwQ,1626.0,Ex,Y,SBrkr,1712,0,4,TA,0,Attchd,Fin,588.0,Y,326,2.0,145000
80.0,8800,NAmes,1Story,6,1965,BrkFace,0.0,TA,PConc,TA,TA,Mn,ALQ,1187.0,Ex,Y,SBrkr,1565,0,3,Gd,2,Attchd,RFn,299.0,Y,436,3.0,185900
80.0,8800,NAmes,1Story,6,1964,HdBoard,425.0,TA,CBlock,TA,TA,No,BLQ,1251.0,TA,Y,SBrkr,1251,0,3,TA,2,Attchd,RFn,461.0,Y,116,2.0,160000
73.0,10368,NAmes,1Story,6,1964,HdBoard,112.0,TA,CBlock,TA,TA,No,ALQ,1008.0,Ex,Y,SBrkr,1488,0,3,TA,1,Attchd,Fin,430.0,Y,214,2.5,167000
85.0,9350,NAmes,2Story,5,1964,HdBoard,0.0,TA,CBlock,TA,TA,No,ALQ,720.0,Gd,Y,SBrkr,720,720,4,TA,1,Attchd,Fin,480.0,Y,272,1.5,157500
75.0,10382,NAmes,SLvl,6,1958,HdBoard,105.0,TA,CBlock,TA,TA,Gd,ALQ,588.0,TA,Y,SBrkr,1095,0,2,TA,0,Attchd,RFn,264.0,Y,0,2.0,140000
69.0,8973,NAmes,1Story,5,1958,Plywood,85.0,TA,CBlock,TA,TA,No,Rec,1008.0,TA,Y,FuseA,1053,0,3,Ex,0,2Types,RFn,750.0,Y,80,2.0,150000
80.0,10800,NAmes,1Story,5,1960,Wd Sdng,88.0,TA,CBlock,TA,TA,No,ALQ,1248.0,Ex,Y,SBrkr,1248,0,3,TA,0,Attchd,Unf,286.0,Y,0,2.0,151500
60.0,8550,NAmes,1Story,6,1934,MetalSd,0.0,TA,CBlock,TA,TA,No,BLQ,816.0,Ex,Y,SBrkr,816,0,2,TA,1,Attchd,Unf,240.0,Y,268,2.0,129800
73.0,11425,NAmes,1Story,5,1954,BrkFace,0.0,TA,CBlock,TA,TA,No,BLQ,1008.0,Gd,Y,SBrkr,1008,0,2,TA,1,Attchd,RFn,275.0,Y,120,1.0,137000
68.0,9724,NAmes,1Story,5,1947,BrkFace,0.0,TA,CBlock,TA,TA,No,Unf,938.0,Ex,Y,SBrkr,1043,0,2,TA,1,Detchd,Unf,273.0,Y,173,1.0,137000
51.0,4712,BrkSide,1.5Fin,4,1946,MetalSd,0.0,TA,CBlock,TA,TA,No,ALQ,747.0,TA,Y,SBrkr,774,456,3,TA,0,Detchd,Unf,305.0,Y,120,2.5,121600
51.0,5900,BrkSide,1Story,4,1923,Wd Sdng,0.0,TA,PConc,Gd,TA,No,Unf,440.0,TA,Y,FuseA,869,0,2,Fa,0,None,None,0.0,Y,0,1.0,85500
52.0,5825,BrkSide,1Story,4,1926,MetalSd,108.0,TA,PConc,Fa,TA,Mn,Unf,600.0,Gd,Y,SBrkr,747,0,1,TA,0,Detchd,Unf,528.0,Y,32,1.0,79900
92.0,7438,BrkSide,1.5Fin,5,1908,AsbShng,0.0,TA,PConc,Fa,TA,No,Unf,504.0,Gd,Y,SBrkr,936,316,3,TA,0,Attchd,Unf,576.0,Y,104,1.0,127000
80.0,9600,NAmes,1Story,5,1961,WdShing,0.0,TA,CBlock,TA,TA,Mn,BLQ,1251.0,TA,Y,SBrkr,1433,0,3,TA,1,Attchd,Unf,441.0,Y,349,2.0,161000
89.0,10858,NAmes,1Story,5,1952,Wd Sdng,150.0,TA,CBlock,TA,TA,Mn,LwQ,1444.0,Ex,Y,SBrkr,1624,0,2,TA,1,Attchd,RFn,240.0,Y,364,2.0,146500
80.0,9600,NAmes,1Story,5,1951,HdBoard,144.0,TA,CBlock,TA,TA,No,ALQ,1056.0,Ex,Y,FuseA,1216,0,3,TA,0,Attchd,RFn,280.0,Y,0,2.0,135000
89.0,10680,NAmes,1Story,5,1951,Wd Sdng,44.0,TA,CBlock,TA,Fa,No,LwQ,2136.0,TA,N,FuseA,2136,0,4,TA,0,Detchd,Unf,528.0,Y,30,2.0,137900
79.0,9490,NAmes,1.5Fin,6,1941,Wd Sdng,0.0,TA,CBlock,TA,TA,No,BLQ,806.0,TA,Y,FuseA,958,620,3,Fa,2,Attchd,Unf,240.0,Y,32,2.0,133000
79.0,9462,NAmes,2Story,5,1949,Wd Sdng,0.0,TA,CBlock,TA,TA,No,Unf,704.0,Gd,Y,FuseA,1024,704,3,TA,1,Attchd,Unf,234.0,Y,305,1.5,137000
82.0,9888,NAmes,1Story,5,1954,MetalSd,0.0,TA,CBlock,TA,TA,No,BLQ,936.0,TA,Y,FuseA,936,0,2,TA,0,Attchd,Unf,240.0,Y,160,1.0,121000
73.0,8917,NAmes,1Story,5,1967,Plywood,0.0,TA,CBlock,TA,TA,No,Unf,1584.0,TA,Y,SBrkr,1584,0,4,TA,0,Detchd,Unf,506.0,Y,0,2.0,119000
73.0,12700,NAmes,SLvl,6,1964,HdBoard,0.0,TA,CBlock,TA,TA,No,ALQ,1246.0,TA,Y,SBrkr,1246,0,3,TA,2,Attchd,RFn,441.0,Y,69,2.0,172000
85.0,8500,NAmes,1Story,5,1961,HdBoard,203.0,TA,CBlock,TA,TA,No,Rec,1235.0,TA,Y,SBrkr,1235,0,2,TA,0,Attchd,Unf,480.0,Y,0,1.0,98600
88.0,14200,NAmes,2Story,7,1966,MetalSd,309.0,TA,CBlock,TA,TA,No,Rec,924.0,Ex,Y,SBrkr,1216,941,4,Gd,2,Attchd,Fin,487.0,Y,171,2.5,226000
75.0,9000,NAmes,1Story,5,1954,Wd Sdng,0.0,TA,CBlock,TA,TA,No,LwQ,936.0,TA,Y,SBrkr,1128,0,2,TA,0,Attchd,Unf,286.0,Y,0,1.0,118000
174.0,25419,NAmes,2Story,8,1918,Stucco,0.0,Gd,PConc,TA,TA,No,GLQ,1360.0,Gd,Y,SBrkr,1360,1360,4,Gd,1,Detchd,Unf,795.0,Y,568,3.5,235000
109.0,9723,NAmes,1Story,6,1963,MetalSd,332.0,TA,CBlock,TA,TA,No,Unf,1008.0,TA,Y,SBrkr,1008,0,2,TA,0,Attchd,RFn,430.0,Y,0,1.0,135000
70.0,7728,NAmes,SLvl,5,1962,Wd Sdng,120.0,TA,CBlock,TA,TA,Av,ALQ,1106.0,TA,Y,SBrkr,1190,0,3,TA,0,Attchd,Unf,540.0,Y,18,2.0,132500
70.0,8163,NAmes,SLvl,5,1959,HdBoard,128.0,TA,CBlock,TA,TA,Av,ALQ,1144.0,TA,Y,SBrkr,1144,0,3,TA,1,Attchd,RFn,796.0,Y,86,2.0,143000
70.0,8400,NAmes,1Story,5,1957,BrkFace,0.0,TA,CBlock,Fa,TA,Mn,BLQ,1179.0,Gd,Y,SBrkr,1364,0,3,TA,1,Attchd,RFn,331.0,Y,60,1.5,132000
80.0,11600,NAmes,1Story,6,1960,Wd Sdng,175.0,TA,CBlock,TA,TA,No,Rec,1383.0,TA,Y,SBrkr,1383,0,3,TA,0,Attchd,RFn,292.0,Y,45,1.5,145250
73.0,9610,NAmes,1Story,6,1958,Wd Sdng,632.0,TA,CBlock,TA,TA,No,Rec,1121.0,Ex,Y,FuseA,1336,0,3,TA,1,Attchd,RFn,488.0,Y,80,1.5,162000
125.0,10000,NAmes,SLvl,5,1956,Wd Sdng,272.0,TA,CBlock,TA,TA,Av,BLQ,1058.0,Ex,Y,SBrkr,1370,0,3,TA,1,Basment,RFn,300.0,Y,311,2.0,148000
69.0,14850,NAmes,1Story,5,1957,Wd Sdng,0.0,TA,CBlock,TA,TA,No,Rec,1092.0,TA,Y,FuseA,1092,0,2,TA,1,Attchd,Fin,299.0,Y,390,2.0,141000
72.0,10152,NAmes,1Story,6,1956,Wd Sdng,0.0,TA,CBlock,TA,TA,Av,BLQ,1124.0,Ex,Y,SBrkr,1124,0,3,TA,1,Attchd,Fin,353.0,Y,533,2.0,153000
72.0,10011,NAmes,1Story,5,1957,HdBoard,64.0,TA,CBlock,TA,TA,No,BLQ,1070.0,TA,Y,SBrkr,1236,0,2,Gd,1,Attchd,Unf,447.0,Y,0,1.5,134450
73.0,7032,NAmes,SFoyer,5,1979,MetalSd,0.0,TA,CBlock,Gd,TA,Gd,GLQ,943.0,TA,Y,SBrkr,943,0,2,TA,2,Detchd,Unf,600.0,Y,42,2.0,135960
70.0,8092,NAmes,1Story,6,1954,Wd Sdng,176.0,TA,CBlock,TA,TA,No,ALQ,1050.0,Ex,Y,SBrkr,1050,0,3,Gd,0,Attchd,RFn,286.0,Y,0,2.0,156000
75.0,11310,NAmes,1Story,6,1954,Wd Sdng,0.0,TA,CBlock,TA,TA,No,Unf,1367.0,Ex,Y,SBrkr,1375,0,2,TA,1,Attchd,Unf,451.0,Y,30,1.0,140000
66.0,12778,NAmes,1Story,5,1952,MetalSd,0.0,TA,CBlock,TA,TA,No,GLQ,1008.0,Ex,Y,FuseA,1008,0,2,TA,0,Attchd,RFn,280.0,Y,154,2.0,139500
75.0,10170,NAmes,1Story,6,1951,Wd Sdng,522.0,TA,CBlock,TA,TA,No,Unf,216.0,TA,Y,SBrkr,1575,0,2,Gd,1,Attchd,Unf,400.0,Y,0,1.5,155000
55.0,7700,NAmes,SLvl,5,1956,VinylSd,0.0,TA,CBlock,Gd,TA,No,BLQ,301.0,Ex,Y,FuseA,1145,0,3,TA,0,Detchd,Unf,684.0,Y,0,1.0,127000
65.0,11050,NAmes,1Story,5,1956,Wd Sdng,0.0,TA,CBlock,TA,TA,No,LwQ,1005.0,Ex,Y,SBrkr,1005,0,2,TA,1,Attchd,Unf,319.0,Y,288,1.0,133500
80.0,13600,NAmes,1Story,5,1955,HdBoard,0.0,TA,CBlock,TA,TA,No,Rec,1056.0,Gd,Y,SBrkr,1056,0,3,TA,0,Attchd,Fin,300.0,Y,0,2.5,125000
85.0,15428,NAmes,1Story,5,1951,MetalSd,0.0,TA,CBlock,TA,TA,No,Rec,884.0,Ex,Y,SBrkr,884,0,2,TA,0,Attchd,Fin,270.0,Y,195,2.0,142000
118.0,21299,NAmes,1Story,7,1941,BrkFace,0.0,Gd,CBlock,TA,TA,No,Unf,929.0,Ex,Y,SBrkr,2039,0,3,TA,3,2Types,Unf,791.0,Y,90,2.5,167000
70.0,13300,NAmes,1Story,5,1956,Wd Sdng,0.0,TA,CBlock,TA,TA,No,Rec,1015.0,Gd,Y,SBrkr,1384,0,2,TA,0,Attchd,Unf,896.0,Y,75,2.0,159000
94.0,22136,OldTown,1.5Fin,5,1925,MetalSd,0.0,TA,CBlock,TA,TA,Mn,GLQ,2171.0,TA,Y,SBrkr,1392,1248,5,TA,1,Attchd,RFn,1008.0,N,827,4.5,180000
50.0,7500,NAmes,1.5Fin,6,1947,VinylSd,0.0,TA,CBlock,TA,TA,No,Unf,784.0,Ex,Y,FuseA,900,412,3,TA,0,Detchd,Unf,649.0,Y,28,1.5,127000
50.0,7000,OldTown,1.5Fin,6,1924,MetalSd,0.0,TA,BrkTil,Fa,TA,No,LwQ,617.0,Gd,Y,SBrkr,865,445,2,TA,0,Attchd,Unf,398.0,Y,126,2.0,112000
60.0,10410,OldTown,1Story,3,1930,VinylSd,0.0,TA,PConc,TA,TA,No,Unf,713.0,Ex,Y,SBrkr,713,0,2,Gd,0,Detchd,Unf,371.0,N,236,1.0,99800
90.0,5400,OldTown,1Story,5,1954,MetalSd,0.0,TA,CBlock,TA,TA,No,Rec,833.0,Ex,Y,SBrkr,833,0,2,Gd,0,Detchd,Unf,326.0,Y,0,1.0,117000
60.0,5400,OldTown,1Story,5,1921,MetalSd,0.0,TA,BrkTil,TA,TA,No,Unf,1073.0,Ex,Y,SBrkr,1073,0,2,TA,0,Detchd,Unf,326.0,Y,112,1.0,108480
60.0,10914,NAmes,1Story,3,1929,Wd Sdng,0.0,TA,CBlock,TA,TA,Mn,Unf,715.0,Fa,N,FuseP,715,0,2,TA,0,Detchd,Unf,660.0,N,187,1.0,68000
60.0,7008,OldTown,1.5Fin,4,1900,MetalSd,0.0,TA,BrkTil,Fa,Fa,No,Unf,448.0,Ex,Y,SBrkr,448,272,1,Fa,0,Attchd,Unf,280.0,Y,70,1.0,86900
60.0,10800,OldTown,1Story,5,1920,Stucco,0.0,TA,BrkTil,TA,TA,No,Rec,1120.0,Ex,Y,SBrkr,1130,0,2,TA,1,Detchd,Unf,720.0,Y,229,2.0,120000
60.0,7200,OldTown,2Story,6,1915,MetalSd,0.0,TA,CBlock,TA,TA,No,Rec,663.0,Ex,Y,SBrkr,774,821,3,TA,1,Detchd,Unf,528.0,Y,280,2.0,155500
60.0,10818,OldTown,1.5Fin,4,1910,VinylSd,0.0,TA,BrkTil,Fa,TA,No,Unf,1077.0,TA,Y,FuseA,981,779,4,TA,1,Detchd,Unf,648.0,Y,216,1.5,80000
60.0,10410,OldTown,1.5Fin,3,1915,Wd Sdng,0.0,TA,PConc,TA,TA,No,Unf,672.0,TA,Y,SBrkr,694,520,3,TA,0,Detchd,Unf,936.0,Y,376,1.0,105000
60.0,10800,OldTown,1.5Fin,5,1900,Wd Sdng,0.0,TA,CBlock,TA,Fa,No,BLQ,954.0,TA,N,FuseA,1766,648,3,TA,1,Attchd,Unf,520.0,N,142,2.0,160000
60.0,10800,OldTown,1.5Fin,5,1936,Wd Sdng,0.0,TA,CBlock,Fa,TA,No,ALQ,796.0,Gd,Y,SBrkr,1096,370,3,Gd,1,Attchd,Unf,566.0,Y,457,2.5,170000
84.0,8658,NAmes,1Story,6,1965,Wd Sdng,101.0,TA,CBlock,TA,TA,No,Rec,1088.0,Ex,Y,SBrkr,1324,0,3,TA,1,Attchd,RFn,440.0,Y,138,2.0,160000
85.0,13400,NAmes,SLvl,5,1966,VinylSd,1047.0,TA,CBlock,TA,TA,Av,ALQ,1024.0,TA,Y,SBrkr,1086,0,3,TA,1,Attchd,RFn,484.0,Y,0,2.0,159950
83.0,10184,NAmes,SLvl,6,1963,HdBoard,379.0,TA,CBlock,TA,TA,Av,ALQ,1083.0,TA,Y,SBrkr,1146,0,3,TA,1,Attchd,Unf,294.0,Y,420,1.5,165000
77.0,9786,NAmes,1.5Fin,6,1962,Wd Sdng,0.0,TA,CBlock,TA,TA,No,Rec,912.0,TA,Y,SBrkr,1085,649,3,Gd,1,Attchd,RFn,440.0,Y,128,1.5,159000
77.0,9510,NAmes,1Story,6,1962,HdBoard,161.0,TA,CBlock,TA,TA,No,ALQ,1135.0,Ex,Y,SBrkr,1207,0,3,TA,0,Attchd,RFn,264.0,Y,240,1.5,147000
66.0,7800,NAmes,1Story,5,1964,Wd Sdng,0.0,TA,CBlock,TA,TA,No,Rec,912.0,TA,Y,SBrkr,912,0,2,TA,0,Attchd,Unf,288.0,Y,0,1.0,115000
79.0,8910,NAmes,1Story,6,1959,BrkFace,0.0,TA,CBlock,TA,TA,Mn,ALQ,655.0,Ex,Y,SBrkr,1194,0,3,TA,1,BuiltIn,Fin,539.0,Y,192,1.5,159500
60.0,7332,NAmes,1Story,6,1959,WdShing,207.0,TA,CBlock,TA,TA,No,BLQ,864.0,Ex,Y,SBrkr,864,0,2,Gd,0,Attchd,Unf,288.0,Y,168,2.0,120000
73.0,7100,NAmes,1Story,5,1957,WdShing,0.0,TA,CBlock,TA,TA,No,GLQ,816.0,TA,Y,FuseA,816,0,2,TA,0,Detchd,Unf,308.0,Y,0,2.0,129900
80.0,10800,NAmes,1Story,6,1961,HdBoard,104.0,TA,CBlock,TA,TA,No,Rec,1313.0,TA,Y,SBrkr,1773,0,3,TA,2,Attchd,RFn,418.0,Y,597,3.0,183000
86.0,11650,NAmes,1Story,7,1959,Plywood,58.0,TA,Slab,None,None,None,None,0.0,Gd,Y,FuseA,1472,0,2,Gd,1,Attchd,Unf,484.0,Y,295,2.0,157500
73.0,18275,NAmes,2Story,7,1962,Plywood,0.0,TA,CBlock,TA,TA,Gd,ALQ,1438.0,TA,Y,SBrkr,1900,548,3,TA,2,Attchd,RFn,441.0,Y,622,4.0,277500
47.0,16321,NAmes,1Story,5,1957,MetalSd,0.0,TA,CBlock,TA,TA,Gd,BLQ,1484.0,TA,Y,SBrkr,1600,0,2,TA,2,Attchd,RFn,319.0,Y,546,2.0,207500
60.0,12144,NAmes,1.5Fin,4,1950,BrkComm,0.0,TA,CBlock,TA,TA,No,Rec,910.0,Gd,Y,SBrkr,910,611,3,Gd,0,Detchd,Unf,597.0,Y,367,1.5,147500
60.0,10800,NAmes,1.5Fin,4,1949,AsbShng,0.0,TA,CBlock,TA,TA,No,Unf,720.0,TA,N,FuseA,720,472,4,TA,0,None,None,0.0,Y,0,1.5,135000
60.0,7200,NAmes,1Story,5,1950,Wd Sdng,0.0,TA,CBlock,None,None,None,None,0.0,TA,Y,FuseF,1040,0,2,TA,0,Detchd,Unf,625.0,Y,0,1.0,109500
60.0,7200,NAmes,1Story,4,1950,BrkFace,0.0,TA,Slab,None,None,None,None,0.0,TA,Y,FuseA,1040,0,2,TA,0,Detchd,Unf,420.0,Y,29,1.0,109900
70.0,7560,NAmes,1Story,5,1959,BrkFace,0.0,TA,CBlock,TA,TA,No,LwQ,1040.0,TA,Y,FuseA,1040,0,3,TA,0,Attchd,RFn,286.0,Y,392,1.0,133700
60.0,8544,NAmes,1Story,3,1950,BrkFace,0.0,TA,Slab,None,None,None,None,0.0,Fa,N,FuseF,1040,0,2,TA,0,Detchd,Unf,400.0,Y,0,2.0,81400
73.0,8544,NAmes,1Story,3,1949,Stucco,340.0,TA,Slab,None,None,None,None,0.0,Fa,N,FuseA,1040,0,2,TA,0,Detchd,Unf,400.0,Y,0,2.0,87500
60.0,8544,NAmes,1Story,3,1950,Stucco,0.0,TA,CBlock,None,None,None,None,0.0,Gd,N,FuseF,1040,0,2,TA,0,Detchd,Unf,400.0,Y,0,2.0,93500
75.0,8512,NAmes,1Story,5,1960,BrkFace,0.0,TA,CBlock,TA,Fa,No,Unf,1556.0,TA,Y,SBrkr,1556,0,4,TA,0,None,None,0.0,Y,0,2.0,119000
70.0,7945,NAmes,1Story,5,1959,BrkFace,0.0,TA,CBlock,TA,TA,No,ALQ,1150.0,Ex,Y,FuseA,1150,0,3,TA,0,Attchd,RFn,300.0,Y,0,2.0,141000
70.0,7000,NAmes,1Story,5,1961,BrkFace,0.0,TA,CBlock,TA,TA,No,GLQ,1150.0,TA,Y,SBrkr,1150,0,3,TA,0,Attchd,RFn,288.0,Y,162,1.0,146000
69.0,7590,NAmes,2Story,6,1966,VinylSd,266.0,TA,CBlock,TA,TA,No,BLQ,660.0,TA,Y,SBrkr,660,688,3,TA,1,Attchd,RFn,453.0,Y,296,1.5,155000
69.0,10205,NAmes,SFoyer,5,1962,MetalSd,0.0,TA,CBlock,TA,TA,Av,BLQ,925.0,TA,Y,SBrkr,999,0,3,TA,0,Attchd,Unf,300.0,Y,222,2.0,134500
74.0,7400,NAmes,1Story,7,1962,Wd Sdng,0.0,TA,CBlock,TA,TA,No,LwQ,1045.0,Gd,Y,SBrkr,1045,0,3,TA,0,Detchd,Unf,528.0,Y,0,2.0,120000
70.0,7000,NAmes,1Story,5,1962,Wd Sdng,0.0,TA,CBlock,TA,TA,No,BLQ,864.0,Gd,Y,SBrkr,864,0,3,TA,0,Attchd,Unf,336.0,Y,0,1.5,105000
70.0,7000,NAmes,SFoyer,5,1962,MetalSd,0.0,TA,CBlock,TA,TA,Av,ALQ,1025.0,TA,Y,SBrkr,1025,0,3,TA,0,None,None,0.0,Y,176,2.0,124000
62.0,9856,OldTown,2Story,5,1900,CemntBd,0.0,Gd,PConc,Fa,TA,No,Unf,716.0,Ex,Y,FuseA,1007,1007,5,TA,0,Detchd,Unf,624.0,Y,239,2.0,169000
57.0,9906,OldTown,2Story,4,1925,MetalSd,0.0,TA,CBlock,TA,TA,No,Unf,686.0,Fa,N,SBrkr,810,518,3,TA,0,Detchd,Unf,210.0,Y,232,1.0,107000
60.0,9600,OldTown,1.5Fin,5,1948,MetalSd,264.0,TA,CBlock,TA,TA,No,Rec,1212.0,Gd,Y,FuseA,1226,442,3,TA,0,Detchd,Unf,240.0,Y,140,2.0,135000
60.0,5520,OldTown,1.5Fin,4,1920,Wd Sdng,0.0,TA,PConc,TA,Fa,No,LwQ,1147.0,TA,N,SBrkr,1147,510,4,Fa,1,Detchd,Unf,162.0,N,0,1.0,111500
60.0,9600,OldTown,1.5Fin,6,1900,Wd Sdng,0.0,TA,BrkTil,TA,TA,No,Rec,780.0,Ex,Y,SBrkr,940,476,3,Gd,0,Detchd,Unf,400.0,Y,24,1.5,156500
60.0,9600,OldTown,2Story,7,1925,Wd Sdng,0.0,TA,BrkTil,TA,Gd,No,LwQ,728.0,Ex,Y,SBrkr,832,809,3,Ex,1,Detchd,Unf,546.0,Y,234,2.0,178000
58.0,6451,OldTown,2Story,7,1900,AsbShng,0.0,TA,Stone,TA,TA,No,Rec,712.0,Gd,Y,SBrkr,848,580,4,TA,0,Detchd,Fin,576.0,Y,348,2.0,139900
66.0,3960,OldTown,2Story,7,1930,Wd Sdng,0.0,TA,BrkTil,TA,TA,No,Unf,502.0,TA,N,SBrkr,502,502,2,Gd,1,Detchd,Unf,200.0,N,348,1.0,105000
70.0,5684,OldTown,1Story,6,1930,Wd Sdng,0.0,TA,BrkTil,TA,TA,No,Unf,813.0,Ex,Y,FuseA,813,0,2,Gd,0,Detchd,Unf,270.0,N,113,1.0,110000
56.0,7745,OldTown,1.5Fin,4,1900,MetalSd,0.0,Gd,PConc,TA,TA,No,Unf,938.0,Gd,N,SBrkr,1084,867,4,Fa,0,Detchd,Unf,576.0,P,34,2.0,111500
56.0,7741,OldTown,1Story,6,1924,MetalSd,0.0,TA,BrkTil,TA,Fa,No,BLQ,1032.0,Gd,N,FuseA,1032,0,2,TA,0,Detchd,Unf,280.0,Y,112,1.0,108000
50.0,5633,OldTown,1Story,5,1925,MetalSd,0.0,TA,BrkTil,TA,Fa,No,Unf,844.0,TA,Y,SBrkr,844,0,2,TA,0,Detchd,Unf,216.0,N,254,1.0,111500
50.0,9000,OldTown,2Story,5,1880,VinylSd,0.0,TA,BrkTil,Fa,Fa,No,Unf,636.0,TA,Y,FuseA,1089,661,3,Ex,0,Detchd,Unf,240.0,N,293,1.0,124000
60.0,7200,OldTown,1Story,4,1950,MetalSd,0.0,TA,CBlock,TA,TA,No,Unf,576.0,Ex,Y,SBrkr,864,0,2,TA,0,Detchd,RFn,528.0,Y,115,1.0,105000
40.0,4400,OldTown,1.5Fin,6,1920,Stucco,0.0,TA,BrkTil,Fa,TA,No,Unf,648.0,TA,Y,FuseA,734,384,2,TA,0,Detchd,Unf,440.0,Y,0,1.0,116000
42.0,7614,OldTown,2Story,3,1905,MetalSd,0.0,TA,BrkTil,TA,Fa,Mn,Unf,738.0,Gd,Y,FuseA,714,662,2,TA,0,Detchd,Unf,216.0,N,329,1.0,96900
50.0,6000,OldTown,1Story,5,1955,Wd Sdng,0.0,TA,CBlock,TA,TA,Av,GLQ,960.0,TA,Y,FuseA,960,0,3,TA,0,Detchd,Unf,576.0,Y,0,2.0,135500
50.0,6000,OldTown,1.5Fin,5,1924,MetalSd,145.0,TA,PConc,TA,TA,No,Unf,816.0,Ex,Y,SBrkr,816,750,5,Gd,0,Detchd,Unf,450.0,Y,320,1.5,139000
52.0,7830,OldTown,1Story,3,1921,AsbShng,0.0,TA,BrkTil,Fa,TA,No,LwQ,492.0,TA,Y,SBrkr,492,0,1,TA,0,Detchd,Unf,200.0,N,78,2.0,61500
56.0,9576,OldTown,1.5Fin,6,1945,VinylSd,0.0,TA,CBlock,Fa,TA,No,Rec,770.0,TA,Y,SBrkr,885,297,3,TA,0,Detchd,Unf,378.0,Y,0,1.5,120000
49.0,5820,OldTown,1Story,3,1955,VinylSd,0.0,TA,CBlock,TA,TA,No,ALQ,1162.0,Ex,Y,SBrkr,1163,0,3,TA,0,Attchd,Unf,220.0,Y,240,2.0,126175
48.0,5747,OldTown,1Story,3,1920,Wd Sdng,0.0,TA,PConc,TA,TA,No,Unf,798.0,Gd,Y,SBrkr,840,0,2,Fa,0,Detchd,Unf,250.0,N,112,1.0,64000
69.0,9142,OldTown,2Story,6,1910,AsbShng,0.0,TA,Stone,Fa,TA,No,Unf,1020.0,Gd,N,FuseP,908,1020,4,Fa,0,Detchd,Unf,440.0,Y,172,2.0,137000
60.0,9600,OldTown,2Story,4,1900,AsbShng,0.0,TA,BrkTil,TA,Fa,No,Unf,1095.0,Fa,N,SBrkr,1095,679,4,TA,0,2Types,Unf,779.0,N,90,3.0,87000
60.0,10800,OldTown,2.5Unf,7,1914,Wd Sdng,0.0,TA,BrkTil,Gd,TA,Mn,Rec,880.0,Fa,N,SBrkr,880,888,2,TA,2,Detchd,Unf,320.0,N,341,1.5,163000
70.0,6300,OldTown,2.5Unf,7,1910,Wd Sdng,0.0,TA,BrkTil,TA,TA,No,Unf,1226.0,Ex,Y,SBrkr,1226,878,5,TA,0,Detchd,Unf,432.0,P,429,2.0,155000
63.0,5000,OldTown,1.5Fin,5,1900,Wd Sdng,0.0,TA,BrkTil,TA,TA,No,Unf,540.0,Gd,N,FuseA,889,551,3,TA,0,Attchd,Unf,352.0,Y,77,1.0,79000
65.0,8850,OldTown,2.5Unf,7,1916,MetalSd,0.0,TA,BrkTil,TA,TA,No,Unf,815.0,Ex,Y,SBrkr,815,875,3,TA,1,Detchd,Unf,225.0,Y,330,1.0,144000
60.0,3600,OldTown,2Story,6,1910,VinylSd,0.0,TA,CBlock,TA,TA,No,Unf,684.0,Ex,N,FuseA,684,684,3,TA,0,Detchd,Unf,216.0,N,158,1.0,114504
60.0,7200,OldTown,2Story,7,1920,Wd Sdng,0.0,TA,BrkTil,Fa,TA,No,Unf,596.0,Ex,Y,SBrkr,998,764,4,Gd,0,Detchd,Unf,576.0,N,257,2.5,157000
84.0,11340,OldTown,1Story,6,1923,Wd Sdng,0.0,TA,BrkTil,TA,TA,No,Unf,1200.0,TA,Y,FuseA,1200,0,4,TA,0,Detchd,Unf,312.0,Y,228,1.0,125000
90.0,22950,OldTown,2.5Fin,10,1892,Wd Sdng,0.0,Gd,BrkTil,TA,TA,Mn,Unf,1107.0,Ex,Y,SBrkr,1518,1518,4,Ex,2,Detchd,Unf,840.0,Y,670,2.5,475000
33.0,5976,OldTown,2Story,5,1920,Wd Sdng,0.0,TA,PConc,TA,TA,No,Unf,624.0,Gd,N,FuseA,624,624,2,TA,0,None,None,0.0,N,386,2.0,93500
65.0,9750,OldTown,1Story,5,1958,HdBoard,0.0,TA,CBlock,TA,TA,No,Unf,960.0,Ex,Y,SBrkr,960,0,3,TA,0,Detchd,Unf,624.0,Y,0,1.0,125000
63.0,4761,IDOTRR,1.5Unf,3,1918,Wd Sdng,0.0,Fa,BrkTil,TA,Fa,No,Unf,1020.0,Fa,N,FuseP,1020,0,2,Fa,0,None,None,0.0,N,105,1.0,64500
51.0,7446,BrkSide,1Story,4,1941,WdShing,0.0,TA,CBlock,TA,TA,No,Rec,788.0,TA,Y,FuseA,788,0,2,TA,2,None,None,0.0,Y,0,1.0,100000
65.0,6435,BrkSide,1.5Fin,6,1939,MetalSd,0.0,TA,BrkTil,TA,TA,No,Unf,972.0,Gd,Y,SBrkr,972,605,3,Fa,1,Detchd,Unf,312.0,Y,0,1.0,140200
69.0,11737,BrkSide,2Story,6,1924,BrkComm,0.0,TA,BrkTil,TA,TA,No,Unf,848.0,TA,N,SBrkr,1017,810,2,TA,1,Detchd,Unf,240.0,Y,105,1.0,202500
50.0,5000,BrkSide,1.5Fin,6,1947,CemntBd,0.0,TA,CBlock,TA,TA,No,ALQ,1004.0,Ex,Y,SBrkr,1004,660,3,TA,2,Detchd,Unf,420.0,Y,60,2.0,159000
65.0,7800,OldTown,1.5Fin,5,1939,MetalSd,0.0,TA,CBlock,Gd,TA,Mn,Rec,793.0,TA,Y,SBrkr,793,325,3,TA,1,Detchd,Unf,410.0,Y,271,2.0,119900
52.0,6240,BrkSide,1.5Fin,6,1934,Wd Sdng,0.0,TA,PConc,TA,TA,No,Unf,816.0,TA,Y,SBrkr,816,0,3,TA,1,Detchd,Unf,528.0,Y,112,1.0,114500
51.0,6240,BrkSide,1.5Fin,5,1936,MetalSd,0.0,TA,BrkTil,Gd,TA,No,Unf,896.0,Gd,Y,FuseA,896,448,3,TA,0,Detchd,Unf,240.0,Y,314,1.0,115000
51.0,6120,BrkSide,1.5Fin,3,1930,AsbShng,0.0,Gd,CBlock,TA,TA,No,Rec,728.0,Ex,Y,SBrkr,728,434,3,TA,0,Detchd,Unf,258.0,Y,24,2.0,75000
51.0,6120,BrkSide,1Story,5,1925,MetalSd,0.0,TA,BrkTil,TA,TA,No,Rec,768.0,TA,N,SBrkr,1015,0,3,TA,0,Detchd,Unf,450.0,Y,232,1.0,88000
52.0,6240,BrkSide,1.5Fin,4,1947,AsbShng,0.0,TA,Slab,None,None,None,None,0.0,Gd,N,SBrkr,672,240,2,TA,0,None,None,0.0,N,0,1.0,80500
52.0,6240,BrkSide,1.5Fin,5,1928,MetalSd,0.0,TA,BrkTil,TA,TA,No,Unf,1042.0,Ex,Y,SBrkr,1042,534,3,TA,1,Detchd,Unf,225.0,Y,0,1.0,149000
51.0,6120,BrkSide,1.5Fin,5,1930,MetalSd,0.0,TA,BrkTil,TA,TA,No,Unf,741.0,Gd,Y,SBrkr,741,583,3,Gd,0,Detchd,Unf,180.0,Y,55,1.0,110000
50.0,6000,OldTown,1Story,6,1925,MetalSd,0.0,TA,BrkTil,TA,TA,No,BLQ,1103.0,Gd,Y,SBrkr,1103,0,2,Gd,1,Detchd,Unf,440.0,Y,286,1.0,110500
50.0,6000,BrkSide,1Story,5,1921,Wd Sdng,0.0,TA,CBlock,TA,TA,No,LwQ,616.0,Gd,Y,SBrkr,616,0,2,TA,0,Detchd,Unf,205.0,Y,129,1.0,89000
58.0,6380,BrkSide,1.5Unf,5,1922,MetalSd,0.0,TA,BrkTil,TA,Fa,No,Unf,993.0,TA,Y,FuseA,1048,0,2,TA,1,Detchd,Unf,280.0,Y,116,1.0,113000
50.0,11672,BrkSide,1Story,5,1925,MetalSd,0.0,TA,BrkTil,TA,TA,No,Unf,816.0,TA,Y,FuseA,816,0,2,TA,0,Detchd,Unf,210.0,N,280,1.0,109000
90.0,33120,OldTown,1.5Fin,6,1962,BrkFace,0.0,TA,CBlock,TA,TA,No,Unf,1595.0,TA,Y,SBrkr,1611,875,5,TA,1,Detchd,Unf,576.0,Y,0,2.0,220000
60.0,9873,BrkSide,1Story,4,1970,HdBoard,160.0,TA,CBlock,TA,TA,Av,ALQ,960.0,TA,N,SBrkr,960,0,3,TA,0,Detchd,Unf,576.0,Y,288,2.0,129000
59.0,5310,OldTown,1.5Fin,6,1910,VinylSd,0.0,TA,CBlock,TA,Fa,No,Unf,485.0,Gd,Y,SBrkr,1001,634,2,Gd,0,Attchd,Unf,255.0,Y,394,1.0,117000
153.0,4118,OldTown,1Story,4,1941,Wd Sdng,0.0,TA,CBlock,TA,TA,No,Unf,693.0,Fa,N,FuseA,693,0,2,Fa,0,None,None,0.0,N,20,1.0,52500
60.0,10320,IDOTRR,1.5Fin,4,1924,MetalSd,0.0,TA,BrkTil,TA,Fa,No,Unf,596.0,Po,Y,FuseF,834,596,3,Fa,0,Detchd,Unf,370.0,Y,428,2.0,107000
60.0,7518,IDOTRR,2Story,5,1910,AsbShng,0.0,Fa,BrkTil,Fa,Fa,No,Unf,396.0,Gd,Y,SBrkr,665,665,3,TA,0,Detchd,Unf,390.0,N,117,1.0,116500
50.0,9000,IDOTRR,1Story,5,1919,Wd Sdng,0.0,TA,BrkTil,TA,TA,No,Unf,610.0,Ex,N,FuseA,819,0,2,Gd,0,None,None,0.0,N,0,1.0,72000
50.0,8600,IDOTRR,1.5Fin,6,1937,MetalSd,0.0,TA,BrkTil,TA,TA,No,Unf,780.0,TA,Y,SBrkr,780,596,3,TA,1,Detchd,Unf,198.0,N,0,2.0,119500
60.0,7200,IDOTRR,1.5Fin,5,1938,Wd Sdng,0.0,TA,CBlock,TA,TA,No,Unf,803.0,Ex,Y,SBrkr,803,557,2,Gd,0,Detchd,Unf,297.0,Y,255,1.5,125500
60.0,9786,IDOTRR,1Story,3,1922,Wd Sdng,0.0,TA,BrkTil,TA,Fa,No,Unf,1007.0,Fa,N,SBrkr,1077,0,3,TA,1,Detchd,Unf,210.0,P,148,1.0,91000
60.0,6780,IDOTRR,1.5Fin,6,1935,Wd Sdng,0.0,TA,CBlock,TA,TA,Av,GLQ,520.0,Gd,N,SBrkr,520,0,2,TA,0,None,None,0.0,N,53,2.0,84500
60.0,7200,IDOTRR,1Story,6,1930,VinylSd,0.0,TA,BrkTil,TA,TA,No,LwQ,984.0,TA,Y,FuseF,984,0,3,TA,0,Detchd,Unf,308.0,N,164,1.0,90000
82.0,12375,Sawyer,1.5Fin,5,1951,HdBoard,41.0,TA,CBlock,TA,TA,No,BLQ,806.0,TA,Y,SBrkr,1081,341,3,TA,1,Detchd,Unf,288.0,Y,0,2.0,137500
120.0,11136,Sawyer,1Story,6,1964,BrkFace,0.0,TA,CBlock,TA,TA,No,Unf,1921.0,TA,Y,SBrkr,1921,0,4,TA,0,Detchd,Unf,576.0,Y,180,2.0,150000
100.0,21370,Sawyer,1Story,5,1950,Wd Sdng,0.0,TA,Slab,None,None,None,None,0.0,TA,Y,FuseA,1640,0,3,TA,1,Attchd,RFn,394.0,Y,225,1.0,131000
92.0,6930,ClearCr,SLvl,5,1958,Wd Sdng,120.0,TA,CBlock,TA,TA,Av,BLQ,1062.0,Ex,Y,FuseF,1352,0,3,Gd,0,BuiltIn,Unf,288.0,Y,462,1.5,130000
55.0,8250,Edwards,1Story,5,1935,Wd Sdng,0.0,TA,Slab,None,None,None,None,0.0,TA,N,SBrkr,1032,0,2,TA,1,Detchd,Unf,260.0,Y,121,1.0,125000
50.0,5220,SWISU,1Story,5,1936,Wd Sdng,0.0,TA,BrkTil,TA,TA,No,Unf,830.0,Gd,Y,SBrkr,879,0,2,TA,0,Detchd,Unf,180.0,P,108,1.0,80000
50.0,5500,SWISU,1Story,7,2004,VinylSd,0.0,TA,PConc,Gd,Gd,Mn,GLQ,1073.0,Ex,Y,SBrkr,1073,0,2,TA,0,Detchd,Unf,246.0,Y,120,3.0,157000
75.0,11235,Sawyer,1Story,4,1963,HdBoard,51.0,TA,CBlock,TA,TA,No,Rec,1051.0,Gd,Y,SBrkr,1382,0,3,TA,1,Attchd,Unf,459.0,Y,82,1.5,148000
72.0,10791,Sawyer,1Story,4,1967,MetalSd,0.0,TA,Slab,None,None,None,None,0.0,TA,Y,SBrkr,1296,0,2,TA,0,CarPort,Unf,516.0,Y,0,2.0,90000
70.0,8414,Sawyer,1Story,6,1963,HdBoard,0.0,TA,CBlock,TA,TA,No,GLQ,1059.0,TA,Y,SBrkr,1068,0,3,TA,0,Attchd,RFn,264.0,Y,192,1.5,154500
72.0,11327,Sawyer,1Story,5,1967,HdBoard,305.0,TA,CBlock,TA,TA,Av,ALQ,1064.0,TA,Y,SBrkr,1064,0,3,TA,1,Attchd,Unf,528.0,Y,362,1.5,153600
96.0,11777,Sawyer,SLvl,5,1966,VinylSd,97.0,TA,CBlock,TA,TA,Av,LwQ,1164.0,Ex,Y,SBrkr,1320,0,3,TA,2,Attchd,RFn,564.0,Y,468,2.0,164500
80.0,10366,Sawyer,SLvl,6,1964,HdBoard,0.0,TA,CBlock,TA,TA,Av,GLQ,912.0,TA,Y,SBrkr,934,0,2,TA,0,Attchd,Unf,336.0,Y,77,1.5,132000
75.0,9000,Sawyer,1Story,5,1966,Plywood,0.0,TA,CBlock,TA,TA,No,ALQ,1059.0,Gd,Y,SBrkr,1059,0,3,TA,0,Attchd,Fin,286.0,Y,88,2.0,142500
72.0,11553,Sawyer,1Story,5,1968,Plywood,188.0,TA,CBlock,TA,TA,No,BLQ,1051.0,TA,Y,SBrkr,1159,0,3,TA,1,Attchd,Unf,336.0,Y,466,1.5,158000
74.0,7844,Sawyer,2Story,6,1978,HdBoard,203.0,TA,CBlock,TA,TA,No,ALQ,672.0,TA,Y,SBrkr,672,728,3,TA,1,Attchd,Fin,440.0,Y,0,1.5,149500
72.0,9535,Sawyer,1Story,5,1967,HdBoard,450.0,TA,CBlock,TA,TA,No,BLQ,1176.0,TA,Y,SBrkr,1458,0,3,TA,1,Attchd,Unf,512.0,Y,284,2.5,165000
78.0,10335,Sawyer,1Story,5,1968,Plywood,0.0,TA,CBlock,TA,TA,No,Rec,1461.0,Gd,Y,SBrkr,1721,0,3,TA,1,Attchd,RFn,440.0,Y,276,2.5,180000
72.0,7176,Sawyer,SLvl,6,1978,HdBoard,200.0,TA,CBlock,TA,Gd,Gd,GLQ,960.0,Fa,Y,SBrkr,1040,0,3,TA,1,Detchd,Unf,616.0,Y,311,2.0,160500
72.0,9662,Sawyer,1Story,5,1977,Plywood,0.0,TA,CBlock,Gd,TA,No,Unf,1967.0,TA,Y,SBrkr,1967,0,6,TA,0,Attchd,Fin,580.0,Y,170,2.0,156500
75.0,8235,Sawyer,1Story,5,1977,Plywood,99.0,TA,CBlock,TA,TA,No,Rec,1949.0,TA,Y,SBrkr,1949,0,6,TA,0,Attchd,RFn,586.0,Y,32,2.0,157000
72.0,13650,Sawyer,1.5Fin,5,1958,MetalSd,0.0,Gd,CBlock,TA,TA,No,ALQ,1052.0,Ex,Y,SBrkr,1252,668,4,Gd,1,Attchd,Unf,451.0,Y,0,3.0,172500
88.0,13125,Sawyer,1Story,5,1957,Wd Sdng,67.0,TA,CBlock,TA,TA,No,Rec,1134.0,Ex,Y,SBrkr,1803,0,3,TA,1,Attchd,RFn,484.0,Y,0,3.0,155000
102.0,17920,Sawyer,1Story,5,1955,Wd Sdng,0.0,TA,CBlock,TA,TA,Mn,ALQ,1763.0,TA,Y,SBrkr,1779,0,3,TA,1,Attchd,Unf,454.0,Y,730,2.5,170000
72.0,17529,Sawyer,1Story,5,1924,BrkFace,65.0,TA,BrkTil,TA,TA,No,Unf,872.0,Fa,N,FuseF,872,0,2,Fa,1,Detchd,Unf,322.0,N,116,1.0,105000
72.0,10246,Sawyer,SLvl,4,1965,VinylSd,0.0,TA,CBlock,TA,Gd,Av,GLQ,648.0,Ex,Y,SBrkr,960,0,0,TA,0,Attchd,Unf,364.0,Y,88,1.5,145000
72.0,14175,Sawyer,1Story,5,1956,CemntBd,0.0,TA,CBlock,TA,TA,No,Rec,1188.0,Gd,Y,SBrkr,1437,0,3,TA,1,Detchd,Unf,576.0,Y,304,2.5,168000
80.5,20355,ClearCr,1Story,7,1967,Plywood,123.0,TA,CBlock,Gd,TA,Av,Rec,1865.0,TA,Y,SBrkr,1830,0,2,TA,2,Attchd,Unf,521.0,Y,283,2.0,278000
87.0,13050,ClearCr,1Story,5,1963,WdShing,0.0,TA,CBlock,Gd,TA,Av,Rec,1000.0,Ex,Y,SBrkr,1000,0,1,TA,2,Attchd,Unf,575.0,Y,386,2.0,164000
81.0,15593,ClearCr,1.5Fin,7,1953,BrkFace,0.0,Gd,CBlock,TA,TA,No,BLQ,1304.0,TA,Y,SBrkr,1304,983,3,TA,1,Attchd,Fin,667.0,Y,135,2.0,225000
72.0,10820,Sawyer,SFoyer,5,1971,HdBoard,153.0,TA,PConc,Gd,TA,Av,GLQ,782.0,Ex,Y,SBrkr,810,0,2,TA,0,Detchd,Unf,576.0,Y,0,2.0,130000
100.0,13350,Sawyer,1Story,5,1974,HdBoard,0.0,TA,CBlock,TA,TA,No,ALQ,864.0,TA,Y,SBrkr,894,0,3,TA,1,Attchd,Unf,440.0,Y,241,2.0,142500
80.5,1700,ClearCr,1.5Fin,7,1980,VinylSd,0.0,Gd,PConc,Gd,TA,Mn,GLQ,430.0,TA,Y,SBrkr,880,680,2,Gd,0,Basment,Fin,450.0,Y,424,3.5,148400
80.5,5271,ClearCr,1Story,7,1986,Wd Sdng,0.0,TA,PConc,Gd,TA,Gd,GLQ,1453.0,Gd,Y,SBrkr,1453,0,2,Gd,1,Attchd,RFn,445.0,Y,264,2.5,190000
75.0,9375,Edwards,1Story,4,1954,MetalSd,0.0,TA,CBlock,TA,TA,No,Rec,967.0,Ex,Y,SBrkr,1350,0,3,TA,1,Attchd,RFn,504.0,Y,237,1.5,146000
62.0,6488,Edwards,1.5Fin,5,1942,BrkFace,0.0,TA,BrkTil,TA,TA,No,LwQ,799.0,Ex,N,FuseA,799,351,3,TA,2,BuiltIn,Unf,215.0,Y,264,1.0,128000
78.0,7800,Edwards,2Story,5,1948,MetalSd,0.0,TA,CBlock,TA,Gd,No,GLQ,896.0,Ex,Y,SBrkr,1112,896,3,Ex,0,Attchd,Unf,230.0,Y,103,4.0,225000
64.0,19690,Edwards,SLvl,6,1966,Plywood,0.0,Gd,CBlock,Gd,TA,Av,Unf,697.0,TA,Y,SBrkr,1575,626,4,Gd,1,Attchd,Unf,432.0,Y,822,2.0,274970
114.0,19950,Edwards,2Story,6,1928,WdShing,0.0,TA,PConc,TA,TA,No,Unf,672.0,Ex,Y,SBrkr,1337,672,4,TA,2,2Types,Unf,795.0,P,222,2.0,235000
60.0,19800,Edwards,2.5Unf,6,1935,BrkFace,0.0,TA,BrkTil,TA,TA,No,Rec,1836.0,Gd,Y,SBrkr,1836,1836,5,Gd,2,Detchd,Unf,836.0,Y,796,3.5,415000
78.0,11679,Edwards,SLvl,5,1962,Plywood,96.0,TA,CBlock,TA,TA,Gd,ALQ,1776.0,Ex,Y,SBrkr,1560,0,3,TA,1,Attchd,Fin,528.0,Y,850,2.5,182000
80.0,12048,Edwards,1Story,5,1952,Wd Sdng,232.0,TA,Slab,None,None,None,None,0.0,Gd,Y,SBrkr,1488,0,3,TA,1,Attchd,RFn,569.0,Y,573,1.0,135000
70.0,10519,Edwards,1Story,5,1955,MetalSd,164.0,TA,CBlock,TA,TA,Mn,Unf,1057.0,Gd,Y,SBrkr,1057,0,3,Gd,0,Attchd,Unf,288.0,Y,0,1.5,137000
75.0,9525,Edwards,1.5Fin,6,1954,Wd Sdng,0.0,TA,CBlock,TA,Fa,No,Rec,994.0,Gd,Y,SBrkr,1216,639,4,TA,0,Attchd,Unf,325.0,Y,182,2.0,136900
75.0,9525,Edwards,1.5Fin,6,1953,MetalSd,0.0,TA,CBlock,TA,TA,No,LwQ,1000.0,TA,Y,SBrkr,1068,541,5,TA,0,Attchd,Unf,305.0,Y,0,1.5,149900
57.0,6420,Edwards,1Story,5,1952,Wd Sdng,0.0,TA,PConc,Ex,Gd,Mn,LwQ,980.0,Fa,Y,FuseA,1148,0,2,TA,0,Detchd,Unf,308.0,Y,0,1.5,123500
77.0,8335,Edwards,1Story,5,1954,Wd Sdng,0.0,TA,Slab,None,None,None,None,0.0,Gd,Y,SBrkr,1124,0,3,TA,1,None,None,0.0,N,226,1.0,93000
50.0,7585,Edwards,1.5Fin,5,1948,MetalSd,0.0,TA,CBlock,Fa,Fa,Mn,Unf,810.0,Fa,Y,FuseA,1002,454,4,TA,1,Detchd,Unf,280.0,P,0,2.5,91500
67.0,11200,SawyerW,1Story,6,1985,Wd Sdng,85.0,Gd,CBlock,Gd,TA,No,GLQ,1298.0,TA,Y,SBrkr,1298,0,3,Gd,1,Attchd,Unf,403.0,Y,191,3.0,180000
88.0,12128,SawyerW,2Story,6,1989,HdBoard,232.0,Gd,CBlock,Gd,TA,No,ALQ,868.0,Ex,Y,SBrkr,1313,1246,4,Ex,1,Attchd,RFn,506.0,Y,413,2.5,209000
80.0,9554,SawyerW,2Story,8,1993,VinylSd,125.0,Gd,PConc,Gd,TA,No,GLQ,777.0,Ex,Y,SBrkr,1065,846,3,Gd,1,Attchd,RFn,471.0,Y,263,2.5,215000
73.0,9069,SawyerW,SFoyer,6,1993,HdBoard,0.0,Gd,PConc,Gd,TA,Av,LwQ,1344.0,Gd,Y,SBrkr,1440,0,2,Gd,0,Attchd,Unf,920.0,Y,288,4.0,224500
133.0,11003,CollgCr,2Story,7,2005,VinylSd,0.0,Gd,PConc,Gd,TA,No,Unf,1308.0,Ex,Y,SBrkr,1308,568,3,Gd,0,BuiltIn,RFn,848.0,Y,40,2.5,229800
64.0,7488,CollgCr,1Story,7,2005,VinylSd,0.0,Gd,PConc,Gd,TA,Av,GLQ,1208.0,Ex,Y,SBrkr,1208,0,2,Gd,0,Attchd,RFn,632.0,Y,163,2.0,183600
64.0,7406,CollgCr,1Story,7,2006,VinylSd,84.0,Gd,PConc,Gd,TA,Av,GLQ,1199.0,Ex,Y,SBrkr,1220,0,2,Gd,0,Attchd,RFn,632.0,Y,159,3.0,194000
64.0,6762,CollgCr,1Story,7,2006,VinylSd,0.0,Gd,PConc,Gd,Gd,Av,Unf,1286.0,Ex,Y,SBrkr,1294,0,2,Gd,1,Attchd,RFn,662.0,Y,223,2.0,193879
86.0,11210,CollgCr,1Story,7,2005,VinylSd,240.0,Gd,PConc,Gd,TA,Av,GLQ,1614.0,Ex,Y,SBrkr,1614,0,3,Gd,0,Attchd,RFn,865.0,Y,203,2.0,221500
73.0,8990,CollgCr,1Story,7,2006,VinylSd,0.0,Gd,PConc,Gd,TA,Mn,Unf,1498.0,Ex,Y,SBrkr,1498,0,2,Gd,0,Attchd,RFn,675.0,Y,384,2.0,204900
73.0,8760,CollgCr,2Story,7,2006,VinylSd,0.0,Gd,PConc,Gd,Gd,Mn,GLQ,1391.0,Ex,Y,SBrkr,1391,571,3,Gd,0,Attchd,RFn,868.0,Y,90,2.5,239799
90.0,13377,CollgCr,1Story,6,2006,VinylSd,0.0,Gd,PConc,Gd,TA,No,GLQ,1836.0,Gd,Y,SBrkr,1846,0,3,Gd,1,Attchd,RFn,495.0,Y,32,3.0,233555
78.0,11645,CollgCr,1Story,7,2005,VinylSd,0.0,Gd,PConc,Gd,TA,Av,GLQ,1734.0,Ex,Y,SBrkr,1734,0,3,Gd,0,Attchd,Fin,660.0,Y,184,3.0,260000
78.0,11645,CollgCr,1Story,8,2005,VinylSd,198.0,Gd,PConc,Ex,TA,Gd,GLQ,1570.0,Ex,Y,SBrkr,1590,0,2,Ex,0,Attchd,Fin,754.0,Y,256,3.5,294900
91.0,10984,CollgCr,2Story,7,2005,VinylSd,0.0,Gd,PConc,Gd,TA,Gd,Unf,945.0,Ex,Y,SBrkr,945,864,3,Gd,0,Attchd,RFn,638.0,Y,198,2.5,209700
78.0,9316,CollgCr,1Story,7,2005,VinylSd,140.0,Gd,PConc,Gd,TA,Gd,GLQ,1614.0,Ex,Y,SBrkr,1614,0,3,Gd,1,Attchd,Fin,576.0,Y,145,2.0,225000
78.0,9316,CollgCr,2Story,7,2005,VinylSd,532.0,Gd,PConc,Gd,TA,Av,Unf,784.0,Ex,Y,SBrkr,784,812,3,Gd,0,Attchd,RFn,610.0,Y,189,2.5,181000
80.0,10041,SawyerW,2Story,8,1992,HdBoard,0.0,Gd,PConc,Gd,TA,Mn,GLQ,908.0,Ex,Y,SBrkr,927,988,3,Gd,1,Attchd,Fin,506.0,Y,270,3.5,220000
80.5,36500,ClearCr,1Story,5,1964,Wd Sdng,621.0,TA,CBlock,TA,TA,Av,Rec,1624.0,Fa,Y,SBrkr,1582,0,4,TA,0,Attchd,Unf,390.0,N,366,2.5,190000
80.5,21453,ClearCr,SLvl,6,1969,Plywood,0.0,TA,CBlock,TA,TA,Gd,ALQ,938.0,Ex,Y,SBrkr,988,0,1,TA,2,Attchd,Unf,540.0,Y,130,2.0,180000
62.0,70761,ClearCr,1Story,7,1975,Plywood,0.0,TA,CBlock,Gd,TA,Gd,ALQ,1533.0,TA,Y,SBrkr,1533,0,2,Gd,2,Attchd,Unf,576.0,Y,254,3.0,280000
80.0,12000,ClearCr,1Story,6,1968,Plywood,0.0,TA,CBlock,Gd,Fa,No,LwQ,1388.0,Gd,Y,SBrkr,1388,0,3,TA,1,Attchd,RFn,522.0,Y,58,3.0,158900
57.0,8846,CollgCr,SFoyer,5,1996,VinylSd,0.0,Gd,PConc,Gd,TA,Av,GLQ,870.0,Ex,Y,SBrkr,914,0,2,TA,0,Detchd,Unf,576.0,Y,0,1.0,148000
95.0,13015,CollgCr,1Story,5,1996,VinylSd,0.0,TA,PConc,Gd,TA,No,Unf,1100.0,Ex,Y,SBrkr,1100,0,3,TA,0,Attchd,RFn,462.0,Y,0,1.5,145000
65.0,12438,CollgCr,2Story,6,1995,VinylSd,68.0,Gd,PConc,Gd,TA,No,Unf,781.0,Ex,Y,SBrkr,795,704,3,Gd,1,Attchd,RFn,473.0,Y,504,2.5,187000
70.0,8685,CollgCr,1Story,7,1998,VinylSd,0.0,TA,PConc,Gd,TA,Mn,GLQ,1425.0,Ex,Y,SBrkr,1425,0,3,TA,0,Attchd,RFn,591.0,Y,130,3.0,193000
43.0,13568,CollgCr,1Story,5,1995,VinylSd,0.0,TA,PConc,Gd,TA,No,ALQ,990.0,Ex,Y,SBrkr,990,0,3,TA,0,Attchd,Unf,576.0,Y,224,1.5,156000
70.0,9100,CollgCr,1Story,7,2000,VinylSd,244.0,Gd,PConc,Gd,TA,Av,GLQ,1525.0,Ex,Y,SBrkr,1525,0,3,Gd,0,Attchd,RFn,541.0,Y,255,3.0,235000
79.0,9236,CollgCr,1Story,6,1997,VinylSd,0.0,TA,PConc,Gd,TA,Gd,GLQ,1479.0,Ex,Y,SBrkr,1494,0,3,Gd,0,Attchd,RFn,576.0,Y,195,3.0,217000
78.0,10264,CollgCr,1Story,7,1999,VinylSd,183.0,Gd,PConc,Gd,TA,Av,ALQ,1588.0,Ex,Y,SBrkr,1588,0,3,Gd,0,Attchd,RFn,472.0,Y,187,2.0,214000
68.0,9272,CollgCr,2Story,7,1999,VinylSd,0.0,Gd,PConc,Gd,TA,No,GLQ,842.0,Ex,Y,SBrkr,856,893,3,Gd,0,Attchd,RFn,515.0,Y,225,2.5,196000
72.0,13426,CollgCr,2Story,7,1999,VinylSd,0.0,Gd,PConc,Gd,TA,Mn,GLQ,951.0,Ex,Y,SBrkr,951,828,3,Gd,1,Attchd,Fin,586.0,Y,315,3.5,217000
95.0,13450,CollgCr,2Story,7,2002,VinylSd,0.0,Gd,PConc,Gd,TA,No,GLQ,916.0,Ex,Y,SBrkr,920,941,3,Gd,0,BuiltIn,RFn,492.0,Y,237,3.5,200000
65.0,14006,CollgCr,2Story,7,2002,VinylSd,144.0,Gd,PConc,Gd,TA,None,Unf,936.0,Ex,Y,SBrkr,936,840,3,Gd,1,Attchd,RFn,474.0,Y,240,2.5,192500
118.0,13704,CollgCr,1Story,7,2001,VinylSd,150.0,Gd,PConc,Gd,TA,No,Unf,1541.0,Ex,Y,SBrkr,1541,0,3,Gd,1,Attchd,RFn,843.0,Y,549,2.0,205000
55.0,10780,CollgCr,SLvl,5,1976,MetalSd,0.0,TA,CBlock,TA,TA,Av,ALQ,911.0,Gd,Y,SBrkr,954,0,3,TA,0,Detchd,Unf,576.0,Y,0,1.0,132500
50.0,8340,CollgCr,2Story,6,1977,HdBoard,62.0,TA,CBlock,Gd,TA,Av,GLQ,675.0,TA,Y,SBrkr,686,702,3,TA,0,Attchd,Unf,317.0,Y,442,1.5,157500
42.0,10385,CollgCr,SLvl,6,1978,HdBoard,123.0,TA,CBlock,TA,Gd,Av,ALQ,995.0,TA,Y,SBrkr,1282,0,3,TA,0,Detchd,Unf,672.0,Y,386,2.5,174000
69.0,9920,CollgCr,1Story,5,1969,HdBoard,0.0,TA,CBlock,Gd,TA,Gd,ALQ,971.0,TA,Y,SBrkr,971,0,3,TA,1,Attchd,Unf,300.0,Y,0,1.5,128500
120.0,9560,CollgCr,1Story,5,1972,MetalSd,0.0,TA,CBlock,TA,TA,Mn,Rec,864.0,Ex,Y,SBrkr,864,0,3,TA,0,Attchd,RFn,288.0,Y,0,1.0,128500
70.0,9800,CollgCr,1Story,5,1972,VinylSd,0.0,TA,PConc,TA,TA,No,ALQ,894.0,TA,Y,SBrkr,894,0,3,TA,0,Attchd,Unf,552.0,Y,256,2.0,149900
60.0,7200,CollgCr,1Story,5,1972,VinylSd,0.0,TA,CBlock,TA,TA,No,BLQ,864.0,Ex,Y,SBrkr,864,0,3,TA,0,Detchd,Unf,297.0,Y,0,1.0,119900
70.0,3612,Landmrk,2Story,6,1993,VinylSd,0.0,TA,PConc,Gd,TA,No,GLQ,630.0,Ex,Y,SBrkr,630,690,3,TA,0,Detchd,Unf,484.0,Y,48,2.5,137000
90.0,11367,CollgCr,2Story,8,2002,VinylSd,210.0,Gd,PConc,Gd,TA,Mn,GLQ,1065.0,Ex,Y,SBrkr,1091,898,3,Gd,1,Attchd,Fin,586.0,Y,259,3.5,255000
70.0,9930,CollgCr,2Story,7,2002,VinylSd,199.0,Gd,PConc,Gd,TA,No,GLQ,826.0,Ex,Y,SBrkr,878,884,3,Gd,0,Attchd,Fin,591.0,Y,374,2.5,222000
45.0,9468,CollgCr,2Story,6,1999,VinylSd,148.0,TA,PConc,Gd,TA,Mn,GLQ,840.0,Ex,Y,SBrkr,840,915,3,TA,1,Attchd,RFn,530.0,Y,249,3.5,214000
70.0,11088,CollgCr,1Story,8,2002,Stucco,0.0,Gd,PConc,Gd,TA,No,GLQ,1348.0,Ex,Y,SBrkr,1358,0,1,Gd,1,Attchd,Unf,418.0,Y,234,2.5,220000
70.0,14781,CollgCr,1Story,8,2001,VinylSd,178.0,Gd,PConc,Gd,TA,Gd,Unf,1753.0,Ex,Y,SBrkr,1787,0,3,Gd,1,Attchd,RFn,748.0,Y,348,2.0,275000
70.0,8726,CollgCr,2Story,7,2002,VinylSd,0.0,Gd,PConc,Gd,TA,No,Unf,872.0,Ex,Y,SBrkr,872,1037,4,Gd,0,BuiltIn,RFn,529.0,Y,108,2.5,197000
70.0,8125,CollgCr,1Story,7,2002,VinylSd,295.0,Gd,PConc,Gd,TA,No,GLQ,1654.0,Ex,Y,SBrkr,1654,0,3,Gd,0,Attchd,Unf,900.0,Y,136,3.0,230000
67.0,10566,CollgCr,2Story,8,1999,VinylSd,261.0,Gd,PConc,Gd,TA,Av,GLQ,1090.0,Ex,Y,SBrkr,1090,1124,3,Gd,1,Attchd,Fin,646.0,Y,277,3.5,268500
70.0,21533,CollgCr,2Story,7,1996,VinylSd,0.0,Gd,PConc,Gd,TA,No,Unf,1065.0,Ex,Y,SBrkr,1065,984,4,Gd,1,Attchd,Unf,467.0,Y,168,2.5,210900
90.0,11250,CollgCr,2Story,7,1998,VinylSd,227.0,TA,PConc,Gd,TA,Mn,ALQ,1054.0,Ex,Y,SBrkr,1070,869,3,Gd,1,Attchd,RFn,555.0,Y,212,3.0,227000
90.0,11250,CollgCr,2Story,7,1995,VinylSd,0.0,Gd,PConc,Gd,Gd,Av,GLQ,930.0,Ex,Y,SBrkr,950,1045,4,Gd,1,Attchd,RFn,610.0,Y,445,3.5,237000
75.0,9750,CollgCr,2Story,7,1998,VinylSd,0.0,TA,PConc,Gd,TA,Av,GLQ,1108.0,Ex,Y,SBrkr,1108,989,3,Gd,1,Detchd,RFn,583.0,Y,423,3.5,274300
70.0,9100,CollgCr,1Story,7,2004,VinylSd,0.0,Gd,PConc,Gd,TA,No,GLQ,1860.0,Ex,Y,SBrkr,1836,0,3,Gd,1,Attchd,Fin,484.0,Y,153,2.0,216837
37.0,4435,CollgCr,1Story,6,2003,VinylSd,170.0,Gd,PConc,Gd,TA,Av,GLQ,848.0,Ex,Y,SBrkr,848,0,1,Gd,0,Attchd,Fin,420.0,Y,140,2.0,133000
37.0,4435,CollgCr,1Story,6,2004,VinylSd,169.0,Gd,PConc,Gd,TA,Mn,GLQ,848.0,Ex,Y,SBrkr,848,0,1,Gd,1,Attchd,RFn,420.0,Y,140,2.0,155900
120.0,15611,CollgCr,2Story,8,2006,VinylSd,0.0,Gd,PConc,Gd,TA,Av,Unf,1079.0,Ex,Y,SBrkr,1079,840,3,Gd,1,Attchd,RFn,685.0,Y,51,2.5,233230
70.0,8810,CollgCr,1Story,7,2003,VinylSd,0.0,Gd,PConc,Gd,TA,No,GLQ,1390.0,Ex,Y,SBrkr,1390,0,3,Gd,0,Attchd,RFn,545.0,Y,68,3.0,207000
41.0,12393,CollgCr,2Story,7,2004,VinylSd,0.0,Gd,PConc,Gd,TA,No,Unf,847.0,Ex,Y,SBrkr,847,1101,4,Gd,1,BuiltIn,Fin,434.0,Y,148,2.5,195000
70.0,9135,CollgCr,1Story,6,2003,VinylSd,120.0,Gd,PConc,Gd,TA,Av,GLQ,1682.0,Ex,Y,SBrkr,1700,0,3,Gd,0,Attchd,RFn,544.0,Y,215,3.0,200000
74.0,8581,CollgCr,2Story,7,2006,VinylSd,0.0,Gd,PConc,Gd,Gd,Mn,Unf,851.0,Ex,Y,SBrkr,851,886,3,Gd,0,Attchd,RFn,578.0,Y,105,2.5,203160
70.0,8400,CollgCr,2Story,7,2005,VinylSd,0.0,Gd,PConc,Gd,TA,Av,Unf,784.0,Ex,Y,SBrkr,784,827,3,Gd,0,Attchd,RFn,572.0,Y,180,2.5,195800
84.0,10084,CollgCr,1Story,7,2005,VinylSd,196.0,Gd,PConc,Gd,TA,Av,GLQ,1552.0,Ex,Y,SBrkr,1552,0,3,Gd,0,Attchd,RFn,782.0,Y,164,2.0,212900
89.0,11645,CollgCr,2Story,7,2004,VinylSd,0.0,Gd,PConc,Gd,TA,No,Unf,860.0,Ex,Y,SBrkr,860,860,3,Gd,0,Attchd,RFn,565.0,Y,70,2.5,196500
65.0,8772,CollgCr,1Story,7,2005,VinylSd,0.0,Gd,PConc,Gd,TA,Mn,GLQ,1336.0,Ex,Y,SBrkr,1336,0,3,Gd,0,Attchd,Unf,502.0,Y,179,3.0,198000
68.0,8846,CollgCr,2Story,6,2005,VinylSd,0.0,TA,PConc,Gd,TA,No,Unf,750.0,Ex,Y,SBrkr,750,750,3,Gd,0,Attchd,RFn,564.0,Y,35,2.5,173900
65.0,8461,CollgCr,2Story,6,2005,VinylSd,0.0,Gd,PConc,Gd,TA,No,Unf,728.0,Ex,Y,SBrkr,728,728,3,Gd,1,Attchd,Fin,390.0,Y,24,2.5,163990
65.0,8767,CollgCr,1Story,7,2005,VinylSd,0.0,Gd,PConc,Gd,TA,Av,GLQ,1310.0,Ex,Y,SBrkr,1310,0,3,Gd,1,Attchd,Fin,400.0,Y,0,2.0,164990
67.0,8777,Edwards,2Story,4,1910,Plywood,0.0,TA,CBlock,Gd,TA,No,Rec,676.0,Gd,Y,SBrkr,760,676,3,TA,0,Attchd,Unf,528.0,Y,147,3.0,98000
134.0,17755,Edwards,1Story,5,1959,HdBoard,132.0,TA,CBlock,TA,TA,No,BLQ,1466.0,TA,Y,SBrkr,1466,0,3,Fa,2,Attchd,Fin,528.0,Y,240,1.5,149900
67.0,8877,Edwards,1Story,4,1951,Wd Sdng,0.0,TA,CBlock,Fa,Fa,No,LwQ,836.0,TA,Y,FuseF,1220,0,2,TA,0,Detchd,Unf,396.0,Y,0,1.0,102000
38.0,7840,Edwards,SFoyer,6,1975,Plywood,355.0,TA,CBlock,Gd,TA,Gd,GLQ,976.0,TA,Y,SBrkr,1012,0,4,TA,0,None,None,0.0,Y,0,3.0,127500
35.0,9400,Edwards,SFoyer,6,1975,WdShing,250.0,TA,CBlock,Gd,Gd,Gd,GLQ,945.0,TA,Y,SBrkr,980,0,4,TA,0,None,None,0.0,Y,0,3.0,127500
73.0,16133,Edwards,1Story,5,1969,HdBoard,0.0,TA,CBlock,Gd,TA,Mn,ALQ,1176.0,TA,Y,SBrkr,1176,0,2,TA,0,Attchd,Unf,360.0,Y,204,2.0,119900
62.0,7162,Edwards,2Story,7,2003,HdBoard,190.0,Gd,PConc,Gd,TA,No,Unf,796.0,Ex,Y,SBrkr,806,918,3,Gd,1,BuiltIn,Fin,616.0,Y,225,2.5,196500
75.0,8050,Edwards,1Story,6,2002,VinylSd,0.0,TA,PConc,Gd,TA,Av,GLQ,914.0,Ex,Y,SBrkr,914,0,2,Gd,0,None,None,0.0,N,32,2.0,117250
90.0,11060,Edwards,2Story,7,2003,VinylSd,0.0,Gd,PConc,Ex,TA,No,Unf,1150.0,Ex,Y,SBrkr,1164,1150,3,Gd,1,BuiltIn,Fin,502.0,Y,274,2.5,229000
35.0,3675,Edwards,SLvl,5,2005,VinylSd,80.0,TA,PConc,Gd,TA,Gd,GLQ,547.0,Gd,Y,SBrkr,1072,0,2,TA,0,Basment,Fin,525.0,Y,28,2.0,145000
35.0,3675,Edwards,SFoyer,6,2005,VinylSd,82.0,TA,PConc,Gd,TA,Gd,GLQ,547.0,Gd,Y,SBrkr,1072,0,2,TA,0,Basment,Fin,525.0,Y,44,3.0,140000
35.0,3675,Edwards,SFoyer,6,2005,VinylSd,82.0,TA,PConc,Gd,TA,Gd,GLQ,547.0,Gd,Y,SBrkr,1072,0,2,TA,0,Basment,Fin,525.0,Y,44,2.0,142500
24.0,2522,Edwards,2Story,7,2004,VinylSd,50.0,Gd,PConc,Gd,TA,No,Unf,970.0,Ex,Y,SBrkr,970,739,3,Gd,0,Detchd,Unf,380.0,Y,40,2.0,134000
24.0,2522,Edwards,2Story,7,2004,VinylSd,50.0,Gd,PConc,Gd,TA,No,Unf,970.0,Ex,Y,SBrkr,970,739,3,Gd,0,Detchd,Unf,380.0,Y,40,2.0,130000
24.0,2522,Edwards,2Story,6,2004,VinylSd,50.0,Gd,PConc,Gd,TA,No,Unf,970.0,Ex,Y,SBrkr,970,739,3,Gd,0,Detchd,Unf,380.0,Y,40,2.0,130000
24.0,2522,Edwards,2Story,7,2004,VinylSd,50.0,Gd,PConc,Gd,TA,No,Unf,970.0,Ex,Y,SBrkr,970,739,3,Gd,0,Detchd,Unf,380.0,Y,40,2.0,137500
32.0,3363,Edwards,2Story,7,2004,VinylSd,117.0,Gd,PConc,Gd,TA,No,Unf,976.0,Ex,Y,SBrkr,976,732,3,Gd,0,Detchd,Unf,380.0,Y,40,2.0,130000
56.0,6956,Edwards,1.5Fin,4,1948,VinylSd,0.0,TA,CBlock,Fa,TA,Mn,Unf,624.0,Ex,Y,SBrkr,624,312,3,TA,0,Attchd,Unf,265.0,Y,0,1.0,97900
72.0,7822,Edwards,1.5Fin,6,1915,AsbShng,0.0,TA,BrkTil,Fa,Fa,No,Unf,832.0,TA,Y,FuseF,846,492,3,TA,0,Detchd,Unf,528.0,N,208,2.0,92000
62.0,8707,Edwards,1.5Fin,4,1924,Wd Sdng,0.0,TA,BrkTil,TA,TA,No,Unf,1093.0,TA,N,FuseF,1093,576,4,TA,0,Attchd,Unf,288.0,Y,56,1.5,107000
58.0,8410,Edwards,1.5Fin,5,1910,Wd Sdng,0.0,TA,PConc,TA,TA,No,Unf,658.0,TA,Y,SBrkr,658,526,5,TA,0,None,None,0.0,N,151,1.0,81000
60.0,9738,Edwards,1.5Fin,5,1924,AsbShng,0.0,TA,BrkTil,TA,TA,No,BLQ,784.0,Gd,Y,SBrkr,949,272,4,TA,0,Attchd,Unf,392.0,Y,236,2.0,104900
60.0,8172,Edwards,1Story,5,1955,WdShing,0.0,TA,CBlock,TA,TA,No,Rec,864.0,TA,Y,SBrkr,864,0,2,TA,0,Detchd,Unf,572.0,N,0,2.0,115000
60.0,16012,Edwards,1Story,4,1954,Wd Sdng,60.0,TA,CBlock,TA,TA,No,Rec,954.0,Ex,Y,SBrkr,1482,0,3,TA,1,2Types,Unf,609.0,Y,30,2.5,125000
45.0,8248,Edwards,1.5Fin,5,1918,Stucco,0.0,TA,BrkTil,TA,TA,No,Unf,686.0,Gd,Y,SBrkr,686,564,3,Fa,0,Detchd,Unf,280.0,P,303,2.0,116000
45.0,8248,Edwards,1.5Fin,4,1922,Wd Sdng,0.0,TA,BrkTil,TA,TA,No,Unf,864.0,TA,N,SBrkr,964,0,3,TA,1,None,None,0.0,N,112,1.0,83000
60.0,6204,SWISU,2.5Fin,4,1912,Wd Sdng,0.0,Gd,PConc,TA,Fa,No,Unf,795.0,TA,N,SBrkr,954,795,5,TA,0,Detchd,Unf,440.0,Y,188,2.0,118500
60.0,8088,Edwards,1Story,2,1922,MetalSd,0.0,TA,BrkTil,TA,TA,No,Unf,498.0,TA,N,FuseF,498,0,1,TA,0,Detchd,Unf,216.0,N,100,1.0,35000
76.0,11388,Edwards,1.5Fin,4,1910,VinylSd,0.0,TA,BrkTil,TA,TA,No,Unf,616.0,TA,N,SBrkr,1055,218,3,Gd,0,Detchd,Unf,275.0,N,212,1.0,121000
60.0,7082,SWISU,2Story,5,1916,VinylSd,0.0,TA,PConc,TA,TA,Mn,Unf,686.0,Gd,Y,SBrkr,948,980,5,TA,0,None,None,0.0,N,228,2.0,160000
60.0,8400,SWISU,1.5Fin,6,1940,Wd Sdng,0.0,TA,CBlock,TA,TA,No,LwQ,940.0,Ex,Y,SBrkr,1192,403,2,TA,2,Attchd,Unf,240.0,Y,108,1.0,140000
60.0,10890,SWISU,1.5Fin,5,1938,MetalSd,0.0,TA,BrkTil,Fa,TA,No,LwQ,1058.0,TA,Y,SBrkr,1058,493,3,Fa,0,Detchd,Unf,240.0,Y,0,3.0,137000
58.0,6430,SWISU,1.5Fin,6,1945,Wd Sdng,0.0,TA,CBlock,TA,TA,Av,BLQ,780.0,TA,N,FuseF,816,524,3,TA,0,Attchd,Unf,440.0,Y,0,2.0,128000
43.0,7000,SWISU,2Story,7,1926,Wd Sdng,0.0,TA,BrkTil,TA,TA,No,ALQ,624.0,Ex,Y,SBrkr,743,736,3,Gd,2,Detchd,Unf,312.0,Y,586,2.0,160000
96.0,13132,Crawfor,2Story,5,1914,Wd Sdng,0.0,TA,BrkTil,Gd,TA,Mn,Unf,747.0,Gd,Y,FuseF,892,892,4,TA,0,Detchd,Unf,180.0,N,243,1.5,138887
69.0,4899,SWISU,2Story,6,1920,MetalSd,0.0,TA,PConc,TA,TA,No,BLQ,755.0,Ex,Y,SBrkr,755,755,3,TA,0,Detchd,Unf,216.0,Y,164,1.0,149000
60.0,6000,SWISU,1.5Fin,5,1926,Wd Sdng,0.0,TA,BrkTil,TA,TA,No,Unf,1008.0,Ex,Y,SBrkr,1008,0,4,TA,0,None,None,0.0,P,138,2.0,102000
54.0,9399,Crawfor,2.5Unf,7,1919,MetalSd,0.0,TA,BrkTil,TA,TA,Mn,Unf,818.0,TA,Y,SBrkr,818,818,4,Gd,1,Detchd,Unf,288.0,N,212,1.5,167000
54.0,7588,Crawfor,2Story,7,1920,Stucco,0.0,TA,BrkTil,Fa,TA,No,LwQ,793.0,Gd,Y,SBrkr,901,901,4,TA,1,Detchd,Unf,216.0,Y,40,1.5,200100
84.0,10164,SWISU,1.5Fin,5,1939,VinylSd,0.0,TA,CBlock,TA,Fa,Av,LwQ,992.0,Fa,Y,SBrkr,992,473,3,TA,2,Detchd,Unf,240.0,Y,126,2.0,131000
51.0,6191,SWISU,1.5Fin,5,1941,Wd Sdng,0.0,TA,CBlock,Fa,Fa,No,LwQ,824.0,TA,N,SBrkr,824,464,4,TA,0,Detchd,Unf,240.0,Y,0,1.0,112000
60.0,9550,Crawfor,2Story,7,1915,Wd Sdng,0.0,TA,BrkTil,TA,Gd,No,ALQ,756.0,Gd,Y,SBrkr,961,756,3,Gd,1,Detchd,Unf,642.0,Y,307,2.0,140000
66.0,21780,Crawfor,2Story,6,1920,Wd Sdng,0.0,TA,PConc,TA,Fa,No,Unf,817.0,Gd,Y,FuseF,940,610,3,TA,1,Detchd,Unf,318.0,P,429,1.5,195000
70.0,11435,Crawfor,2Story,8,1929,BrkFace,0.0,TA,PConc,Gd,TA,No,Unf,792.0,Fa,Y,SBrkr,792,725,3,Gd,2,Detchd,Unf,400.0,Y,0,1.0,230000
80.0,12400,Crawfor,1.5Fin,5,1940,Wd Sdng,0.0,TA,CBlock,Gd,TA,Mn,BLQ,901.0,TA,Y,SBrkr,1125,592,2,TA,1,Attchd,Unf,410.0,Y,113,1.5,194000
80.0,11600,Crawfor,1Story,4,1922,MetalSd,0.0,TA,BrkTil,Fa,TA,No,Unf,700.0,Ex,Y,SBrkr,1180,0,2,Fa,1,Detchd,Unf,252.0,Y,67,1.0,137500
86.0,11500,Crawfor,1.5Fin,7,1936,BrkFace,0.0,Gd,CBlock,Gd,TA,No,Rec,1017.0,Gd,Y,SBrkr,1020,1037,3,Gd,1,Attchd,Fin,180.0,Y,322,1.5,250000
81.0,8170,Crawfor,1.5Fin,7,1929,Stucco,270.0,Gd,BrkTil,TA,TA,No,ALQ,1022.0,Ex,Y,FuseA,1122,549,4,TA,1,Detchd,Unf,451.0,Y,0,2.0,218000
80.0,16560,Crawfor,2Story,6,1932,Wd Sdng,0.0,TA,BrkTil,Gd,TA,No,Rec,952.0,TA,Y,SBrkr,1170,1175,4,TA,1,Detchd,Unf,360.0,Y,0,2.5,239000
70.0,12320,Crawfor,2Story,7,1932,Wd Sdng,0.0,TA,BrkTil,TA,TA,No,Unf,637.0,Ex,Y,SBrkr,959,650,3,Gd,2,2Types,Unf,579.0,Y,104,1.5,199500
70.0,14210,Crawfor,2Story,6,1930,Wd Sdng,0.0,TA,PConc,TA,TA,No,Unf,697.0,Ex,Y,SBrkr,1104,697,3,TA,1,Attchd,Unf,365.0,Y,90,1.5,210000
90.0,14115,Crawfor,1Story,6,1956,Stone,0.0,TA,PConc,TA,TA,No,ALQ,1073.0,Ex,Y,SBrkr,1811,0,2,Ex,1,Attchd,Fin,470.0,Y,280,1.0,230000
80.0,12984,Crawfor,1Story,5,1977,Plywood,459.0,TA,CBlock,Gd,TA,Mn,ALQ,1430.0,Ex,Y,SBrkr,1647,0,3,Gd,1,Attchd,Fin,621.0,Y,0,3.0,217500
78.0,15600,Crawfor,2Story,5,1950,Wd Sdng,405.0,TA,CBlock,Gd,TA,No,GLQ,1168.0,Gd,Y,SBrkr,1278,1037,4,TA,3,Attchd,Fin,342.0,Y,192,3.0,257000
90.0,15750,Crawfor,1Story,5,1953,MetalSd,56.0,TA,CBlock,TA,TA,Mn,BLQ,1165.0,TA,Y,SBrkr,1336,0,2,TA,2,Attchd,Unf,375.0,Y,0,2.0,157000
70.0,16381,Crawfor,1Story,6,1969,Plywood,312.0,Gd,CBlock,TA,TA,Av,Rec,1844.0,Gd,Y,SBrkr,1844,0,3,Gd,1,Attchd,RFn,540.0,Y,289,3.0,223000
50.0,7288,IDOTRR,1Story,5,1942,MetalSd,0.0,TA,CBlock,TA,TA,Mn,Rec,976.0,TA,N,SBrkr,976,0,2,TA,0,Detchd,Unf,215.0,N,160,2.0,102000
50.0,7000,IDOTRR,1.5Fin,6,1926,MetalSd,0.0,TA,PConc,TA,TA,No,ALQ,861.0,Ex,Y,SBrkr,861,424,3,TA,0,Detchd,Fin,506.0,Y,228,1.5,145400
61.0,8534,IDOTRR,1Story,4,1925,Wd Sdng,0.0,TA,BrkTil,Fa,TA,No,Unf,432.0,TA,N,FuseA,672,0,2,TA,0,None,None,0.0,N,112,1.0,72000
50.0,7030,IDOTRR,1Story,4,1925,MetalSd,0.0,TA,BrkTil,TA,TA,No,Unf,641.0,Gd,Y,SBrkr,641,0,2,Fa,0,Detchd,Unf,272.0,N,254,1.0,85000
50.0,8765,IDOTRR,1Story,4,1936,Wd Sdng,0.0,TA,BrkTil,TA,TA,No,ALQ,951.0,Ex,N,SBrkr,951,0,2,TA,0,Detchd,Unf,327.0,Y,28,1.0,106500
75.0,9060,IDOTRR,1.5Fin,6,1957,MetalSd,327.0,TA,CBlock,TA,TA,No,Unf,967.0,Gd,Y,SBrkr,967,671,4,Gd,0,Detchd,Unf,384.0,Y,21,2.0,139000
60.0,11040,IDOTRR,1.5Fin,4,1920,MetalSd,0.0,TA,CBlock,TA,TA,No,Rec,637.0,Gd,Y,SBrkr,897,439,3,TA,0,CarPort,Unf,570.0,Y,167,1.5,108000
69.0,12366,IDOTRR,1Story,3,1945,Wd Sdng,0.0,TA,Slab,None,None,None,None,0.0,TA,N,SBrkr,729,0,2,TA,0,None,None,0.0,N,23,1.0,51689
50.0,9000,IDOTRR,1Story,2,1949,AsbShng,0.0,TA,CBlock,TA,TA,Av,BLQ,480.0,TA,N,FuseA,480,0,1,TA,0,Detchd,Unf,308.0,Y,0,1.0,35311
50.0,9000,IDOTRR,1.5Fin,5,1951,WdShing,0.0,Fa,CBlock,TA,TA,Mn,Unf,660.0,TA,N,SBrkr,1060,336,4,TA,0,None,None,0.0,Y,0,2.0,115000
60.0,8520,IDOTRR,1.5Fin,3,1916,MetalSd,0.0,TA,PConc,Fa,Fa,No,Unf,216.0,Fa,N,SBrkr,576,360,2,TA,0,None,None,0.0,N,0,1.0,78000
41.0,5748,Crawfor,1Story,8,2005,CemntBd,473.0,Gd,PConc,Ex,TA,Gd,GLQ,1573.0,Ex,Y,SBrkr,1778,0,2,Ex,1,Attchd,Fin,495.0,Y,329,4.0,375000
44.0,3842,Crawfor,1Story,8,2004,CemntBd,186.0,Gd,PConc,Ex,TA,Gd,GLQ,1594.0,Ex,Y,SBrkr,1646,0,2,Gd,1,Attchd,Fin,525.0,Y,336,3.5,300000
69.0,23580,Mitchel,1Story,6,1979,Plywood,0.0,TA,CBlock,Gd,TA,Gd,GLQ,1625.0,TA,Y,SBrkr,1625,0,3,Fa,1,Attchd,Fin,576.0,Y,164,2.5,242500
65.0,8385,Mitchel,1Story,6,1978,Plywood,0.0,TA,CBlock,TA,TA,Mn,Unf,1664.0,TA,Y,SBrkr,1664,0,4,TA,0,2Types,Unf,616.0,Y,0,2.0,145000
70.0,9116,Mitchel,1Story,8,2001,VinylSd,0.0,Gd,PConc,Ex,TA,No,Unf,1491.0,Ex,Y,SBrkr,1491,0,3,Gd,0,Attchd,RFn,490.0,Y,220,2.0,209000
78.0,10530,Mitchel,SFoyer,6,1977,Plywood,90.0,TA,CBlock,Gd,TA,Gd,GLQ,975.0,TA,Y,SBrkr,1004,0,2,TA,0,Attchd,Unf,504.0,Y,0,2.0,135000
140.0,11080,Mitchel,SLvl,6,1975,Plywood,257.0,TA,CBlock,TA,TA,Av,GLQ,1128.0,TA,Y,SBrkr,1210,0,3,TA,0,Attchd,Unf,528.0,Y,0,3.0,148000
82.0,11070,Mitchel,1Story,7,1988,VinylSd,70.0,TA,CBlock,TA,TA,No,Unf,1907.0,Gd,Y,SBrkr,1959,0,5,TA,0,2Types,Unf,766.0,Y,0,3.0,171000
42.0,26178,Timber,2Story,7,1989,MetalSd,293.0,Gd,PConc,Gd,TA,Gd,GLQ,1210.0,Ex,Y,SBrkr,1238,1281,4,Gd,2,Attchd,RFn,628.0,Y,347,3.5,335000
70.0,8239,GrnHill,1Story,7,1986,BrkFace,0.0,Gd,CBlock,None,None,None,None,0.0,Gd,Y,SBrkr,1295,0,2,Gd,0,Attchd,RFn,312.0,Y,0,2.0,230000
82.0,50102,Timber,1Story,6,1958,Plywood,0.0,TA,CBlock,Gd,TA,Gd,BLQ,1632.0,TA,Y,SBrkr,1650,0,2,TA,2,Attchd,Unf,518.0,Y,138,2.0,250764
82.0,16669,Timber,1Story,8,1981,Plywood,653.0,Gd,CBlock,Gd,TA,No,Unf,1686.0,TA,Y,SBrkr,1707,0,2,TA,1,Attchd,RFn,511.0,Y,638,2.5,228000
54.0,13811,Timber,1Story,6,1987,HdBoard,72.0,TA,CBlock,Gd,Gd,No,GLQ,1112.0,Gd,Y,SBrkr,1137,0,2,Gd,1,Attchd,Unf,551.0,Y,125,3.0,176000
50.0,8049,Timber,1Story,7,1990,HdBoard,54.0,TA,CBlock,Gd,TA,No,ALQ,1309.0,TA,Y,SBrkr,1339,0,2,TA,1,Attchd,Fin,484.0,Y,148,3.0,180000
82.0,11170,Timber,2Story,7,1990,MetalSd,0.0,TA,Wood,Gd,TA,No,LwQ,1216.0,Ex,Y,SBrkr,1298,1216,4,TA,0,Attchd,Fin,693.0,Y,0,2.5,250000
82.0,8098,Timber,1Story,6,2000,VinylSd,0.0,Gd,Wood,Gd,TA,Av,GLQ,1381.0,Ex,Y,SBrkr,1403,0,2,Gd,0,Attchd,Unf,470.0,Y,173,3.0,202000
85.0,14331,Timber,1Story,8,2002,VinylSd,630.0,Gd,PConc,Ex,TA,Gd,GLQ,1800.0,Ex,Y,SBrkr,1800,0,3,Gd,1,Attchd,Fin,765.0,Y,348,3.0,312500
95.0,13618,Timber,1Story,8,2005,VinylSd,198.0,Gd,PConc,Ex,Gd,Av,GLQ,1728.0,Ex,Y,SBrkr,1960,0,3,Gd,2,Attchd,Fin,714.0,Y,210,3.0,320000
88.0,11443,Timber,1Story,8,2005,VinylSd,208.0,Gd,PConc,Ex,TA,Gd,GLQ,1868.0,Ex,Y,SBrkr,2028,0,2,Gd,2,Attchd,RFn,880.0,Y,392,3.0,369900
88.0,11577,Timber,1Story,9,2005,VinylSd,382.0,Ex,PConc,Gd,TA,Gd,GLQ,1838.0,Ex,Y,SBrkr,1838,0,3,Ex,1,Attchd,Fin,682.0,Y,386,3.0,359900
125.0,31250,Mitchel,1Story,1,1951,CBlock,0.0,TA,CBlock,None,None,None,None,0.0,TA,Y,FuseA,1600,0,3,TA,0,Attchd,Unf,270.0,N,135,1.5,81500
78.0,7020,Mitchel,SFoyer,7,1997,MetalSd,200.0,TA,PConc,Gd,TA,Gd,GLQ,1288.0,Gd,Y,SBrkr,1368,0,2,TA,0,Attchd,Fin,784.0,Y,48,4.0,215000
32.0,4500,Mitchel,1Story,6,1998,VinylSd,116.0,TA,PConc,Ex,TA,No,GLQ,1216.0,Ex,Y,SBrkr,1216,0,2,TA,0,Attchd,Unf,402.0,Y,125,3.0,164000
32.0,4500,Mitchel,1Story,6,1998,VinylSd,443.0,TA,PConc,Ex,Gd,No,GLQ,1237.0,Ex,Y,SBrkr,1337,0,2,TA,0,Attchd,Fin,405.0,Y,199,3.0,153500
90.0,17217,Mitchel,1Story,5,2006,VinylSd,0.0,TA,PConc,Gd,TA,No,Unf,1140.0,Ex,Y,SBrkr,1140,0,3,TA,0,None,None,0.0,Y,92,1.0,84500
41.0,2665,MeadowV,2Story,5,1977,CemntBd,0.0,TA,PConc,Gd,TA,Mn,Unf,264.0,TA,Y,SBrkr,616,688,3,TA,1,BuiltIn,RFn,336.0,Y,141,1.5,104500
41.0,2665,MeadowV,2Story,5,1977,CemntBd,0.0,TA,PConc,TA,TA,No,ALQ,757.0,Ex,Y,SBrkr,925,550,4,TA,1,Attchd,RFn,336.0,Y,130,2.0,127000
42.0,3964,MeadowV,2Story,6,1973,CemntBd,0.0,TA,CBlock,Gd,TA,No,ALQ,942.0,Gd,Y,SBrkr,1291,1230,5,TA,1,Attchd,Fin,576.0,Y,748,3.5,151400
58.0,10172,Mitchel,1Story,5,1968,Plywood,0.0,TA,CBlock,TA,TA,No,ALQ,864.0,Ex,Y,SBrkr,874,0,3,TA,0,Attchd,RFn,288.0,Y,120,2.0,126500
74.0,11836,Mitchel,1Story,5,1970,Plywood,0.0,TA,CBlock,TA,TA,No,BLQ,1652.0,TA,Y,SBrkr,1652,0,4,TA,0,2Types,Unf,928.0,Y,0,2.0,146500
21.0,1470,MeadowV,SFoyer,4,1970,CemntBd,0.0,TA,CBlock,Gd,TA,Av,GLQ,630.0,TA,Y,SBrkr,630,0,1,TA,0,None,None,0.0,Y,0,2.0,73000
21.0,1484,MeadowV,2Story,4,1972,CemntBd,0.0,TA,CBlock,TA,TA,No,Rec,546.0,TA,Y,SBrkr,546,546,3,TA,0,Attchd,Unf,253.0,Y,0,1.5,79400
80.0,13384,Mitchel,1Story,5,1969,Plywood,194.0,TA,PConc,TA,TA,Av,Rec,1104.0,Fa,Y,SBrkr,1360,0,3,TA,1,Attchd,RFn,336.0,Y,160,2.0,140000
21.0,1533,MeadowV,SFoyer,5,1970,CemntBd,0.0,TA,CBlock,Gd,TA,Av,GLQ,630.0,Ex,Y,SBrkr,630,0,1,Ex,0,None,None,0.0,Y,0,2.0,92000
21.0,1533,MeadowV,2Story,4,1970,CemntBd,0.0,TA,CBlock,TA,TA,No,Rec,546.0,TA,Y,SBrkr,546,546,3,TA,0,CarPort,Unf,286.0,Y,0,1.5,87550
21.0,1526,MeadowV,2Story,4,1970,CemntBd,0.0,TA,CBlock,TA,TA,No,Unf,546.0,TA,Y,SBrkr,546,546,3,TA,0,None,None,0.0,Y,34,1.5,79500
21.0,1936,MeadowV,2Story,4,1970,CemntBd,0.0,TA,CBlock,TA,TA,No,Unf,546.0,Gd,Y,SBrkr,546,546,3,TA,0,None,None,0.0,Y,0,1.5,90500
21.0,1894,MeadowV,2Story,4,1970,CemntBd,0.0,TA,CBlock,TA,TA,No,Rec,546.0,TA,Y,SBrkr,546,546,3,TA,0,CarPort,Unf,286.0,Y,24,1.5,71000
55.0,12640,Mitchel,1Story,6,1976,Plywood,0.0,TA,CBlock,TA,TA,Gd,Rec,1728.0,TA,Y,SBrkr,1728,0,4,TA,0,Attchd,Unf,574.0,Y,40,2.0,150900
63.0,9297,Mitchel,1Story,5,1976,Plywood,0.0,TA,CBlock,TA,TA,No,ALQ,1728.0,TA,Y,SBrkr,1728,0,4,TA,0,Detchd,Unf,560.0,Y,0,4.0,188000
80.0,17400,Mitchel,1Story,5,1977,BrkFace,0.0,TA,CBlock,TA,TA,No,ALQ,1126.0,Fa,Y,SBrkr,1126,0,3,TA,1,Attchd,RFn,484.0,P,336,3.0,160000
160.0,20000,Mitchel,1Story,5,1960,VinylSd,0.0,TA,CBlock,TA,TA,No,ALQ,1224.0,Ex,Y,SBrkr,1224,0,4,TA,1,Detchd,Unf,576.0,Y,474,2.0,131000
37.0,7937,Mitchel,SLvl,6,1984,HdBoard,0.0,TA,CBlock,TA,TA,Av,GLQ,1003.0,TA,Y,SBrkr,1003,0,3,TA,0,Detchd,Unf,588.0,Y,120,2.0,142500
74.0,8885,Mitchel,1Story,5,1983,HdBoard,0.0,TA,CBlock,Gd,TA,Av,BLQ,864.0,TA,Y,SBrkr,902,0,2,TA,0,Attchd,Unf,484.0,Y,164,2.0,131000
62.0,10441,Mitchel,SFoyer,5,1992,HdBoard,0.0,TA,PConc,Gd,TA,Av,GLQ,912.0,TA,Y,SBrkr,970,0,3,TA,0,None,None,0.0,Y,112,1.5,132000
77.0,10010,Mitchel,1Story,5,1974,HdBoard,0.0,TA,CBlock,Gd,TA,Av,ALQ,1389.0,Gd,Y,SBrkr,1389,0,2,TA,1,Attchd,RFn,418.0,Y,278,2.0,170000
74.0,9627,Mitchel,2Story,7,1993,HdBoard,94.0,TA,PConc,Gd,TA,Av,LwQ,996.0,Ex,Y,SBrkr,996,1004,3,TA,1,Attchd,Fin,650.0,Y,238,2.5,188000
